ticker,date,adj_close,adj_low
BHC,2015-08-24,220.25,200.02
BHC,2015-08-25,220.08,218.96001
BHC,2015-08-26,227.24001,217.77
BHC,2015-08-27,234.89999,228.39999
BHC,2015-08-28,236.12,232.03999
BHC,2015-08-31,230.60001,228.59
BHC,2015-09-01,224.05,222.34
BHC,2015-09-02,232.17999,222.42999
BHC,2015-09-03,228.47,226.57001
BHC,2015-09-04,229.53,224.58
BHC,2015-09-08,233.8,228.56
BHC,2015-09-09,227.85001,227.34
BHC,2015-09-10,228.78999,226.55
BHC,2015-09-11,225.64,223.91
BHC,2015-09-14,222.92,220.42
BHC,2015-09-15,228.22,222.03
BHC,2015-09-16,233.21001,227.61
BHC,2015-09-17,241.00999,231.5
BHC,2015-09-18,242.14,237.19
BHC,2015-09-21,229,220.86
BHC,2015-09-22,216.75999,214
BHC,2015-09-23,217.21001,216.10001
BHC,2015-09-24,209.5,205.38
BHC,2015-09-25,199.47,189
BHC,2015-09-28,166.5,159.44
BHC,2015-09-29,158.08,152.94
BHC,2015-09-30,178.38,160.50999
BHC,2015-10-01,179.60001,171.71001
BHC,2015-10-02,182.32001,164.27
BHC,2015-10-05,163.46001,161.17
BHC,2015-10-06,166,157.02
BHC,2015-10-07,169.83,163.39
BHC,2015-10-08,171.17,165.13
BHC,2015-10-09,175.94,168.55
BHC,2015-10-12,173.85001,171.22
BHC,2015-10-13,166.5,166.19
BHC,2015-10-14,177.28999,171.28
BHC,2015-10-15,168.87,155.23
BHC,2015-10-16,177.56,170.85001
BHC,2015-10-19,163.83,159.24001
BHC,2015-10-20,146.74001,145.35001
BHC,2015-10-21,118.61,88.5
BHC,2015-10-22,109.87,94.260002
BHC,2015-10-23,116.16,111.64
BHC,2015-10-26,110.04,106.03
BHC,2015-10-27,109.54,108.74
BHC,2015-10-28,117,108.2
BHC,2015-10-29,111.5,104
BHC,2015-10-30,93.769997,90.459999
BHC,2015-11-02,100.47,94.5
BHC,2015-11-03,97.860001,96.5
BHC,2015-11-04,91.980003,91.260002
BHC,2015-11-05,78.769997,73.32
BHC,2015-11-06,81.769997,77.510002
BHC,2015-11-09,85.410004,80.620003
BHC,2015-11-10,83.68,79.010002
BHC,2015-11-11,78.900002,78.599998
BHC,2015-11-12,73.769997,73.690002
BHC,2015-11-13,75.410004,72.089996
BHC,2015-11-16,73.32,72.25
BHC,2015-11-17,70.32,69.949997
BHC,2015-11-18,72.599998,69.330002
BHC,2015-11-19,84,72.379997
BHC,2015-11-20,91,83.559998
BHC,2015-11-23,87.410004,87.110001
BHC,2015-11-24,87.449997,85.199997
BHC,2015-11-25,87.019997,83.019997
BHC,2015-11-27,87.089996,86.190002
BHC,2015-11-30,89.959999,86.07
BHC,2015-12-01,98.779999,90.519997
BHC,2015-12-02,96.230003,95.5
BHC,2015-12-03,93.660004,92.010002
BHC,2015-12-04,95.309998,93.370003
BHC,2015-12-07,92.239998,91.150002
BHC,2015-12-08,93.860001,89.040001
BHC,2015-12-09,94.400002,91.809998
BHC,2015-12-10,97.190002,93.260002
BHC,2015-12-11,93.059998,92.199997
BHC,2015-12-14,94.139999,92.559998
BHC,2015-12-15,109.59,104.26
BHC,2015-12-16,118.47,111.65
BHC,2015-12-17,111.38,111.37
BHC,2015-12-18,108.52,105.26
BHC,2015-12-21,108.76,107.29
BHC,2015-12-22,113.12,108.52
BHC,2015-12-23,114.94,113.34
BHC,2015-12-24,114.11,113.96
BHC,2015-12-28,102.14,101.67
BHC,2015-12-29,101.39,99.949997
BHC,2015-12-30,102.33,99.669998
BHC,2015-12-31,101.65,100.62
BHC,2016-01-04,98.5,95.800003
BHC,2016-01-05,100.86,98.760002
BHC,2016-01-06,102.4,97.400002
BHC,2016-01-07,97.389999,95.93
BHC,2016-01-08,91.059998,90.550003
BHC,2016-01-11,85.449997,82.830002
BHC,2016-01-12,87.910004,84.75
BHC,2016-01-13,85.540001,84.620003
BHC,2016-01-14,89.769997,82.099998
BHC,2016-01-15,88.699997,84.760002
BHC,2016-01-19,88.980003,86.419998
BHC,2016-01-20,89.349998,83.849998
BHC,2016-01-21,90.269997,88.309998
BHC,2016-01-22,88.599998,87.839996
BHC,2016-01-25,92.629997,87.550003
BHC,2016-01-26,98.57,91.809998
BHC,2016-01-27,94.43,93.650002
BHC,2016-01-28,86.120003,85.599998
BHC,2016-01-29,90.220001,87.18
BHC,2016-02-01,95.650002,87.870003
BHC,2016-02-02,91.449997,89.029999
BHC,2016-02-03,94.190002,87.330002
BHC,2016-02-04,96.940002,92.449997
BHC,2016-02-05,96.589996,95.010002
BHC,2016-02-08,89.629997,87.629997
BHC,2016-02-09,86.949997,84.139999
BHC,2016-02-10,85.959999,85.260002
BHC,2016-02-11,83.440002,79.620003
BHC,2016-02-12,88.389999,85.150002
BHC,2016-02-16,91.260002,86.599998
BHC,2016-02-17,94.650002,91
BHC,2016-02-18,94.110001,91.709999
BHC,2016-02-19,84.989998,84.610001
BHC,2016-02-22,75.919998,72.43
BHC,2016-02-23,79.269997,78.339996
BHC,2016-02-24,83.830002,76.620003
BHC,2016-02-25,84.709999,82.099998
BHC,2016-02-26,80.650002,80.510002
BHC,2016-02-29,65.800003,63.75
BHC,2016-03-01,65.449997,59.869999
BHC,2016-03-02,67.470001,65.120003
BHC,2016-03-03,64.889999,64.610001
BHC,2016-03-04,61.310001,59.93
BHC,2016-03-07,65.660004,62.75
BHC,2016-03-08,63.150002,63.049999
BHC,2016-03-09,66.860001,63.549999
BHC,2016-03-10,66.150002,65.269997
BHC,2016-03-11,69.550003,66.830002
BHC,2016-03-14,69.040001,66.68
BHC,2016-03-15,33.509998,33.009998
BHC,2016-03-16,33.540001,31.200001
BHC,2016-03-17,29.690001,29.52
BHC,2016-03-18,26.98,26.719999
BHC,2016-03-21,28.98,25.99
BHC,2016-03-22,31.889999,29.01
BHC,2016-03-23,33.43,32.419998
BHC,2016-03-24,31.09,30.799999
BHC,2016-03-28,28.860001,28.26
BHC,2016-03-29,28.98,27.51
BHC,2016-03-30,27.07,26.719999
BHC,2016-03-31,26.299999,25.75
BHC,2016-04-01,28.1,25.75
BHC,2016-04-04,26.110001,25.27
BHC,2016-04-05,28.73,27.790001
BHC,2016-04-06,34.169998,28.809999
BHC,2016-04-07,35.509998,34.490002
BHC,2016-04-08,33.669998,33.380001
BHC,2016-04-11,31.35,31.07
BHC,2016-04-12,31.99,30.360001
BHC,2016-04-13,33.099998,30.34
BHC,2016-04-14,32.360001,31.549999
BHC,2016-04-15,32.139999,32.009998
BHC,2016-04-18,33.34,31.41
BHC,2016-04-19,33.450001,33.060001
BHC,2016-04-20,33.529999,33.16
BHC,2016-04-21,33.349998,33.07
BHC,2016-04-22,35.98,35.23
BHC,2016-04-25,35.16,35.060001
BHC,2016-04-26,36.23,34.52
BHC,2016-04-27,34.919998,34.509998
BHC,2016-04-28,35.25,35
BHC,2016-04-29,33.360001,32.330002
BHC,2016-05-02,32.650002,28.92
BHC,2016-05-03,35.790001,32.25
BHC,2016-05-04,34.790001,33.860001
BHC,2016-05-05,34.490002,33.169998
BHC,2016-05-06,29.889999,29.799999
BHC,2016-05-09,28.07,27.99
BHC,2016-05-10,27.91,26.84
BHC,2016-05-11,26.35,26.280001
BHC,2016-05-12,24.93,23.549999
BHC,2016-05-13,25.9,24.35
BHC,2016-05-16,27.049999,24.860001
BHC,2016-05-17,29.08,27.25
BHC,2016-05-18,27.860001,27.58
BHC,2016-05-19,26.26,25.67
BHC,2016-05-20,27.469999,26
BHC,2016-05-23,26.209999,26.110001
BHC,2016-05-24,26.110001,25.24
BHC,2016-05-25,27.120001,25.860001
BHC,2016-05-26,26.940001,26.360001
BHC,2016-05-27,28.42,27.84
BHC,2016-05-31,28.450001,28.23
BHC,2016-06-01,29.790001,28.27
BHC,2016-06-02,29.41,28.76
BHC,2016-06-03,28.870001,28.57
BHC,2016-06-06,28.85,28.530001
BHC,2016-06-07,24.639999,22.52
BHC,2016-06-08,23.92,23.780001
BHC,2016-06-09,25.48,23.65
BHC,2016-06-10,24.139999,24.030001
BHC,2016-06-13,23.780001,23.74
BHC,2016-06-14,24.139999,23.129999
BHC,2016-06-15,23.66,23.620001
BHC,2016-06-16,22.42,22.26
BHC,2016-06-17,22.040001,21.959999
BHC,2016-06-20,22.52,21.77
BHC,2016-06-21,21.639999,21.41
BHC,2016-06-22,21.639999,21.51
BHC,2016-06-23,22.25,21.4
BHC,2016-06-24,20.27,20.209999
BHC,2016-06-27,18.73,18.549999
BHC,2016-06-28,20,19.17
BHC,2016-06-29,20.27,19.639999
BHC,2016-06-30,20.139999,19.450001
BHC,2016-07-01,20.440001,19.83
BHC,2016-07-05,19.950001,19.83
BHC,2016-07-06,23.059999,19.610001
BHC,2016-07-07,23.49,22.719999
BHC,2016-07-08,23.25,22.85
BHC,2016-07-11,23.09,23.07
BHC,2016-07-12,23.219999,23.129999
BHC,2016-07-13,21.620001,21.52
BHC,2016-07-14,23.02,21.450001
BHC,2016-07-15,22.860001,22.41
BHC,2016-07-18,23.5,22.700001
BHC,2016-07-19,23.540001,22.76
BHC,2016-07-20,24.57,24.209999
BHC,2016-07-21,24.48,24.34
BHC,2016-07-22,22.82,22.719999
BHC,2016-07-25,22.85,22.75
BHC,2016-07-26,23.049999,22.549999
BHC,2016-07-27,23.49,23.059999
BHC,2016-07-28,23.129999,22.82
BHC,2016-07-29,22.299999,22.219999
BHC,2016-08-01,20.889999,20.709999
BHC,2016-08-02,21.17,20.68
BHC,2016-08-03,22.360001,20.93
BHC,2016-08-04,22.24,21.99
BHC,2016-08-05,21.959999,21.9
BHC,2016-08-08,22.450001,22.110001
BHC,2016-08-09,28.16,23.969999
BHC,2016-08-10,27.32,26.709999
BHC,2016-08-11,24.49,24.309999
BHC,2016-08-12,24.92,24.35
BHC,2016-08-15,26.59,25.629999
BHC,2016-08-16,26.6,26.25
BHC,2016-08-17,30,28.450001
BHC,2016-08-18,29.190001,28.559999
BHC,2016-08-19,28.74,28.52
BHC,2016-08-22,31.27,29.59
BHC,2016-08-23,31.200001,30.950001
BHC,2016-08-24,30.540001,30.27
BHC,2016-08-25,31.09,30.4
BHC,2016-08-26,30.83,30.52
BHC,2016-08-29,30.25,29.98
BHC,2016-08-30,30.25,29.709999
BHC,2016-08-31,29.030001,28.83
BHC,2016-09-01,29.120001,28.709999
BHC,2016-09-02,28.76,28.030001
BHC,2016-09-06,29.469999,28.68
BHC,2016-09-07,30.27,29.92
BHC,2016-09-08,29.959999,29.719999
BHC,2016-09-09,28.059999,28.049999
BHC,2016-09-12,28.620001,27.35
BHC,2016-09-13,27.530001,27.35
BHC,2016-09-14,27.379999,27.110001
BHC,2016-09-15,27.370001,27.18
BHC,2016-09-16,27.280001,26.77
BHC,2016-09-19,27.1,27.02
BHC,2016-09-20,26.33,26.280001
BHC,2016-09-21,26.969999,26.15
BHC,2016-09-22,26.85,26.799999
BHC,2016-09-23,27.719999,26.459999
BHC,2016-09-26,25.889999,25.799999
BHC,2016-09-27,26.280001,25.690001
BHC,2016-09-28,26.42,25.9
BHC,2016-09-29,25.049999,24.959999
BHC,2016-09-30,24.549999,24.530001
BHC,2016-10-03,24.41,23.84
BHC,2016-10-04,23.74,23.65
BHC,2016-10-05,24.59,23.700001
BHC,2016-10-06,23.68,23.620001
BHC,2016-10-07,23.16,22.9
BHC,2016-10-10,23.59,23.24
BHC,2016-10-11,22.940001,22.719999
BHC,2016-10-12,22.690001,22.549999
BHC,2016-10-13,22.77,21.84
BHC,2016-10-14,22.18,22.120001
BHC,2016-10-17,21.4,21.32
BHC,2016-10-18,22.07,21.200001
BHC,2016-10-19,22.059999,21.82
BHC,2016-10-20,22.059999,21.9
BHC,2016-10-21,21.959999,21.91
BHC,2016-10-24,21.59,21.4
BHC,2016-10-25,22.049999,21.58
BHC,2016-10-26,21.84,21.67
BHC,2016-10-27,22.1,21.799999
BHC,2016-10-28,20.35,20.15
BHC,2016-10-31,17.84,17.75
BHC,2016-11-01,23.860001,18.1
BHC,2016-11-02,21.120001,20.780001
BHC,2016-11-03,19.32,19.16
BHC,2016-11-04,19.18,19.01
BHC,2016-11-07,19.129999,18.75
BHC,2016-11-08,14.98,13.77
BHC,2016-11-09,16.09,14.95
BHC,2016-11-10,16.82,16.040001
BHC,2016-11-11,18,16.530001
BHC,2016-11-14,17.549999,17.26
BHC,2016-11-15,18.219999,16.719999
BHC,2016-11-16,17.860001,17.700001
BHC,2016-11-17,17.98,16.6
BHC,2016-11-18,17.950001,17.67
BHC,2016-11-21,18.35,17.959999
BHC,2016-11-22,17.83,17.620001
BHC,2016-11-23,16.940001,16.76
USNA,2012-10-01,23.48,22.9
USNA,2012-10-02,24.030001,23.129999
USNA,2012-10-03,23.77,23.594999
USNA,2012-10-04,24.014999,23.59
USNA,2012-10-05,23.9,23.895
USNA,2012-10-08,23.879999,23.65
USNA,2012-10-09,23.34,23.219999
USNA,2012-10-10,23.865,23.264999
USNA,2012-10-11,23.92,23.67
USNA,2012-10-12,23.695,23.639999
USNA,2012-10-15,23.629999,23.485001
USNA,2012-10-16,24.049999,23.67
USNA,2012-10-17,24.02,23.74
USNA,2012-10-18,24.040001,23.865
USNA,2012-10-19,22.855,22.825001
USNA,2012-10-22,22.955,22.24
USNA,2012-10-23,23.485001,22.5
USNA,2012-10-24,23.334999,22.68
USNA,2012-10-25,22.040001,21.860001
USNA,2012-10-26,22.125,21.969999
USNA,2012-10-31,21.57,21.27
USNA,2012-11-01,21.965,21.125
USNA,2012-11-02,21.4,21.254999
USNA,2012-11-05,21.26,21.125
USNA,2012-11-06,20.575001,20.52
USNA,2012-11-07,21.065001,20.365
USNA,2012-11-08,21.165001,20.785
USNA,2012-11-09,21.355,20.799999
USNA,2012-11-12,21.635,21.42
USNA,2012-11-13,21.645,21.389999
USNA,2012-11-14,21.860001,21.635
USNA,2012-11-15,21.895,21.700001
USNA,2012-11-16,22.26,21.790001
USNA,2012-11-19,21.98,21.700001
USNA,2012-11-20,21.915001,21.655001
USNA,2012-11-21,21.895,21.834999
USNA,2012-11-23,21.99,21.915001
USNA,2012-11-26,21.9,21.625
USNA,2012-11-27,21.905001,21.66
USNA,2012-11-28,21.805,21.5
USNA,2012-11-29,20.584999,19.51
USNA,2012-11-30,20.639999,20.215
USNA,2012-12-03,21.02,20.344999
USNA,2012-12-04,21.275,21.075001
USNA,2012-12-05,21.355,21.195
USNA,2012-12-06,21.665001,21.355
USNA,2012-12-07,21.860001,21.469999
USNA,2012-12-10,21.635,21.530001
USNA,2012-12-11,21.495001,21.405001
USNA,2012-12-12,21.24,21.23
USNA,2012-12-13,20.934999,20.764999
USNA,2012-12-14,19.209999,18.405001
USNA,2012-12-17,19.115,18.51
USNA,2012-12-18,19.525,19.02
USNA,2012-12-19,18.5,18.004999
USNA,2012-12-20,17.745001,17.504999
USNA,2012-12-21,16.915001,16.725
USNA,2012-12-24,16.245001,16.215
USNA,2012-12-26,15.46,15.365
USNA,2012-12-27,15.615,15.255
USNA,2012-12-28,15.8,15.4
USNA,2012-12-31,16.465,15.775
USNA,2013-01-02,16.440001,16.014999
USNA,2013-01-03,17.469999,16.285
USNA,2013-01-04,17.855,17.34
USNA,2013-01-07,18.6,17.855
USNA,2013-01-08,18.75,18.48
USNA,2013-01-09,18.389999,17.905001
USNA,2013-01-10,17.655001,17.135
USNA,2013-01-11,17.834999,17.375
USNA,2013-01-14,18.035,17.735001
USNA,2013-01-15,18.504999,18.014999
USNA,2013-01-16,18.555,18.41
USNA,2013-01-17,17.885,17.315001
USNA,2013-01-18,18.18,17.700001
USNA,2013-01-22,18.485001,18.18
USNA,2013-01-23,18.625,18.325001
USNA,2013-01-24,18.9,18.629999
USNA,2013-01-25,18.665001,18.43
USNA,2013-01-28,18.495001,17.549999
USNA,2013-01-29,18.325001,18.290001
USNA,2013-01-30,18.08,17.985001
USNA,2013-01-31,17.725,17.485001
USNA,2013-02-01,17.34,17.184999
USNA,2013-02-04,17.93,16.67
USNA,2013-02-05,19.344999,17.85
USNA,2013-02-06,18.965,18.07
USNA,2013-02-07,20.530001,19.26
USNA,2013-02-08,20.424999,20.334999
USNA,2013-02-11,21.389999,20.424999
USNA,2013-02-12,21.135,21.045
USNA,2013-02-13,21.184999,20.75
USNA,2013-02-14,21.725,20.825001
USNA,2013-02-15,21.965,21.67
USNA,2013-02-19,23.834999,22.004999
USNA,2013-02-20,22.715,22.639999
USNA,2013-02-21,23.17,22.4
USNA,2013-02-22,22.5,22.344999
USNA,2013-02-25,22.25,22.225
USNA,2013-02-26,21.940001,21.76
USNA,2013-02-27,21.93,21.889999
USNA,2013-02-28,22.145,21.655001
USNA,2013-03-01,21.870001,21.67
USNA,2013-03-04,22.01,21.540001
USNA,2013-03-05,22.084999,21.85
USNA,2013-03-06,22.035,21.855
USNA,2013-03-07,23.790001,21.98
USNA,2013-03-08,23.719999,23.49
USNA,2013-03-11,23.52,23.5
USNA,2013-03-12,23.434999,23.055
USNA,2013-03-13,22.945,22.75
USNA,2013-03-14,22.98,22.865
USNA,2013-03-15,22.969999,22.370001
USNA,2013-03-18,23.540001,22.695
USNA,2013-03-19,23.35,23.26
USNA,2013-03-20,23.415001,23.030001
USNA,2013-03-21,23.030001,23
USNA,2013-03-22,23.025,22.915001
USNA,2013-03-25,23.635,22.965
USNA,2013-03-26,24.645,23.620001
USNA,2013-03-27,24.155001,23.75
USNA,2013-03-28,24.165001,23.77
USNA,2013-04-01,23.82,23.405001
USNA,2013-04-02,24.045,23.530001
USNA,2013-04-03,23.76,23.540001
USNA,2013-04-04,24.639999,23.805
USNA,2013-04-05,24.469999,24.365
USNA,2013-04-08,24.705,24.045
USNA,2013-04-09,23.825001,23.459999
USNA,2013-04-10,23.75,23.48
USNA,2013-04-11,24.23,23.700001
USNA,2013-04-12,23.860001,23.15
USNA,2013-04-15,23.025,22.940001
USNA,2013-04-16,23.549999,23.02
USNA,2013-04-17,23.82,23.280001
USNA,2013-04-18,24.205,23.67
USNA,2013-04-19,24.309999,23.9
USNA,2013-04-22,24.73,24.055
USNA,2013-04-23,25.15,24.73
USNA,2013-04-24,26.735001,24.82
USNA,2013-04-25,26.860001,26.25
USNA,2013-04-26,27.940001,26.825001
USNA,2013-04-29,28.365,27.834999
USNA,2013-04-30,28.209999,28.09
USNA,2013-05-01,27.465,27.334999
USNA,2013-05-02,27.955,27.415001
USNA,2013-05-03,28.365,28.219999
USNA,2013-05-06,28.355,28.165001
USNA,2013-05-07,28.495001,28.455
USNA,2013-05-08,28.075001,27.905001
USNA,2013-05-09,28.105,27.754999
USNA,2013-05-10,28.655001,27.92
USNA,2013-05-13,29.094999,28.370001
USNA,2013-05-14,30.309999,29.094999
USNA,2013-05-15,32.189999,30.004999
USNA,2013-05-16,32.080002,31.809999
USNA,2013-05-17,32.73,32.099998
USNA,2013-05-20,34.014999,32.544998
USNA,2013-05-21,33.974998,33.724998
USNA,2013-05-22,34.07,33.755001
USNA,2013-05-23,34.255001,33.255001
USNA,2013-05-24,33.665001,33.110001
USNA,2013-05-28,34.665001,33.68
USNA,2013-05-29,34.724998,34.255001
USNA,2013-05-30,34.955002,34.595001
USNA,2013-05-31,35.044998,34.605
USNA,2013-06-03,33.650002,33.549999
USNA,2013-06-04,33.240002,32.700001
USNA,2013-06-05,32.459999,32.264999
USNA,2013-06-06,33.48,32.244999
USNA,2013-06-07,34.029999,33.485001
USNA,2013-06-10,34.865002,34.134998
USNA,2013-06-11,35.240002,34.52
USNA,2013-06-12,34.744999,34.669998
USNA,2013-06-13,36.395,34.639999
USNA,2013-06-14,36.950001,35.904999
USNA,2013-06-17,36.639999,35.924999
USNA,2013-06-18,37.290001,36.595001
USNA,2013-06-19,36.459999,36.049999
USNA,2013-06-20,34.990002,34.785
USNA,2013-06-21,35.939999,34.674999
USNA,2013-06-24,35.610001,35.244999
USNA,2013-06-25,35.580002,35.110001
USNA,2013-06-26,35.759998,35.465
USNA,2013-06-27,36.110001,35.935001
USNA,2013-06-28,36.189999,35.959999
USNA,2013-07-01,36.419998,36.049999
USNA,2013-07-02,35.990002,35.52
USNA,2013-07-03,36.615002,35.945
USNA,2013-07-05,36.994999,36.610001
USNA,2013-07-08,37.650002,37.025002
USNA,2013-07-09,38.709999,37.915001
USNA,2013-07-10,38.235001,37.25
USNA,2013-07-11,39.220001,38.549999
USNA,2013-07-12,38.865002,38.665001
USNA,2013-07-15,39.465,38.974998
USNA,2013-07-16,39.419998,39.165001
USNA,2013-07-17,39.689999,39.165001
USNA,2013-07-18,41.075001,39.744999
USNA,2013-07-19,42.025002,40.875
USNA,2013-07-22,42.669998,42.049999
USNA,2013-07-23,40.275002,39.529999
USNA,2013-07-24,36.994999,36.349998
USNA,2013-07-25,38.605,36.314999
USNA,2013-07-26,39.299999,38.110001
USNA,2013-07-29,39.470001,39.084999
USNA,2013-07-30,40.790001,39.445
USNA,2013-07-31,41.310001,40.625
USNA,2013-08-01,42.564999,41.209999
USNA,2013-08-02,42.575001,41.93
USNA,2013-08-05,42.209999,41.974998
USNA,2013-08-06,41.544998,41.115002
USNA,2013-08-07,40.584999,40.575001
USNA,2013-08-08,39.799999,36.5
USNA,2013-08-09,39.924999,39.645
USNA,2013-08-12,40.27,39.424999
USNA,2013-08-13,40.365002,39.880001
USNA,2013-08-14,40,39.91
USNA,2013-08-15,38.875,38.639999
USNA,2013-08-16,38.575001,38.514999
USNA,2013-08-19,38.540001,38.445
USNA,2013-08-20,39.494999,38
USNA,2013-08-21,38.924999,38.790001
USNA,2013-08-22,39.790001,38.830002
USNA,2013-08-23,40.419998,39.145
USNA,2013-08-26,39.849998,39.709999
USNA,2013-08-27,38.450001,38.355
USNA,2013-08-28,38.674999,38.209999
USNA,2013-08-29,39,38.514999
USNA,2013-08-30,37.974998,37.91
USNA,2013-09-03,38.355,37.91
USNA,2013-09-04,38.814999,38.310001
USNA,2013-09-05,38.875,38.095001
USNA,2013-09-06,38.599998,37.834999
USNA,2013-09-09,39.5,38.685001
USNA,2013-09-10,39.220001,39.055
USNA,2013-09-11,39.630001,38.880001
USNA,2013-09-12,40.389999,39.599998
USNA,2013-09-13,41.139999,40.029999
USNA,2013-09-16,42.509998,41.560001
USNA,2013-09-17,43.154999,42.509998
USNA,2013-09-18,44.049999,43.025002
USNA,2013-09-19,44.145,43.615002
USNA,2013-09-20,43.779999,43.735001
USNA,2013-09-23,42.605,42.275002
USNA,2013-09-24,42.294998,41.709999
USNA,2013-09-25,42.970001,42.220001
USNA,2013-09-26,43.125,42.884998
USNA,2013-09-27,43.599998,42.759998
USNA,2013-09-30,43.395,43.005001
USNA,2013-10-01,44.549999,43.125
USNA,2013-10-02,43.485001,43.415001
USNA,2013-10-03,43.200001,42.23
USNA,2013-10-04,43.455002,43.040001
USNA,2013-10-07,41.720001,41.595001
USNA,2013-10-08,40.27,40.07
USNA,2013-10-09,40.544998,39.470001
USNA,2013-10-10,41.985001,40.91
USNA,2013-10-11,42.380001,41.205002
USNA,2013-10-14,43.005001,41.775002
USNA,2013-10-15,42.724998,42.235001
USNA,2013-10-16,43.994999,43.150002
USNA,2013-10-17,43.825001,43.235001
USNA,2013-10-18,43.98,43.645
USNA,2013-10-21,43.634998,43.290001
USNA,2013-10-22,45.705002,43.814999
USNA,2013-10-23,39.435001,39.055
USNA,2013-10-24,38.095001,38.014999
USNA,2013-10-25,38.810001,38.005001
USNA,2013-10-28,39.119999,38.220001
USNA,2013-10-29,38.215,37.805
USNA,2013-10-30,36.18,35.77
USNA,2013-10-31,34.115002,34.09
USNA,2013-11-01,34.889999,34.02
USNA,2013-11-04,35.580002,34.790001
USNA,2013-11-05,34.720001,34.66
USNA,2013-11-06,34.955002,34.419998
USNA,2013-11-07,33.794998,33.75
USNA,2013-11-08,35.445,33.700001
USNA,2013-11-11,34.700001,34.224998
USNA,2013-11-12,34.389999,34.195
USNA,2013-11-13,34.830002,33.5
USNA,2013-11-14,34.375,34.285
USNA,2013-11-15,34.650002,34.07
USNA,2013-11-18,34.110001,33.59
USNA,2013-11-19,33.915001,33.549999
USNA,2013-11-20,34.095001,33.645
USNA,2013-11-21,35.360001,34.349998
USNA,2013-11-22,36.599998,35.450001
USNA,2013-11-25,36.470001,36.32
USNA,2013-11-26,36.369999,36.25
USNA,2013-11-27,36.75,36.25
USNA,2013-11-29,36.555,36.404999
USNA,2013-12-02,36.73,36.275002
USNA,2013-12-03,36.75,35.93
USNA,2013-12-04,37.595001,36.25
USNA,2013-12-05,37.709999,37.375
USNA,2013-12-06,37.91,37.845001
USNA,2013-12-09,38.165001,37.25
USNA,2013-12-10,37.764999,37.535
USNA,2013-12-11,36.599998,36.514999
USNA,2013-12-12,37.029999,36.599998
USNA,2013-12-13,36.77,36.505001
USNA,2013-12-16,37.43,36.705002
USNA,2013-12-17,37.650002,37
USNA,2013-12-18,37.855,36.91
USNA,2013-12-19,37.939999,37.595001
USNA,2013-12-20,38.779999,37.865002
USNA,2013-12-23,38.98,38.790001
USNA,2013-12-24,38.279999,38.060001
USNA,2013-12-26,38.244999,38.09
USNA,2013-12-27,38.860001,38.049999
USNA,2013-12-30,39.075001,38.514999
USNA,2013-12-31,37.790001,37.255001
USNA,2014-01-02,38.470001,37.150002
ITP,2010-04-29,99.162369,97.412442
ITP,2010-04-30,100.91229,99.648455
ITP,2010-05-03,104.99545,102.565
ITP,2010-05-04,99.356796,98.384616
ITP,2010-05-05,97.898529,96.245826
ITP,2010-05-06,90.41275,83.996363
ITP,2010-05-07,87.9823,83.121399
ITP,2010-05-10,95.079216,92.357109
ITP,2010-05-11,91.384926,91.384926
ITP,2010-05-12,93.037636,91.287716
ITP,2010-05-13,96.440254,94.787551
ITP,2010-05-14,96.440254,94.787551
ITP,2010-05-17,97.120789,93.620942
ITP,2010-05-18,92.551537,91.871014
ITP,2010-05-19,87.59343,86.3296
ITP,2010-05-20,79.232674,77.968837
ITP,2010-05-21,86.329597,75.830049
ITP,2010-05-24,84.774094,83.607481
ITP,2010-05-25,83.315826,79.81598
ITP,2010-05-26,85.260185,85.065752
ITP,2010-05-27,88.760048,85.940724
ITP,2010-05-28,89.829445,87.982301
ITP,2010-06-01,85.551849,85.260192
ITP,2010-06-02,85.065758,85.065758
ITP,2010-06-03,83.801918,81.274251
ITP,2010-06-04,83.02417,81.274243
ITP,2010-06-07,80.399292,79.815985
ITP,2010-06-08,80.010414,79.4271
ITP,2010-06-09,81.079811,79.621541
ITP,2010-06-10,82.246429,81.46869
ITP,2010-06-11,83.704697,82.246427
ITP,2010-06-14,86.524025,84.288008
ITP,2010-06-15,88.662811,86.912892
ITP,2010-06-16,88.176727,87.496204
ITP,2010-06-17,87.9823,86.426813
ITP,2010-06-18,85.551849,85.065759
ITP,2010-06-21,86.912895,86.912895
ITP,2010-06-22,86.232368,85.551845
ITP,2010-06-23,85.065758,83.413055
ITP,2010-06-24,82.829735,81.760338
ITP,2010-06-25,81.954781,80.982601
ITP,2010-06-28,80.982597,80.20485
ITP,2010-06-29,70.288628,67.858177
ITP,2010-06-30,64.941628,62.705611
ITP,2010-07-01,49.483967,39.956599
ITP,2010-07-02,70.871925,56.386441
ITP,2010-07-06,65.816582,63.483356
ITP,2010-07-07,67.858177,65.427727
ITP,2010-07-08,64.649971,63.288918
ITP,2010-07-09,67.566505,65.622146
ITP,2010-07-12,70.288628,68.441484
ITP,2010-07-13,69.024788,66.594338
ITP,2010-07-14,69.024788,67.274861
ITP,2010-07-15,61.344559,58.914109
ITP,2010-07-16,57.261402,52.206066
ITP,2010-07-19,55.025391,52.692161
ITP,2010-07-20,51.136665,50.067269
ITP,2010-07-21,48.609001,47.928474
ITP,2010-07-22,43.359226,40.151033
ITP,2010-07-23,50.845013,43.650883
ITP,2010-07-26,54.247643,50.553359
ITP,2010-07-27,52.108849,51.622759
ITP,2010-07-28,42.387047,39.567727
ITP,2010-07-29,44.623066,43.748102
ITP,2010-07-30,43.262012,40.637126
ITP,2010-08-02,42.775925,42.192618
ITP,2010-08-03,47.150734,42.289834
ITP,2010-08-04,49.095093,46.178553
ITP,2010-08-05,54.442085,49.095095
ITP,2010-08-06,53.469898,51.039448
ITP,2010-08-09,51.039452,49.872835
ITP,2010-08-10,49.970055,46.761858
ITP,2010-08-11,45.206375,44.525848
ITP,2010-08-12,41.512085,39.276072
ITP,2010-08-13,42.095394,41.317651
ITP,2010-08-16,45.692463,44.525846
ITP,2010-08-17,47.247948,44.720281
ITP,2010-08-18,50.845013,46.859076
ITP,2010-08-19,49.775616,49.678395
ITP,2010-08-20,48.511784,44.136974
ITP,2010-08-23,46.081333,45.69246
ITP,2010-08-24,44.039757,43.748103
ITP,2010-08-25,43.262012,42.775922
ITP,2010-08-26,43.262012,42.581486
ITP,2010-08-27,42.192619,41.803746
ITP,2010-08-30,40.831562,39.859382
ITP,2010-08-31,39.664944,39.567727
ITP,2010-09-01,41.025997,39.37329
ITP,2010-09-02,41.317654,40.637127
ITP,2010-09-03,42.97036,42.192616
ITP,2010-09-07,43.456448,42.289831
ITP,2010-09-08,43.262012,42.192616
ITP,2010-09-09,42.678703,42.387046
ITP,2010-09-10,42.97036,41.90096
ITP,2010-09-13,41.803738,40.831558
ITP,2010-09-14,40.345474,39.956601
ITP,2010-09-15,40.151035,39.859382
ITP,2010-09-16,40.734348,39.664948
ITP,2010-09-17,41.317654,40.151037
ITP,2010-09-20,41.99818,40.151037
ITP,2010-09-21,40.734348,40.637128
ITP,2010-09-22,40.248257,39.859383
ITP,2010-09-23,41.025997,39.37329
ITP,2010-09-24,43.456448,40.734344
ITP,2010-09-27,42.387047,40.151034
ITP,2010-09-28,43.262012,41.609306
ITP,2010-09-29,41.512085,41.512085
ITP,2010-09-30,42.192619,41.609309
ITP,2010-10-01,41.900959,41.512089
ITP,2010-10-04,41.123215,41.123215
ITP,2010-10-05,41.512085,41.220432
ITP,2010-10-06,41.706524,41.31765
ITP,2010-10-07,42.484268,41.900958
ITP,2010-10-08,43.845322,41.803745
ITP,2010-10-11,47.150734,44.234194
ITP,2010-10-12,46.275768,45.206372
ITP,2010-10-13,47.734039,46.859079
ITP,2010-10-14,46.956299,46.178555
ITP,2010-10-15,47.247948,47.053515
ITP,2010-10-18,46.664642,45.984116
ITP,2010-10-19,45.109158,44.331411
ITP,2010-10-20,45.595249,43.262015
ITP,2010-10-21,46.76186,45.011937
ITP,2010-10-22,47.05352,45.59525
ITP,2010-10-25,50.845013,46.275766
ITP,2010-10-26,52.011635,50.358928
ITP,2010-10-27,54.150429,51.525542
ITP,2010-10-28,52.108849,52.011632
ITP,2010-10-29,52.98381,50.358924
ITP,2010-11-01,51.525543,51.039453
ITP,2010-11-02,53.275467,51.914417
ITP,2010-11-03,58.233589,53.178252
ITP,2010-11-04,63.872219,58.525233
ITP,2010-11-05,67.080421,63.872224
ITP,2010-11-08,70.774712,67.080424
ITP,2010-11-09,70.774712,69.899748
ITP,2010-11-10,67.080421,65.427718
ITP,2010-11-11,62.219521,60.858467
ITP,2010-11-12,62.122307,58.03915
ITP,2010-11-15,44.720284,43.748103
ITP,2010-11-16,53.85878,47.053519
ITP,2010-11-17,59.594635,54.150428
ITP,2010-11-18,58.330803,57.941929
ITP,2010-11-19,54.247643,51.039449
ITP,2010-11-22,54.733738,51.622761
ITP,2010-11-23,53.178249,52.497723
ITP,2010-11-24,62.025085,53.469902
ITP,2010-11-26,69.024788,62.90005
ITP,2010-11-29,70.385834,69.219213
ITP,2010-11-30,70.191399,62.705615
ITP,2010-12-01,70.580269,66.205459
ITP,2010-12-02,66.691559,64.261108
ITP,2010-12-03,64.649971,63.483358
ITP,2010-12-06,63.48336,61.34456
ITP,2010-12-07,60.761253,60.275163
ITP,2010-12-08,59.302982,57.650276
ITP,2010-12-09,67.177635,61.830645
ITP,2010-12-10,65.524933,63.775006
ITP,2010-12-13,63.288925,61.830655
ITP,2010-12-14,64.552757,61.733434
ITP,2010-12-15,61.150131,60.177951
ITP,2010-12-16,61.052906,60.372379
ITP,2010-12-17,61.733433,60.080726
ITP,2010-12-20,61.441776,60.372376
ITP,2010-12-21,61.344559,60.858469
ITP,2010-12-22,62.219521,60.566814
ITP,2010-12-23,61.733433,61.247343
ITP,2010-12-27,62.219521,61.830647
ITP,2010-12-28,62.316734,62.122301
ITP,2010-12-29,60.469597,59.30298
ITP,2010-12-30,60.177944,59.497417
ITP,2010-12-31,61.83065,59.594637
ITP,2011-01-03,59.886288,59.108544
ITP,2011-01-04,58.525238,58.330801
ITP,2011-01-05,56.678097,56.09479
ITP,2011-01-06,55.317039,53.955986
ITP,2011-01-07,53.955994,52.497724
ITP,2011-01-10,55.900352,53.567119
ITP,2011-01-11,54.344868,53.664341
ITP,2011-01-12,54.539299,53.955992
ITP,2011-01-13,54.830956,54.442082
ITP,2011-01-14,53.85878,53.178253
ITP,2011-01-18,53.372684,52.983811
ITP,2011-01-19,50.747799,50.164489
ITP,2011-01-20,53.081028,52.497721
ITP,2011-01-21,54.63652,53.469904
ITP,2011-01-24,54.442085,53.955995
ITP,2011-01-25,53.469898,53.469898
ITP,2011-01-26,53.955994,53.469904
ITP,2011-01-27,52.886597,52.59494
ITP,2011-01-28,51.233894,49.192314
ITP,2011-01-31,51.525543,50.845016
ITP,2011-02-01,51.719978,50.747798
ITP,2011-02-02,51.331108,50.747802
ITP,2011-02-03,49.581184,48.609004
ITP,2011-02-04,49.581184,48.122914
ITP,2011-02-07,51.039452,49.581182
ITP,2011-02-08,50.845013,50.358923
ITP,2011-02-09,52.20607,51.039453
ITP,2011-02-10,51.331108,51.039455
ITP,2011-02-11,52.011635,51.136671
ITP,2011-02-14,53.761559,52.108852
ITP,2011-02-15,55.803139,53.858779
ITP,2011-02-16,54.539299,53.955992
ITP,2011-02-17,60.566818,56.580881
ITP,2011-02-18,60.955692,60.275165
ITP,2011-02-22,58.525238,57.358621
ITP,2011-02-23,55.99757,54.928173
ITP,2011-02-24,56.094788,53.664338
ITP,2011-02-25,56.094788,55.122608
ITP,2011-02-28,54.928173,54.733736
ITP,2011-03-01,54.63652,53.858777
ITP,2011-03-02,55.219822,52.108845
ITP,2011-03-03,55.317039,53.178243
ITP,2011-03-04,55.6087,54.442083
ITP,2011-03-07,53.761559,53.664342
ITP,2011-03-08,53.664341,52.983814
ITP,2011-03-09,52.692158,52.692158
ITP,2011-03-10,51.039452,51.039452
ITP,2011-03-11,51.719978,49.289528
ITP,2011-03-14,49.775616,49.581179
ITP,2011-03-15,46.372986,43.845316
ITP,2011-03-16,54.247643,52.206066
ITP,2011-03-17,51.331108,49.095095
ITP,2011-03-18,50.067268,49.192305
ITP,2011-03-21,50.164494,49.48397
ITP,2011-03-22,49.386749,48.706222
ITP,2011-03-23,49.19231,47.150734
ITP,2011-03-24,48.317352,46.664645
ITP,2011-03-25,46.859081,46.761861
ITP,2011-03-28,46.275768,46.178552
ITP,2011-03-29,46.081333,45.595243
ITP,2011-03-30,45.303589,45.206372
ITP,2011-03-31,44.914722,44.720286
ITP,2011-04-01,43.845322,43.845322
ITP,2011-04-04,43.7481,41.80374
ITP,2011-04-05,43.262012,42.289832
ITP,2011-04-06,41.220432,40.248252
ITP,2011-04-07,43.650879,39.859376
ITP,2011-04-08,39.956596,39.470506
ITP,2011-04-11,37.817806,37.526149
ITP,2011-04-12,36.456753,36.359536
ITP,2011-04-13,34.998478,34.026298
ITP,2011-04-14,38.109455,34.220735
ITP,2011-04-15,37.234489,36.165093
ITP,2011-04-18,37.817806,35.970663
ITP,2011-04-19,39.178852,37.428929
ITP,2011-04-20,38.498333,38.498333
ITP,2011-04-21,39.664944,38.40111
ITP,2011-04-25,40.053822,39.567732
ITP,2011-04-26,36.748405,35.581789
ITP,2011-04-27,36.067879,35.484572
ITP,2011-04-28,36.359535,35.581788
ITP,2011-04-29,36.748405,36.359536
ITP,2011-05-02,38.692764,38.012238
ITP,2011-05-03,37.720589,37.428935
ITP,2011-05-04,37.040058,36.067878
ITP,2011-05-05,36.748405,35.581789
ITP,2011-05-06,36.942844,36.262318
ITP,2011-05-09,36.651192,36.456755
ITP,2011-05-10,38.595551,37.915024
ITP,2011-05-11,39.178852,38.401109
ITP,2011-05-12,38.984417,38.595547
ITP,2011-05-13,37.623375,36.456758
ITP,2011-05-16,36.553967,36.262313
ITP,2011-05-17,37.137276,36.262312
ITP,2011-05-18,36.845623,36.748403
ITP,2011-05-19,36.748405,36.456752
ITP,2011-05-20,37.040058,35.581788
ITP,2011-05-23,36.26231,36.26231
ITP,2011-05-24,35.192917,34.804043
ITP,2011-05-25,34.026302,34.026302
ITP,2011-05-26,33.345779,31.887509
ITP,2011-05-27,34.415173,33.345772
ITP,2011-05-31,37.817806,34.123519
ITP,2011-06-01,36.942844,36.262318
ITP,2011-06-02,35.192917,35.095697
ITP,2011-06-03,34.901264,34.415174
ITP,2011-06-06,34.415173,34.317952
ITP,2011-06-07,34.415173,33.929083
ITP,2011-06-08,34.901264,34.512391
ITP,2011-06-09,34.123516,33.442993
ITP,2011-06-10,34.317955,34.026302
ITP,2011-06-13,33.442997,32.956907
ITP,2011-06-14,34.317955,33.734648
ITP,2011-06-15,34.415173,34.026299
ITP,2011-06-16,33.734646,32.956903
ITP,2011-06-17,33.442997,32.568033
ITP,2011-06-20,32.179161,30.915328
ITP,2011-06-21,32.85968,31.012539
ITP,2011-06-22,34.804047,32.76247
ITP,2011-06-23,33.734646,32.762466
ITP,2011-06-24,34.123516,32.859683
ITP,2011-06-27,32.85968,32.37359
ITP,2011-06-28,33.248562,32.081945
ITP,2011-06-29,34.123516,33.345773
ITP,2011-06-30,33.929089,33.637432
ITP,2011-07-01,37.331711,34.220734
ITP,2011-07-05,39.081638,36.845625
ITP,2011-07-06,40.345474,39.081641
ITP,2011-07-07,41.99818,40.248257
ITP,2011-07-08,40.831562,40.345472
ITP,2011-07-11,39.276073,38.012236
ITP,2011-07-12,39.178852,38.206672
ITP,2011-07-13,40.831562,38.789985
ITP,2011-07-14,39.470509,38.984419
ITP,2011-07-15,40.831562,38.984418
ITP,2011-07-18,39.956596,38.789983
ITP,2011-07-19,40.637131,39.276081
ITP,2011-07-20,39.859383,39.470509
ITP,2011-07-21,39.956596,38.984416
ITP,2011-07-22,40.442688,39.470508
ITP,2011-07-25,40.345474,39.859384
ITP,2011-07-26,38.109455,36.456748
ITP,2011-07-27,37.915024,37.331717
ITP,2011-07-28,37.915024,37.13728
ITP,2011-07-29,37.234489,37.040053
ITP,2011-08-01,36.553967,36.45675
GPRO,2014-09-05,58.75,53.509998
GPRO,2014-09-08,63.52,57.040001
GPRO,2014-09-09,64.190002,63.259998
GPRO,2014-09-10,68.470001,64.75
GPRO,2014-09-11,68.279999,66.260002
GPRO,2014-09-12,69.18,67.650002
GPRO,2014-09-15,67.199997,66.169998
GPRO,2014-09-16,65.230003,63.419998
GPRO,2014-09-17,67.220001,66.309998
GPRO,2014-09-18,66.330002,66.010002
GPRO,2014-09-19,67.199997,64.099998
GPRO,2014-09-22,68.269997,66.5
GPRO,2014-09-23,72.879997,68.339996
GPRO,2014-09-24,78.459999,73.849998
GPRO,2014-09-25,81.309998,76.208
GPRO,2014-09-26,82.099998,77.510002
GPRO,2014-09-29,90.940002,80
GPRO,2014-09-30,93.699997,88.529999
GPRO,2014-10-01,91.800003,88.870003
GPRO,2014-10-02,85.459999,79.129997
GPRO,2014-10-03,86.970001,86.529999
GPRO,2014-10-06,93.790001,88.5
GPRO,2014-10-07,93.849998,91.220001
GPRO,2014-10-08,89.93,87.160004
GPRO,2014-10-09,89.18,87.300003
GPRO,2014-10-10,85.050003,83.57
GPRO,2014-10-13,76.669998,73.279999
GPRO,2014-10-14,75.029999,74.440002
GPRO,2014-10-15,72.870003,68.339996
GPRO,2014-10-16,72.690002,68.599998
GPRO,2014-10-17,74.629997,72.790001
GPRO,2014-10-20,76,74.801003
GPRO,2014-10-21,80.919998,77.110001
GPRO,2014-10-22,80.089996,79.68
GPRO,2014-10-23,79.150002,77.879997
GPRO,2014-10-24,71.910004,70.290001
GPRO,2014-10-27,64.910004,64.75
GPRO,2014-10-28,69.300003,66.599998
GPRO,2014-10-29,67.889999,66.550003
GPRO,2014-10-30,68.25,64.140999
GPRO,2014-10-31,77.099998,76
GPRO,2014-11-03,84.32,76.5
GPRO,2014-11-04,82.269997,81.669998
GPRO,2014-11-05,75.889999,75.5
GPRO,2014-11-06,78.760002,76.629997
GPRO,2014-11-07,79.059998,77.769997
GPRO,2014-11-10,75.75,75
GPRO,2014-11-11,75,74.010002
GPRO,2014-11-12,76.849998,74.080002
GPRO,2014-11-13,76.470001,75.919998
GPRO,2014-11-14,79.150002,76.75
GPRO,2014-11-17,81.5,78.800003
GPRO,2014-11-18,84.099998,82.199997
GPRO,2014-11-19,79.089996,79.050003
GPRO,2014-11-20,71.739998,71.580002
GPRO,2014-11-21,70.720001,70.550003
GPRO,2014-11-24,72.540001,69.800003
GPRO,2014-11-25,74.709999,73.269997
GPRO,2014-11-26,79.050003,74.849998
GPRO,2014-11-28,77.970001,75.919998
GPRO,2014-12-01,73.5,73.389999
GPRO,2014-12-02,73.889999,73.550003
GPRO,2014-12-03,73.650002,72.449997
GPRO,2014-12-04,71.980003,71.279999
GPRO,2014-12-05,72.18,71
GPRO,2014-12-08,67.650002,66.300003
GPRO,2014-12-09,67.900002,64.360001
GPRO,2014-12-10,62.759998,62.599998
GPRO,2014-12-11,60.049999,57.919998
GPRO,2014-12-12,60.52,60.52
GPRO,2014-12-15,57,56.860001
GPRO,2014-12-16,58.27,55.549999
GPRO,2014-12-17,59.5,57.900002
GPRO,2014-12-18,57.09,56.5
GPRO,2014-12-19,53.900002,53.77
GPRO,2014-12-22,58,53.639999
GPRO,2014-12-23,61.540001,58.299999
GPRO,2014-12-24,66.410004,62.669998
GPRO,2014-12-26,69.230003,67.449997
GPRO,2014-12-29,64.739998,64.669998
GPRO,2014-12-30,65.400002,64.760002
GPRO,2014-12-31,63.220001,62.810001
GPRO,2015-01-02,66.870003,64.080002
GPRO,2015-01-05,66.190002,65.629997
GPRO,2015-01-06,64.849998,63.310001
GPRO,2015-01-07,62.450001,60.25
GPRO,2015-01-08,60.09,59.5
GPRO,2015-01-09,60.84,58.799999
GPRO,2015-01-12,56.779999,56.345001
GPRO,2015-01-13,49.869999,48.23
GPRO,2015-01-14,52.34,49.75
GPRO,2015-01-15,48.580002,48.41
GPRO,2015-01-16,47.509998,45.360001
GPRO,2015-01-20,47.34,46.119999
GPRO,2015-01-21,50.290001,47.52
GPRO,2015-01-22,48.349998,47.66
GPRO,2015-01-23,52.509998,48.439999
GPRO,2015-01-26,50.41,49.799999
GPRO,2015-01-27,51.419998,49.049999
GPRO,2015-01-28,51.459999,51.099998
GPRO,2015-01-29,50.84,49.667999
GPRO,2015-01-30,49.75,48.799999
GPRO,2015-02-02,52.139999,49.009998
GPRO,2015-02-03,54.57,52.599998
GPRO,2015-02-04,51.869999,51.34
GPRO,2015-02-05,54.369999,50.5
GPRO,2015-02-06,47.119999,47
GPRO,2015-02-09,44.48,44.200001
GPRO,2015-02-10,43.799999,42.650002
GPRO,2015-02-11,44.77,43.02
GPRO,2015-02-12,45.290001,44.807999
GPRO,2015-02-13,45.27,44.299999
GPRO,2015-02-17,50.919998,46
GPRO,2015-02-18,45.209999,45.200001
GPRO,2015-02-19,45.16,44.900002
GPRO,2015-02-20,45.07,44.5
GPRO,2015-02-23,43.950001,43.130001
GPRO,2015-02-24,43.880001,43.52
GPRO,2015-02-25,45.049999,43.650002
GPRO,2015-02-26,44.66,44.32
GPRO,2015-02-27,41.98,41.66
GPRO,2015-03-02,39.93,39.700001
GPRO,2015-03-03,40.299999,39.580002
GPRO,2015-03-04,43.009998,41
GPRO,2015-03-05,41.080002,40.849998
GPRO,2015-03-06,40.130001,40
GPRO,2015-03-09,37.950001,37.799999
GPRO,2015-03-10,38.73,37.130001
GPRO,2015-03-11,38.169998,37.799999
GPRO,2015-03-12,39.700001,37.630001
GPRO,2015-03-13,40.130001,38.419998
GPRO,2015-03-16,39.369999,38.709999
GPRO,2015-03-17,40.25,38.880001
GPRO,2015-03-18,40.669998,39.41
GPRO,2015-03-19,39.529999,39.25
GPRO,2015-03-20,40.400002,39.299999
GPRO,2015-03-23,42.080002,39.812
GPRO,2015-03-24,41.830002,41.104
GPRO,2015-03-25,42.299999,41.68
GPRO,2015-03-26,43.23,42.200001
GPRO,2015-03-27,42.700001,42.299999
GPRO,2015-03-30,43.580002,42.650002
GPRO,2015-03-31,43.41,42.889999
GPRO,2015-04-01,40.889999,40.369999
GPRO,2015-04-02,41.959999,40.720001
GPRO,2015-04-06,43.549999,41.68
GPRO,2015-04-07,43.57,42.759998
GPRO,2015-04-08,43.330002,43.130001
GPRO,2015-04-09,43.700001,43.41
GPRO,2015-04-10,45.25,44.349998
GPRO,2015-04-13,44.220001,44.080002
GPRO,2015-04-14,44.48,42.869999
GPRO,2015-04-15,45.669998,45.599998
GPRO,2015-04-16,45.459999,45.209999
GPRO,2015-04-17,44.619999,44.240002
GPRO,2015-04-20,44.880001,44.5
GPRO,2015-04-21,44.310001,43.619999
GPRO,2015-04-22,46.25,44.049999
GPRO,2015-04-23,46.080002,45.650002
GPRO,2015-04-24,44.73,44.599998
GPRO,2015-04-27,45.189999,44.75
GPRO,2015-04-28,47.02,45.389999
GPRO,2015-04-29,52.959999,51.150002
GPRO,2015-04-30,50.080002,49.43
GPRO,2015-05-01,49.98,49.52
GPRO,2015-05-04,49.740002,49.555
GPRO,2015-05-05,47.740002,47.66
GPRO,2015-05-06,48.189999,46.5
GPRO,2015-05-07,49.549999,47.580002
GPRO,2015-05-08,50.209999,49.700001
GPRO,2015-05-11,48.849998,48.669998
GPRO,2015-05-12,49.57,47.73
GPRO,2015-05-13,49.849998,49.029999
GPRO,2015-05-14,50.619999,49.540001
GPRO,2015-05-15,50.09,50
GPRO,2015-05-18,51.130001,50.41
GPRO,2015-05-19,51.849998,51.25
GPRO,2015-05-20,53.880001,52.119999
GPRO,2015-05-21,53.5,52.93
GPRO,2015-05-22,54.439999,53.509998
GPRO,2015-05-26,53.41,52.220001
GPRO,2015-05-27,53.279999,51.91
GPRO,2015-05-28,56.810001,55.029999
GPRO,2015-05-29,55.459999,55.081001
GPRO,2015-06-01,58.52,56.330002
GPRO,2015-06-02,58.400002,58.150002
GPRO,2015-06-03,59.029999,58.700001
GPRO,2015-06-04,58.880001,57.779999
GPRO,2015-06-05,59.41,58.240002
GPRO,2015-06-08,59.400002,58.630001
GPRO,2015-06-09,58.68,57.75
GPRO,2015-06-10,57.91,55.150002
GPRO,2015-06-11,55.990002,55.709999
GPRO,2015-06-12,57.450001,55.349998
GPRO,2015-06-15,58.52,56.5
GPRO,2015-06-16,58.189999,57.835999
GPRO,2015-06-17,59,57.820999
GPRO,2015-06-18,58.279999,57.830002
GPRO,2015-06-19,57.970001,57.560001
GPRO,2015-06-22,54.919998,54.5
GPRO,2015-06-23,56.759998,55.389999
GPRO,2015-06-24,57.049999,56.200001
GPRO,2015-06-25,56.91,56.209999
GPRO,2015-06-26,54.130001,53.57
GPRO,2015-06-29,53.209999,52.110001
GPRO,2015-06-30,52.720001,51.950001
GPRO,2015-07-01,51.950001,51.189999
GPRO,2015-07-02,51.75,51.299999
GPRO,2015-07-06,50.939999,49.400002
GPRO,2015-07-07,52.25,50.349998
GPRO,2015-07-08,51.25,51.130001
GPRO,2015-07-09,52.040001,51.860001
GPRO,2015-07-10,52.509998,52.139999
GPRO,2015-07-13,52.110001,51.119999
GPRO,2015-07-14,54.970001,53.82
GPRO,2015-07-15,54.5,53.830002
GPRO,2015-07-16,55.240002,54.259998
GPRO,2015-07-17,56.639999,55.299999
GPRO,2015-07-20,60.799999,57.91
GPRO,2015-07-21,62.040001,59.060001
GPRO,2015-07-22,61.68,60.049999
GPRO,2015-07-23,63.950001,61.48
GPRO,2015-07-24,62.169998,61.299999
GPRO,2015-07-27,61.27,59.380001
GPRO,2015-07-28,62.419998,61.110001
GPRO,2015-07-29,61.869999,61.25
GPRO,2015-07-30,61.689999,60.560001
GPRO,2015-07-31,62.099998,62.029999
GPRO,2015-08-03,62.259998,61.18
GPRO,2015-08-04,62.080002,60.509998
GPRO,2015-08-05,62.669998,61.57
GPRO,2015-08-06,62.880001,61.700001
GPRO,2015-08-07,63.060001,61.66
GPRO,2015-08-10,64.739998,62.799999
GPRO,2015-08-11,59.130001,58.259998
GPRO,2015-08-12,56.91,54.02
GPRO,2015-08-13,59.5,58.169998
GPRO,2015-08-14,58.849998,58.610001
GPRO,2015-08-17,58.549999,57.93
GPRO,2015-08-18,57.490002,56.84
GPRO,2015-08-19,54.669998,54.355
GPRO,2015-08-20,50.599998,50.529999
GPRO,2015-08-21,48.389999,48.049999
GPRO,2015-08-24,47.860001,42.75
GPRO,2015-08-25,47.029999,46.970001
GPRO,2015-08-26,46.279999,43.880001
GPRO,2015-08-27,47.759998,46.849998
GPRO,2015-08-28,48.18,47.060001
GPRO,2015-08-31,46.59,46.347
GPRO,2015-09-01,43.689999,42.09
GPRO,2015-09-02,41.279999,39.040001
GPRO,2015-09-03,38.650002,38.610001
GPRO,2015-09-04,36.830002,36.75
GPRO,2015-09-08,37.5,36.380001
GPRO,2015-09-09,33.650002,33.34
GPRO,2015-09-10,33.880001,33.75
GPRO,2015-09-11,32.419998,31.322001
GPRO,2015-09-14,32.880001,32.619999
GPRO,2015-09-15,33.57,32.740002
GPRO,2015-09-16,35.73,33.535
GPRO,2015-09-17,36.32,35.23
GPRO,2015-09-18,35.150002,34.389999
GPRO,2015-09-21,32.27,32
GPRO,2015-09-22,33.310001,30.549999
GPRO,2015-09-23,32.639999,32.220001
GPRO,2015-09-24,33.919998,32.259998
GPRO,2015-09-25,32.310001,32.139999
GPRO,2015-09-28,29.67,29.620001
GPRO,2015-09-29,29.860001,28.9
GPRO,2015-09-30,31.219999,29.9
GPRO,2015-10-01,30.07,29.75
GPRO,2015-10-02,30.440001,28.91
GPRO,2015-10-05,30.26,29.48
GPRO,2015-10-06,30.65,29.780001
GPRO,2015-10-07,29.33,27.52
GPRO,2015-10-08,27.6,27.065001
GPRO,2015-10-09,29.08,27.950001
GPRO,2015-10-12,28.459999,27.860001
GPRO,2015-10-13,27.969999,27.9
GPRO,2015-10-14,28.09,26.68
GPRO,2015-10-15,28.540001,28.01
GPRO,2015-10-16,28.52,27.83
GPRO,2015-10-19,29.639999,28.076
GPRO,2015-10-20,30.309999,29.870001
GPRO,2015-10-21,29.059999,28.83
GPRO,2015-10-22,28.719999,28.5
GPRO,2015-10-23,29.15,28.809999
GPRO,2015-10-26,28.790001,28.58
GPRO,2015-10-27,28.23,27.99
GPRO,2015-10-28,30.209999,28.42
GPRO,2015-10-29,25.620001,24.950001
GPRO,2015-10-30,25,24.99
GPRO,2015-11-02,25.549999,24.299999
GPRO,2015-11-03,25.02,24.84
GPRO,2015-11-04,25.379999,25.07
GPRO,2015-11-05,24.809999,24.620001
GPRO,2015-11-06,25.129999,24.5
GPRO,2015-11-09,25.92,25.129999
GPRO,2015-11-10,25.02,24.82
GPRO,2015-11-11,25.1,24.76
GPRO,2015-11-12,23.15,23.1
GPRO,2015-11-13,21.16,20.76
GPRO,2015-11-16,21.620001,20.85
GPRO,2015-11-17,20.870001,20.77
GPRO,2015-11-18,19.809999,18.860001
GPRO,2015-11-19,19.93,19.450001
GPRO,2015-11-20,20.450001,19.709999
GPRO,2015-11-23,18.99,18.799999
GPRO,2015-11-24,19.32,18.75
GPRO,2015-11-25,20,19.209999
GPRO,2015-11-27,20.280001,19.85
GPRO,2015-11-30,20.4,20.23
GPRO,2015-12-01,20.129999,19.639999
GPRO,2015-12-02,20.09,19.85
GPRO,2015-12-03,18.93,18.879999
GPRO,2015-12-04,18,17.549999
GPRO,2015-12-07,17.51,17.24
GPRO,2015-12-08,17.58,17.25
BUR.L,2019-06-10,1550.7885,1508.8212
BUR.L,2019-06-11,1565.7771,1549.7896
BUR.L,2019-06-12,1534.8011,1511.8191
BUR.L,2019-06-13,1496.8311,1475.8474
BUR.L,2019-06-14,1497.83,1478.8448
BUR.L,2019-06-17,1484.8402,1460.8589
BUR.L,2019-06-18,1513.8176,1457.8613
BUR.L,2019-06-19,1549.7896,1501.827
BUR.L,2019-06-20,1535.8003,1535.8003
BUR.L,2019-06-21,1587.7595,1531.8032
BUR.L,2019-06-24,1612.7404,1573.7708
BUR.L,2019-06-25,1567.7754,1546.7918
BUR.L,2019-06-26,1528.8059,1528.8059
BUR.L,2019-06-27,1504.8246,1503.8254
BUR.L,2019-06-28,1548.7903,1494.8324
BUR.L,2019-07-01,1503.8254,1461.8582
BUR.L,2019-07-02,1548.7903,1496.8309
BUR.L,2019-07-03,1584.7622,1545.7926
BUR.L,2019-07-04,1574.7697,1555.7845
BUR.L,2019-07-05,1590.7573,1563.7784
BUR.L,2019-07-08,1554.7855,1536.7996
BUR.L,2019-07-09,1545.7926,1513.8176
BUR.L,2019-07-10,1556.7841,1536.7997
BUR.L,2019-07-11,1538.798,1499.8284
BUR.L,2019-07-12,1537.7988,1518.8137
BUR.L,2019-07-15,1536.7997,1505.8239
BUR.L,2019-07-16,1546.7917,1522.8105
BUR.L,2019-07-17,1562.7794,1520.8122
BUR.L,2019-07-18,1599.7505,1552.7872
BUR.L,2019-07-19,1588.759,1575.7692
BUR.L,2019-07-22,1579.7657,1568.7743
BUR.L,2019-07-23,1636.7217,1582.7638
BUR.L,2019-07-24,1667.6974,1618.7356
BUR.L,2019-07-25,1537.7988,1500.8277
BUR.L,2019-07-26,1498.8293,1459.8598
BUR.L,2019-07-29,1430.8824,1397.9082
BUR.L,2019-07-30,1475.8473,1397.6154
BUR.L,2019-07-31,1502.8259,1443.872
BUR.L,2019-08-01,1449.8676,1434.8793
BUR.L,2019-08-02,1423.8878,1402.9042
BUR.L,2019-08-05,1379.9221,1360.9369
BUR.L,2019-08-06,1120.125,1071.6249
BUR.L,2019-08-07,604.52783,379.90329
BUR.L,2019-08-08,759.40686,552.0688
BUR.L,2019-08-09,849.33655,755.90953
BUR.L,2019-08-12,754.41064,740.42157
BUR.L,2019-08-13,831.35059,675.47235
BUR.L,2019-08-14,776.39362,768.69961
BUR.L,2019-08-15,879.81268,721.93602
BUR.L,2019-08-16,802.37329,798.87602
BUR.L,2019-08-19,789.88287,749.9141
BUR.L,2019-08-20,825.85498,789.38347
BUR.L,2019-08-21,812.36542,803.90803
BUR.L,2019-08-22,807.36938,614.52001
BUR.L,2019-08-23,761.40533,753.41158
BUR.L,2019-08-27,746.91675,738.42338
BUR.L,2019-08-28,731.42865,693.10861
BUR.L,2019-08-29,685.46448,678.38102
BUR.L,2019-08-30,698.9541,659.63484
BUR.L,2019-09-02,678.47015,675.47249
BUR.L,2019-09-03,688.46228,679.4693
BUR.L,2019-09-04,679.46924,670.07655
BUR.L,2019-09-05,699.45361,679.8629
BUR.L,2019-09-06,696.45612,674.15353
BUR.L,2019-09-09,684.46545,684.46545
BUR.L,2019-09-10,719.43811,688.4623
BUR.L,2019-09-11,786.88538,723.93455
BUR.L,2019-09-12,799.37555,776.89311
BUR.L,2019-09-13,855.33197,796.32807
BUR.L,2019-09-16,831.85028,804.10694
BUR.L,2019-09-17,819.85962,802.87289
BUR.L,2019-09-18,800.37476,764.95242
BUR.L,2019-09-19,792.3811,773.89554
BUR.L,2019-09-20,809.86731,792.96053
BUR.L,2019-09-23,870.32019,817.36156
BUR.L,2019-09-24,833.34918,832.34996
BUR.L,2019-09-25,827.85345,792.38116
BUR.L,2019-09-26,790.88232,790.88232
BUR.L,2019-09-27,794.37952,780.89005
BUR.L,2019-09-30,823.35687,789.38341
BUR.L,2019-10-01,837.34595,817.36156
BUR.L,2019-10-02,804.87134,799.37563
BUR.L,2019-10-03,781.88934,761.90495
BUR.L,2019-10-04,801.37408,785.88618
BUR.L,2019-10-07,797.87677,774.89472
BUR.L,2019-10-08,759.90649,759.90649
BUR.L,2019-10-09,769.39899,759.40679
BUR.L,2019-10-10,763.40381,757.9081
BUR.L,2019-10-11,786.88538,755.77668
BUR.L,2019-10-14,789.38354,755.77679
BUR.L,2019-10-15,793.38031,749.41465
BUR.L,2019-10-16,807.36938,771.77219
BUR.L,2019-10-17,813.8642,805.37083
BUR.L,2019-10-18,799.37555,798.37633
BUR.L,2019-10-21,827.35376,803.02279
BUR.L,2019-10-22,807.36938,797.8768
BUR.L,2019-10-23,820.85883,773.89551
BUR.L,2019-10-24,834.34833,814.36394
BUR.L,2019-10-25,839.34436,820.35919
BUR.L,2019-10-28,849.33655,822.22174
BUR.L,2019-10-29,849.8363,839.3445
BUR.L,2019-10-30,863.82532,827.3538
BUR.L,2019-10-31,878.8136,853.4334
BUR.L,2019-11-01,883.31,860.32795
BUR.L,2019-11-04,879.31305,862.82593
BUR.L,2019-11-05,940.76508,881.31152
BUR.L,2019-11-06,956.25305,917.7831
BUR.L,2019-11-07,947.26013,931.27262
BUR.L,2019-11-08,923.27881,913.78622
BUR.L,2019-11-11,900.79633,879.31311
BUR.L,2019-11-12,896.7995,864.32487
BUR.L,2019-11-13,881.81122,854.33268
BUR.L,2019-11-14,883.84192,861.35866
BUR.L,2019-11-15,856.86206,853.36466
BUR.L,2019-11-18,868.35352,857.3617
BUR.L,2019-11-19,856.86206,846.36987
BUR.L,2019-11-20,812.39508,792.92459
BUR.L,2019-11-21,790.91119,785.91491
BUR.L,2019-11-22,800.40399,779.91925
BUR.L,2019-11-25,802.90222,788.1402
BUR.L,2019-11-26,814.89325,790.41148
BUR.L,2019-11-27,829.38251,796.40706
BUR.L,2019-11-28,831.88068,818.39072
BUR.L,2019-11-29,824.8858,819.88952
BUR.L,2019-12-02,813.89398,798.40551
BUR.L,2019-12-03,787.41364,784.41587
BUR.L,2019-12-04,799.40466,776.92141
BUR.L,2019-12-05,799.40466,794.90801
BUR.L,2019-12-06,807.8985,786.91412
BUR.L,2019-12-09,795.90753,785.91497
BUR.L,2019-12-10,743.44647,731.95503
BUR.L,2019-12-11,727.45837,727.45837
BUR.L,2019-12-12,769.9267,728.45758
BUR.L,2019-12-13,729.45691,725.95951
BUR.L,2019-12-16,731.45532,719.93887
BUR.L,2019-12-17,710.97064,701.47771
BUR.L,2019-12-18,718.96472,694.88268
BUR.L,2019-12-19,724.46057,702.83568
BUR.L,2019-12-20,718.46509,709.47178
BUR.L,2019-12-23,714.46802,695.48215
BUR.L,2019-12-24,699.97876,693.4836
BUR.L,2019-12-27,716.96619,699.97883
BUR.L,2019-12-30,717.46588,710.97072
BUR.L,2019-12-31,711.47028,707.47325
BUR.L,2020-01-02,709.97144,696.43153
BUR.L,2020-01-03,698.97968,686.49196
BUR.L,2020-01-06,683.49109,661.00783
BUR.L,2020-01-07,699.47919,672.9989
BUR.L,2020-01-08,677.49554,654.51266
BUR.L,2020-01-09,696.48151,670.00122
BUR.L,2020-01-10,693.98328,675.49704
BUR.L,2020-01-13,679.49408,675.25724
BUR.L,2020-01-14,699.47919,680.49332
BUR.L,2020-01-15,671.00043,669.50154
BUR.L,2020-01-16,669.50153,665.5045
BUR.L,2020-01-17,671.00043,663.50601
BUR.L,2020-01-20,664.00562,663.00636
BUR.L,2020-01-21,643.02124,643.02124
BUR.L,2020-01-22,644.52008,635.83557
BUR.L,2020-01-23,635.02716,632.02939
BUR.L,2020-01-24,621.53729,610.54548
BUR.L,2020-01-27,619.53864,605.54905
BUR.L,2020-01-28,624.03546,610.04588
BUR.L,2020-01-29,647.51801,625.03474
BUR.L,2020-01-30,644.02057,629.03173
BUR.L,2020-01-31,630.03082,629.53119
BUR.L,2020-02-03,653.01379,594.87507
BUR.L,2020-02-04,689.48657,659.24908
BUR.L,2020-02-05,684.49048,673.49866
BUR.L,2020-02-06,648.01752,641.4724
BUR.L,2020-02-07,637.02576,612.54398
BUR.L,2020-02-10,619.03912,582.56628
BUR.L,2020-02-11,622.53662,551.58943
BUR.L,2020-02-12,624.53497,605.07345
BUR.L,2020-02-13,599.55353,596.05613
BUR.L,2020-02-14,593.55804,573.57293
BUR.L,2020-02-17,601.05243,592.55875
BUR.L,2020-02-18,584.56482,579.56854
BUR.L,2020-02-19,589.5611,580.06816
BUR.L,2020-02-20,615.54163,584.56469
BUR.L,2020-02-21,616.04144,607.54777
BUR.L,2020-02-24,596.05634,578.56935
BUR.L,2020-02-25,589.5611,578.06965
BUR.L,2020-02-26,595.55652,551.58926
BUR.L,2020-02-27,551.08972,541.59679
BUR.L,2020-02-28,538.0993,494.63167
BUR.L,2020-03-02,502.1261,502.1261
BUR.L,2020-03-03,512.11865,503.12535
BUR.L,2020-03-04,484.03958,470.24986
BUR.L,2020-03-05,466.05301,465.05375
BUR.L,2020-03-06,453.06268,436.87475
BUR.L,2020-03-09,411.49362,384.71357
BUR.L,2020-03-10,418.48843,409.69499
BUR.L,2020-03-11,400.90152,394.70612
BUR.L,2020-03-12,379.71729,283.28109
BUR.L,2020-03-13,387.7113,356.93423
BUR.L,2020-03-16,317.56354,301.37561
BUR.L,2020-03-17,298.97736,287.18612
BUR.L,2020-03-18,280.39127,250.2417
BUR.L,2020-03-19,293.38153,274.00994
BUR.L,2020-03-20,313.16681,296.57915
BUR.L,2020-03-23,303.77377,278.79238
BUR.L,2020-03-24,310.56876,286.18692
BUR.L,2020-03-25,356.33469,311.24326
BUR.L,2020-03-26,427.88141,342.74479
BUR.L,2020-03-27,395.70535,379.75821
BUR.L,2020-03-30,396.1051,379.75826
BUR.L,2020-03-31,419.6875,379.75822
BUR.L,2020-04-01,385.71283,379.3176
BUR.L,2020-04-02,335.05051,325.85737
BUR.L,2020-04-03,316.56433,309.66947
BUR.L,2020-04-06,351.0386,320.5613
BUR.L,2020-04-07,406.39749,351.63824
BUR.L,2020-04-08,407.69647,391.20875
BUR.L,2020-04-09,453.16257,414.69121
BUR.L,2020-04-14,384.31387,373.42199
BUR.L,2020-04-15,344.74329,339.54714
BUR.L,2020-04-16,346.44202,336.24959
BUR.L,2020-04-17,375.12067,347.5322
BUR.L,2020-04-20,366.02744,361.73065
BUR.L,2020-04-21,337.0491,337.0491
BUR.L,2020-04-22,329.15491,323.75893
BUR.L,2020-04-23,350.93878,322.65981
BUR.L,2020-04-24,385.71283,341.96641
BUR.L,2020-04-27,406.59723,385.81272
BUR.L,2020-04-28,473.84717,449.16553
BUR.L,2020-04-29,479.64288,451.66372
BUR.L,2020-04-30,499.82785,466.9523
BUR.L,2020-05-01,450.66446,442.17078
BUR.L,2020-05-04,410.59427,405.99769
BUR.L,2020-05-05,435.67566,409.19537
BUR.L,2020-05-06,432.87772,429.58015
BUR.L,2020-05-07,422.68524,417.88883
BUR.L,2020-05-11,479.14325,425.88292
BUR.L,2020-05-12,485.53848,430.37957
BUR.L,2020-05-13,459.05823,447.36695
BUR.L,2020-05-14,424.68381,418.38851
BUR.L,2020-05-15,429.68011,413.4652
BUR.L,2020-05-18,433.27737,424.68377
BUR.L,2020-05-19,431.37881,415.49062
BUR.L,2020-05-20,446.56754,414.69127
BUR.L,2020-05-21,464.65408,434.37664
BUR.L,2020-05-22,466.55264,444.66894
BUR.L,2020-05-26,500.2276,469.29262
BUR.L,2020-05-27,457.25952,454.16182
BUR.L,2020-05-28,450.26483,434.07687
BUR.L,2020-05-29,442.87027,434.67636
BUR.L,2020-06-01,434.17676,430.67936
BUR.L,2020-06-02,469.25064,434.47651
BUR.L,2020-06-03,499.32828,468.05154
BUR.L,2020-06-04,524.60956,487.83993
BUR.L,2020-06-05,560.58276,527.69422
BUR.L,2020-06-08,569.57605,564.18004
BUR.L,2020-06-09,563.78021,539.79807
BUR.L,2020-06-10,545.99353,539.59827
BUR.L,2020-06-11,504.62433,504.62433
BUR.L,2020-06-12,511.41919,493.84329
BUR.L,2020-06-15,504.42441,484.83902
BUR.L,2020-06-16,508.82117,505.22384
BUR.L,2020-06-17,519.21344,515.4203
BUR.L,2020-06-18,500.82715,496.0307
BUR.L,2020-06-19,502.02625,487.13734
BUR.L,2020-06-22,531.80402,495.23823
BUR.L,2020-06-23,543.39539,532.0039
BUR.L,2020-06-24,494.63171,494.63171
BUR.L,2020-06-25,482.54071,456.46012
BUR.L,2020-06-26,487.4371,482.74062
BUR.L,2020-06-29,469.6503,456.85984
BUR.L,2020-06-30,464.65408,450.2648
BUR.L,2020-07-01,458.65854,451.46388
BUR.L,2020-07-02,507.42218,464.65404
BUR.L,2020-07-03,492.63324,480.02263
BUR.L,2020-07-06,521.81152,501.62654
BUR.L,2020-07-07,532.80328,521.6116
BUR.L,2020-07-08,528.20667,509.62053
BUR.L,2020-07-09,522.21118,509.82044
BUR.L,2020-07-10,509.62051,504.8241
BUR.L,2020-07-13,529.40582,510.02026
BUR.L,2020-07-14,523.01068,508.42151
BUR.L,2020-07-15,532.80328,507.82188
BUR.L,2020-07-16,544.39465,522.61088
BUR.L,2020-07-17,540.19775,530.60492
BUR.L,2020-07-20,546.19336,526.00843
BUR.L,2020-07-21,558.38422,544.5945
BUR.L,2020-07-22,554.58704,547.19252
BUR.L,2020-07-23,549.59082,538.79887
BUR.L,2020-07-24,544.59454,538.39914
BUR.L,2020-07-27,548.59155,538.59899
BUR.L,2020-07-28,559.98309,544.59453
BUR.L,2020-07-29,599.95337,556.58563
BUR.L,2020-07-30,556.58575,542.79603
BUR.L,2020-07-31,536.60052,530.00546
BUR.L,2020-08-03,546.9928,538.99875
BUR.L,2020-08-04,563.58038,544.59452
BUR.L,2020-08-05,566.77802,557.58485
BUR.L,2020-08-06,558.784,544.59455
BUR.L,2020-08-07,548.59155,536.00095
BUR.L,2020-08-10,558.18439,543.995
BUR.L,2020-08-11,580.56775,552.70647
BUR.L,2020-08-12,568.177,565.00541
BUR.L,2020-08-13,563.98016,559.38355
BUR.L,2020-08-14,565.37903,542.29624
BUR.L,2020-08-17,559.98309,519.61313
BUR.L,2020-08-18,553.98755,541.99648
BUR.L,2020-08-19,552.58862,545.39397
BUR.L,2020-08-20,524.60956,517.01523
BUR.L,2020-08-21,526.00836,517.90935
BUR.L,2020-08-24,548.19177,517.90933
BUR.L,2020-08-25,560.18286,462.6555
BUR.L,2020-08-26,574.37231,558.66904
BUR.L,2020-08-27,567.57727,560.98221
BUR.L,2020-08-28,566.57812,558.9838
BUR.L,2020-09-01,582.56628,565.77879
BUR.L,2020-09-02,596.55579,574.77202
BUR.L,2020-09-03,556.58575,555.5865
BUR.L,2020-09-04,564.57977,545.5939
BUR.L,2020-09-07,575.37158,567.5774
BUR.L,2020-09-08,572.77356,557.98458
BUR.L,2020-09-09,567.1778,557.3851
GDS,2018-06-01,37.580002,37.380001
GDS,2018-06-04,39.82,37.73
GDS,2018-06-05,40.009998,39.349998
GDS,2018-06-06,40.66,39.48
GDS,2018-06-07,39.150002,38.900002
GDS,2018-06-08,39.810001,38.009998
GDS,2018-06-11,40.950001,39.66
GDS,2018-06-12,41.98,40.75
GDS,2018-06-13,41.25,40.84
GDS,2018-06-14,45.720001,41.685001
GDS,2018-06-15,45.099998,44.200001
GDS,2018-06-18,44.990002,44.049999
GDS,2018-06-19,44.25,41.110001
GDS,2018-06-20,43.43,43.099998
GDS,2018-06-21,43.02,41.700001
GDS,2018-06-22,42.77,41.959999
GDS,2018-06-25,40.34,39.720001
GDS,2018-06-26,40.41,39.549999
GDS,2018-06-27,37.09,36.650002
GDS,2018-06-28,39.16,36.599998
GDS,2018-06-29,40.09,39.560001
GDS,2018-07-02,40.32,38.540001
GDS,2018-07-03,40.240002,40.029999
GDS,2018-07-05,39.959999,39.16
GDS,2018-07-06,41.689999,39.450001
GDS,2018-07-09,43.060001,41.970001
GDS,2018-07-10,42.970001,42.259998
GDS,2018-07-11,44,41.709999
GDS,2018-07-12,45.610001,43.439999
GDS,2018-07-13,43.75,43.549999
GDS,2018-07-16,43.419998,42.509998
GDS,2018-07-17,43.549999,42.799999
GDS,2018-07-18,45.139999,42.855
GDS,2018-07-19,45.009998,44.389999
GDS,2018-07-20,44.810001,43.93
GDS,2018-07-23,43.459999,43.119999
GDS,2018-07-24,40.700001,40.369999
GDS,2018-07-25,41.599998,40
GDS,2018-07-26,39.779999,39.200001
GDS,2018-07-27,36.880001,36.09
GDS,2018-07-30,34.75,34.040001
GDS,2018-07-31,21.83,18.59
GDS,2018-08-01,25,22.15
GDS,2018-08-02,27.9,24
GDS,2018-08-03,28.129999,26.860001
GDS,2018-08-06,27.690001,26.85
GDS,2018-08-07,28.32,27.43
GDS,2018-08-08,27.799999,27.5
GDS,2018-08-09,30.76,27.76
GDS,2018-08-10,31.15,30.049999
GDS,2018-08-13,32.619999,31.049999
GDS,2018-08-14,30.719999,29.030001
GDS,2018-08-15,29.540001,29
GDS,2018-08-16,30.940001,29.450001
GDS,2018-08-17,31.209999,30
GDS,2018-08-20,31.57,30.48
GDS,2018-08-21,33.52,31.5
GDS,2018-08-22,34.830002,32.259998
GDS,2018-08-23,35.540001,34.32
GDS,2018-08-24,36.290001,34.84
GDS,2018-08-27,37.869999,36.189999
GDS,2018-08-28,37.889999,36.66
GDS,2018-08-29,38.98,37.889999
GDS,2018-08-30,36.759998,35.959999
GDS,2018-08-31,38.169998,36.57
GDS,2018-09-04,38.470001,37.464001
GDS,2018-09-05,37.060001,35.610001
GDS,2018-09-06,35.279999,35.060001
GDS,2018-09-07,34.639999,34.549999
GDS,2018-09-10,34.400002,33.119999
GDS,2018-09-11,34.060001,33.200001
GDS,2018-09-12,33.950001,32.75
GDS,2018-09-13,34.849998,34
GDS,2018-09-14,34.740002,34.299999
GDS,2018-09-17,33.5,33.110001
GDS,2018-09-18,33.650002,33.130001
GDS,2018-09-19,33.990002,33.080002
GDS,2018-09-20,34.25,32.209999
GDS,2018-09-21,34.299999,33.794998
GDS,2018-09-24,34.029999,32.900002
GDS,2018-09-25,34.889999,33.66
GDS,2018-09-26,34.470001,34.330002
GDS,2018-09-27,34.779999,34.5
GDS,2018-09-28,35.130001,34.320999
GDS,2018-10-01,34.09,33.950001
GDS,2018-10-02,32.23,32.029999
GDS,2018-10-03,30.969999,30.799999
GDS,2018-10-04,28.77,28.02
GDS,2018-10-05,27.719999,27.219999
GDS,2018-10-08,26.42,25.799999
GDS,2018-10-09,25.93,25.57
GDS,2018-10-10,23.790001,23.549999
GDS,2018-10-11,25.889999,23.17
GDS,2018-10-12,27.65,26.35
GDS,2018-10-15,26.65,25.76
GDS,2018-10-16,27.84,26.66
GDS,2018-10-17,28.1,26.940001
GDS,2018-10-18,25.549999,24.709999
GDS,2018-10-19,24.67,24.35
GDS,2018-10-22,25.58,24.52
GDS,2018-10-23,24.34,23.379999
GDS,2018-10-24,22.26,21.65
GDS,2018-10-25,23.99,22.059999
GDS,2018-10-26,23.15,22.309999
GDS,2018-10-29,22.18,21.66
GDS,2018-10-30,22.16,21.190001
GDS,2018-10-31,23.469999,22.58
GDS,2018-11-01,25.129999,23.27
GDS,2018-11-02,25.26,24.9
GDS,2018-11-05,24.27,23.77
GDS,2018-11-06,24.23,23.889999
GDS,2018-11-07,24.860001,24.709999
GDS,2018-11-08,23.73,23.719999
GDS,2018-11-09,23.799999,22.24
GDS,2018-11-12,23.01,22.52
GDS,2018-11-13,25.73,23.275
GDS,2018-11-14,28.35,26.379999
GDS,2018-11-15,29.17,28.33
GDS,2018-11-16,29.200001,28.51
GDS,2018-11-19,27.59,26.969
GDS,2018-11-20,26.08,25.08
GDS,2018-11-21,27.040001,26.190001
GDS,2018-11-23,26.809999,26.145
GDS,2018-11-26,27.950001,27
GDS,2018-11-27,28.459999,27.18
GDS,2018-11-28,29.290001,28.379999
GDS,2018-11-29,29.290001,28.5
GDS,2018-11-30,29.49,28.844
GDS,2018-12-03,31.5,29.879999
GDS,2018-12-04,29.59,29.049999
GDS,2018-12-06,29.030001,27.028999
GDS,2018-12-07,27.74,26.969999
GDS,2018-12-10,27.09,26.67
GDS,2018-12-11,26.98,26.33
GDS,2018-12-12,27.66,26.969999
GDS,2018-12-13,26.43,26.33
GDS,2018-12-14,24.82,24.540001
GDS,2018-12-17,23.870001,23.610001
GDS,2018-12-18,23.99,23.6
GDS,2018-12-19,23.559999,23.219999
GDS,2018-12-20,23.280001,22.799999
GDS,2018-12-21,21.9,21.26
GDS,2018-12-24,21.799999,21.57
GDS,2018-12-26,22.85,21.309999
GDS,2018-12-27,22.73,21.5
GDS,2018-12-28,22.4,21.860001
GDS,2018-12-31,23.09,22.6
GDS,2019-01-02,22.370001,21.75
GDS,2019-01-03,20.9,20.84
GDS,2019-01-04,23.059999,21.26
GDS,2019-01-07,24.360001,22.799999
GDS,2019-01-08,25.01,24.139999
GDS,2019-01-09,26.34,25.290001
GDS,2019-01-10,27.01,25.66
GDS,2019-01-11,27.530001,26.33
GDS,2019-01-14,26.620001,26.299999
GDS,2019-01-15,27.91,26.67
GDS,2019-01-16,28.84,27.719999
GDS,2019-01-17,28.93,28.039
GDS,2019-01-18,28.83,28.440001
GDS,2019-01-22,27.139999,26.540001
GDS,2019-01-23,26.85,26.280001
GDS,2019-01-24,28.24,26.99
GDS,2019-01-25,26.49,25.799999
GDS,2019-01-28,26.01,25.25
GDS,2019-01-29,25.5,25.200001
GDS,2019-01-30,26.99,25.08
GDS,2019-01-31,28.4,26.540001
GDS,2019-02-01,28.24,28.209999
GDS,2019-02-04,28.389999,27.83
GDS,2019-02-05,28.65,27.809999
GDS,2019-02-06,28.07,27.83
GDS,2019-02-07,27.1,26.799999
GDS,2019-02-08,27.59,26.799999
GDS,2019-02-11,27.5,27.18
GDS,2019-02-12,28.379999,27.540001
GDS,2019-02-13,28.93,28.4
GDS,2019-02-14,28.309999,27.99
GDS,2019-02-15,28.879999,28.33
GDS,2019-02-19,29.299999,28.450001
GDS,2019-02-20,29.299999,29.139999
GDS,2019-02-21,28.77,28.450001
GDS,2019-02-22,31.16,28.73
GDS,2019-02-25,33.060001,32.060001
GDS,2019-02-26,31.48,31.219999
GDS,2019-02-27,31.74,30.9
GDS,2019-02-28,33.27,31.66
GDS,2019-03-01,35.27,33.290001
GDS,2019-03-04,33.57,33.189999
GDS,2019-03-05,34.470001,33.243999
GDS,2019-03-06,34.84,34.130001
GDS,2019-03-07,34.75,33.310001
GDS,2019-03-08,34.130001,32.73
GDS,2019-03-11,35.700001,34.470001
GDS,2019-03-12,35.450001,35.169998
GDS,2019-03-13,35.139999,34.759998
GDS,2019-03-14,35.580002,33.439999
GDS,2019-03-15,35.880001,35.5
GDS,2019-03-18,36.009998,35.922001
GDS,2019-03-19,36.119999,35.34
GDS,2019-03-20,35.470001,35.334
GDS,2019-03-21,35.360001,35.029999
GDS,2019-03-22,34.080002,34.049999
GDS,2019-03-25,33.52,32.91
GDS,2019-03-26,34.759998,33.599998
GDS,2019-03-27,34.889999,34.630001
GDS,2019-03-28,34.029999,33.48
GDS,2019-03-29,35.689999,34.07
GDS,2019-04-01,36.599998,35.959999
GDS,2019-04-02,37.189999,36.52
GDS,2019-04-03,38.02,37.259998
GDS,2019-04-04,38.150002,37.790001
GDS,2019-04-05,38.73,38.080002
GDS,2019-04-08,38.959999,38.060001
GDS,2019-04-09,38.939999,38.505001
GDS,2019-04-10,39.68,38.939999
GDS,2019-04-11,39.450001,39.23
GDS,2019-04-12,40.75,39
GDS,2019-04-15,38.990002,38.18
GDS,2019-04-16,39.970001,38.810001
GDS,2019-04-17,38.560001,38.509998
GDS,2019-04-18,39.099998,38.009998
GDS,2019-04-22,39.02,38.380001
GDS,2019-04-23,39,38.549999
GDS,2019-04-24,38.849998,38.82
GDS,2019-04-25,38.23,37.310001
GDS,2019-04-26,38.259998,37.869999
GDS,2019-04-29,38.98,38.16
GDS,2019-04-30,39.130001,38.810001
GDS,2019-05-01,38.380001,38.23
GDS,2019-05-02,39.439999,38
GDS,2019-05-03,40.299999,39.259998
GDS,2019-05-06,38.220001,37.419998
GDS,2019-05-07,35.549999,34.849998
GDS,2019-05-08,35.799999,35.029999
GDS,2019-05-09,35.869999,33.82
GDS,2019-05-10,35.439999,34.400002
GDS,2019-05-13,33.169998,33.009998
GDS,2019-05-14,34.82,33.700001
GDS,2019-05-15,38.009998,34.650002
GDS,2019-05-16,38.400002,37.919998
GDS,2019-05-17,37.549999,37.384998
GDS,2019-05-20,35.150002,35.110001
GDS,2019-05-21,36.830002,35.470001
GDS,2019-05-22,35.75,35.580002
GDS,2019-05-23,33.700001,33.290001
GDS,2019-05-24,33.549999,33.32
GDS,2019-05-28,33.07,32.990002
GDS,2019-05-29,33.720001,32.582001
GDS,2019-05-30,33.849998,33.650002
GDS,2019-05-31,32.490002,31.959999
GDS,2019-06-03,31.34,30.940001
GDS,2019-06-04,33.52,30.9
GDS,2019-06-05,33.5,32.869999
GDS,2019-06-06,33.68,33.029999
GDS,2019-06-07,34.900002,33.599998
GDS,2019-06-10,36.049999,35.16
GDS,2019-06-11,36.029999,35.459999
GDS,2019-06-12,34.619999,34.25
GDS,2019-06-13,34.169998,33.130001
GDS,2019-06-14,32.73,32.277
GDS,2019-06-17,33.369999,32.57
GDS,2019-06-18,35.52,33.529999
GDS,2019-06-19,35.099998,34.509998
GDS,2019-06-20,35.290001,35.169998
GDS,2019-06-21,34.279999,34.009998
GDS,2019-06-24,34.639999,33.509998
GDS,2019-06-25,32.900002,32.845001
GDS,2019-06-26,34.700001,33.099998
GDS,2019-06-27,36.740002,34.700001
GDS,2019-06-28,37.57,36.349998
GDS,2019-07-01,37.549999,37.450001
GDS,2019-07-02,38.389999,37.369999
GDS,2019-07-03,38.450001,37.419998
GDS,2019-07-05,38.689999,37.599998
GDS,2019-07-08,37.470001,37.16
GDS,2019-07-09,38.689999,36.779999
GDS,2019-07-10,37.98,37.439999
GDS,2019-07-11,37.66,37.240002
GDS,2019-07-12,38.970001,37.400002
GDS,2019-07-15,38.98,38.849998
GDS,2019-07-16,38.889999,38.43
GDS,2019-07-17,38.900002,38.755001
GDS,2019-07-18,39.380001,38.66
GDS,2019-07-19,39.740002,39.400002
GDS,2019-07-22,40,39.75
GDS,2019-07-23,40.470001,39.560001
GDS,2019-07-24,40.799999,40.25
GDS,2019-07-25,39.610001,39.029999
GDS,2019-07-26,40.150002,39.619999
GDS,2019-07-29,39.990002,39.59
GDS,2019-07-30,40.84,39.450001
GDS,2019-07-31,41.18,40.299999
GDS,2019-08-01,40.189999,39.919998
GDS,2019-08-02,39.869999,38.849998
GDS,2019-08-05,36.68,34.150002
GDS,2019-08-06,36.139999,35.93
GDS,2019-08-07,37.740002,35.07
GDS,2019-08-08,38.799999,38.150002
GDS,2019-08-09,38.419998,38.150002
GDS,2019-08-12,38.57,37.923
GDS,2019-08-13,40.900002,37.400002
GDS,2019-08-14,39.009998,38.189999
GDS,2019-08-15,38.900002,37.529999
GDS,2019-08-16,40.700001,39.049999
GDS,2019-08-19,41.849998,40.869999
GDS,2019-08-20,41.389999,41.237999
GDS,2019-08-21,42.689999,41.75
GDS,2019-08-22,41.23,41.060001
GDS,2019-08-23,40.139999,39.610001
GDS,2019-08-26,40.360001,39.689999
GDS,2019-08-27,40.509998,40.200001
GDS,2019-08-28,40.720001,39.830002
GDS,2019-08-29,40.490002,40.139999
GDS,2019-08-30,40.34,39.77
GDS,2019-09-03,39.759998,39.369999
IONQ,2022-03-04,12.39,12.18
IONQ,2022-03-07,11.89,11.85
IONQ,2022-03-08,11.77,11.52
IONQ,2022-03-09,12.5,11.77
IONQ,2022-03-10,12.75,11.833
IONQ,2022-03-11,12.33,12.253
IONQ,2022-03-14,11.41,11.22
IONQ,2022-03-15,12.49,11.29
IONQ,2022-03-16,13.07,12.37
IONQ,2022-03-17,13.83,12.87
IONQ,2022-03-18,14.36,13.61
IONQ,2022-03-21,14.64,13.98
IONQ,2022-03-22,14.81,14.56
IONQ,2022-03-23,14.2,13.9
IONQ,2022-03-24,13.95,13.682
IONQ,2022-03-25,13.18,12.95
IONQ,2022-03-28,13.14,12.71
IONQ,2022-03-29,12.39,12
IONQ,2022-03-30,12.37,12.12
IONQ,2022-03-31,12.76,12.2
IONQ,2022-04-01,13,12.4
IONQ,2022-04-04,13.58,12.845
IONQ,2022-04-05,12.53,12.4
IONQ,2022-04-06,12.3,11.73
IONQ,2022-04-07,12.44,12.115
IONQ,2022-04-08,12.32,12.06
IONQ,2022-04-11,10.79,10.775
IONQ,2022-04-12,10.99,10.9
IONQ,2022-04-13,11.37,10.83
IONQ,2022-04-14,10.66,10.63
IONQ,2022-04-18,10.6,10.25
IONQ,2022-04-19,10.92,10.15
IONQ,2022-04-20,9.8000002,9.79
IONQ,2022-04-21,9.5,9.4099998
IONQ,2022-04-22,9.1800003,8.8100004
IONQ,2022-04-25,9.1400003,8.8249998
IONQ,2022-04-26,8.1000004,8.1000004
IONQ,2022-04-27,8.1999998,8.1000004
IONQ,2022-04-28,8.3100004,7.77
IONQ,2022-04-29,7.8699999,7.8600001
IONQ,2022-05-02,7.8600001,7.6300001
IONQ,2022-05-03,7.1500001,6.8899999
IONQ,2022-05-04,7.5,6.4699998
IONQ,2022-05-05,6.23,6.1799998
IONQ,2022-05-06,5.9200001,5.6599998
IONQ,2022-05-09,5.0799999,5.0500002
IONQ,2022-05-10,4.8800001,4.7800002
IONQ,2022-05-11,4.3400002,4.29
IONQ,2022-05-12,4.7600002,4.1599998
IONQ,2022-05-13,5.1999998,4.9000001
IONQ,2022-05-16,4.8600001,4.8200002
IONQ,2022-05-17,5.71,5.1199999
IONQ,2022-05-18,5.4499998,5.3899999
IONQ,2022-05-19,5.8299999,5.4349999
IONQ,2022-05-20,5.6300001,5.3099999
IONQ,2022-05-23,5.7600002,5.4000001
IONQ,2022-05-24,5.3899999,5.2800002
IONQ,2022-05-25,5.7199998,5.3200002
IONQ,2022-05-26,5.7600002,5.5100002
IONQ,2022-05-27,5.9299998,5.6729999
IONQ,2022-05-31,5.75,5.48
IONQ,2022-06-01,5.29,5.2249999
IONQ,2022-06-02,5.8000002,5.2399998
IONQ,2022-06-03,5.5300002,5.4450002
IONQ,2022-06-06,5.6399999,5.585
IONQ,2022-06-07,5.52,5.29
IONQ,2022-06-08,5.8400002,5.52
IONQ,2022-06-09,5.3200002,5.3200002
IONQ,2022-06-10,4.9099998,4.9000001
IONQ,2022-06-13,4.52,4.5
IONQ,2022-06-14,4.6100001,4.3850002
IONQ,2022-06-15,5,4.6399999
IONQ,2022-06-16,4.7600002,4.5999999
IONQ,2022-06-17,5.04,4.8000002
IONQ,2022-06-21,5.1399999,5.1199999
IONQ,2022-06-22,4.9899998,4.9400001
IONQ,2022-06-23,5.1199999,4.8400002
IONQ,2022-06-24,5.1100001,5.0900002
IONQ,2022-06-27,4.8299999,4.8099999
IONQ,2022-06-28,4.6900001,4.665
IONQ,2022-06-29,4.46,4.4200001
IONQ,2022-06-30,4.3800001,4.2150002
IONQ,2022-07-01,4.3899999,4.3000002
IONQ,2022-07-05,4.5500002,4.2199998
IONQ,2022-07-06,4.6100001,4.4549999
IONQ,2022-07-07,5.0500002,4.5100002
IONQ,2022-07-08,5.0700002,4.8150001
IONQ,2022-07-11,4.6100001,4.6100001
IONQ,2022-07-12,4.4699998,4.46
IONQ,2022-07-13,4.4299998,4.29
IONQ,2022-07-14,4.3899999,4.3099999
IONQ,2022-07-15,4.5300002,4.3400002
IONQ,2022-07-18,4.5900002,4.5599999
IONQ,2022-07-19,4.73,4.5999999
IONQ,2022-07-20,5.1199999,4.7600002
IONQ,2022-07-21,5.2600002,4.98
IONQ,2022-07-22,4.8800001,4.7849998
IONQ,2022-07-25,4.9400001,4.8299999
IONQ,2022-07-26,4.7199998,4.6700001
IONQ,2022-07-27,5.0999999,4.7600002
IONQ,2022-07-28,5.29,5.0100002
IONQ,2022-07-29,5.4000001,5.1399999
IONQ,2022-08-01,5.25,5.1900001
IONQ,2022-08-02,5.5100002,5.1500001
IONQ,2022-08-03,5.9000001,5.5799999
IONQ,2022-08-04,6.1999998,5.9499998
IONQ,2022-08-05,6.4200001,6.0599999
IONQ,2022-08-08,6.1300001,6.1100001
IONQ,2022-08-09,5.7199998,5.6100001
IONQ,2022-08-10,6.3299999,5.98
IONQ,2022-08-11,6.0700002,6.0549998
IONQ,2022-08-12,6.21,5.98
IONQ,2022-08-15,6.3600001,6.1900001
IONQ,2022-08-16,8.3800001,7.0799999
IONQ,2022-08-17,7.8600001,7.6100001
IONQ,2022-08-18,7.6300001,7.6199999
IONQ,2022-08-19,6.6199999,6.5900002
IONQ,2022-08-22,6.4200001,6.2800002
IONQ,2022-08-23,6.4299998,6.4000001
IONQ,2022-08-24,6.5799999,6.3800001
IONQ,2022-08-25,6.8400002,6.54
IONQ,2022-08-26,6.1900001,6.1500001
IONQ,2022-08-29,6.1900001,6
IONQ,2022-08-30,5.8800001,5.8000002
IONQ,2022-08-31,5.9400001,5.77
IONQ,2022-09-01,5.79,5.5900002
IONQ,2022-09-02,5.6999998,5.6009998
IONQ,2022-09-06,5.6300001,5.5650001
IONQ,2022-09-07,5.3000002,5.1500001
IONQ,2022-09-08,5.2399998,5.0900002
IONQ,2022-09-09,5.3899999,5.2399998
IONQ,2022-09-12,5.9200001,5.4299998
IONQ,2022-09-13,5.5900002,5.48
IONQ,2022-09-14,5.79,5.46
IONQ,2022-09-15,5.7600002,5.5900002
IONQ,2022-09-16,5.4899998,5.4099998
IONQ,2022-09-19,5.3899999,5.23
IONQ,2022-09-20,5.27,5.21
IONQ,2022-09-21,5.1999998,5.1750002
IONQ,2022-09-22,4.9699998,4.855
IONQ,2022-09-23,4.77,4.6500001
IONQ,2022-09-26,4.79,4.73
IONQ,2022-09-27,4.8400002,4.77
IONQ,2022-09-28,5.0700002,4.73
IONQ,2022-09-29,4.7800002,4.6599998
IONQ,2022-09-30,5.0700002,4.9299998
IONQ,2022-10-03,5.2600002,4.9650002
IONQ,2022-10-04,5.8800001,5.4099998
IONQ,2022-10-05,5.71,5.4899998
IONQ,2022-10-06,5.6399999,5.6100001
IONQ,2022-10-07,5.2800002,5.25
IONQ,2022-10-10,5.0700002,4.98
IONQ,2022-10-11,4.8899999,4.52
IONQ,2022-10-12,5.0500002,4.8099999
IONQ,2022-10-13,5.1799998,4.6799998
IONQ,2022-10-14,4.8699999,4.8600001
IONQ,2022-10-17,5.1399999,5.04
IONQ,2022-10-18,5.0799999,5.0050001
IONQ,2022-10-19,5.0100002,4.8979998
IONQ,2022-10-20,5.0700002,4.9699998
IONQ,2022-10-21,5.1300001,4.9549999
IONQ,2022-10-24,5.0599999,4.9200001
IONQ,2022-10-25,5.4000001,5.0999999
IONQ,2022-10-26,5.5300002,5.25
IONQ,2022-10-27,5.4699998,5.4000001
IONQ,2022-10-28,5.6900001,5.4499998
IONQ,2022-10-31,5.8899999,5.6500001
IONQ,2022-11-01,5.6100001,5.5999999
IONQ,2022-11-02,5.3299999,5.3249998
IONQ,2022-11-03,5.1599998,5.1500001
IONQ,2022-11-04,5.1599998,5.02
IONQ,2022-11-07,5.27,5.0640001
IONQ,2022-11-08,4.96,4.9299998
IONQ,2022-11-09,4.6100001,4.6100001
IONQ,2022-11-10,5.5599999,5.0599999
IONQ,2022-11-11,5.8299999,5.3699999
IONQ,2022-11-14,5.9899998,5.6399999
IONQ,2022-11-15,5.6500001,5.4699998
IONQ,2022-11-16,5.25,5.1999998
IONQ,2022-11-17,4.9099998,4.8000002
IONQ,2022-11-18,4.9200001,4.8299999
IONQ,2022-11-21,4.8000002,4.75
IONQ,2022-11-22,4.8499999,4.7399998
IONQ,2022-11-23,4.98,4.8299999
IONQ,2022-11-25,4.9099998,4.9099998
IONQ,2022-11-28,4.9400001,4.8499999
IONQ,2022-11-29,4.8299999,4.8099999
IONQ,2022-11-30,5.1599998,4.79
IONQ,2022-12-01,4.96,4.9499998
IONQ,2022-12-02,4.9400001,4.7449999
IONQ,2022-12-05,4.6500001,4.6100001
IONQ,2022-12-06,4.3499999,4.3299999
IONQ,2022-12-07,4.3499999,4.3119998
IONQ,2022-12-08,4.6199999,4.3449998
IONQ,2022-12-09,4.48,4.48
IONQ,2022-12-12,4.4699998,4.375
IONQ,2022-12-13,4.3200002,4.27
IONQ,2022-12-14,4.23,4.1700001
IONQ,2022-12-15,3.9100001,3.8800001
IONQ,2022-12-16,3.8599999,3.7750001
IONQ,2022-12-19,3.7,3.6400001
IONQ,2022-12-20,3.71,3.625
IONQ,2022-12-21,3.6900001,3.6600001
IONQ,2022-12-22,3.3699999,3.3599999
IONQ,2022-12-23,3.3,3.27
IONQ,2022-12-27,3.0999999,3.05
IONQ,2022-12-28,3.1199999,3.04
IONQ,2022-12-29,3.54,3.1300001
IONQ,2022-12-30,3.45,3.3800001
IONQ,2023-01-03,3.46,3.4100001
IONQ,2023-01-04,3.6099999,3.45
IONQ,2023-01-05,3.6400001,3.52
IONQ,2023-01-06,3.77,3.5899999
IONQ,2023-01-09,3.8099999,3.7850001
IONQ,2023-01-10,3.8099999,3.6800001
IONQ,2023-01-11,3.8599999,3.78
IONQ,2023-01-12,4.0500002,3.7
IONQ,2023-01-13,4.4099998,3.9449999
IONQ,2023-01-17,4.3499999,4.1950002
IONQ,2023-01-18,4.1999998,4.1999998
IONQ,2023-01-19,4.02,4.0100002
IONQ,2023-01-20,4.3400002,4.1399999
IONQ,2023-01-23,4.5,4.3649998
IONQ,2023-01-24,4.4400001,4.3699999
IONQ,2023-01-25,4.5,4.2620001
IONQ,2023-01-26,4.54,4.3049998
IONQ,2023-01-27,4.4899998,4.4299998
IONQ,2023-01-30,4.46,4.4000001
IONQ,2023-01-31,4.4400001,4.4219999
IONQ,2023-02-01,4.7600002,4.4000001
IONQ,2023-02-02,5.4899998,4.9039998
IONQ,2023-02-03,5.5,5.2199998
IONQ,2023-02-06,5.4099998,5.3400002
IONQ,2023-02-07,5.1500001,4.9499998
IONQ,2023-02-08,5.1300001,5.0999999
IONQ,2023-02-09,4.6900001,4.665
IONQ,2023-02-10,4.8099999,4.6799998
IONQ,2023-02-13,4.8899999,4.6799998
IONQ,2023-02-14,4.9899998,4.6700001
IONQ,2023-02-15,5.6500001,5
IONQ,2023-02-16,5.2800002,5.2600002
IONQ,2023-02-17,4.8800001,4.8000002
IONQ,2023-02-21,4.6399999,4.6149998
IONQ,2023-02-22,4.7600002,4.5500002
IONQ,2023-02-23,4.7800002,4.6100001
IONQ,2023-02-24,4.5700002,4.5100002
IONQ,2023-02-27,4.6300001,4.5799999
IONQ,2023-02-28,4.7399998,4.5949998
IONQ,2023-03-01,4.6199999,4.5599999
IONQ,2023-03-02,4.7600002,4.46
IONQ,2023-03-03,5.0300002,4.7849998
IONQ,2023-03-06,4.9299998,4.9000001
IONQ,2023-03-07,4.9400001,4.8200002
IONQ,2023-03-08,5.0599999,4.8639998
IONQ,2023-03-09,4.8299999,4.77
IONQ,2023-03-10,4.5599999,4.4899998
IONQ,2023-03-13,4.71,4.3800001
IONQ,2023-03-14,4.79,4.73
IONQ,2023-03-15,4.77,4.6300001
IONQ,2023-03-16,4.8000002,4.6799998
IONQ,2023-03-17,4.73,4.6350002
IONQ,2023-03-20,4.6100001,4.6100001
IONQ,2023-03-21,4.8699999,4.6300001
IONQ,2023-03-22,4.6500001,4.6500001
IONQ,2023-03-23,4.8400002,4.71
IONQ,2023-03-24,4.8800001,4.7449999
IONQ,2023-03-27,5.1199999,4.8400002
IONQ,2023-03-28,4.6999998,4.6500001
IONQ,2023-03-29,5.1300001,4.8000002
IONQ,2023-03-30,5.0799999,5.04
IONQ,2023-03-31,6.1500001,5.25
IONQ,2023-04-03,6.1500001,5.9099998
IONQ,2023-04-04,7.0700002,6.3000002
IONQ,2023-04-05,6.6599998,6.4099998
IONQ,2023-04-06,6.8099999,6.21
IONQ,2023-04-10,6.8499999,6.6399999
IONQ,2023-04-11,6.7800002,6.6799998
IONQ,2023-04-12,6.5900002,6.5100002
IONQ,2023-04-13,6.8200002,6.6100001
IONQ,2023-04-14,6.71,6.5300002
IONQ,2023-04-17,6.5500002,6.4200001
IONQ,2023-04-18,6.4000001,6.27
IONQ,2023-04-19,6.2800002,6.1599998
IONQ,2023-04-20,6.0999999,6
IONQ,2023-04-21,6.25,6
IONQ,2023-04-24,5.8400002,5.8200002
IONQ,2023-04-25,5.5100002,5.4400001
IONQ,2023-04-26,5.4000001,5.3699999
IONQ,2023-04-27,5.5500002,5.4499998
IONQ,2023-04-28,5.5100002,5.4099998
IONQ,2023-05-01,5.4899998,5.4499998
IONQ,2023-05-02,5.3099999,5.3000002
IONQ,2023-05-03,5.4099998,5.29
IONQ,2023-05-04,5.5700002,5.3800001
IONQ,2023-05-05,5.9000001,5.6999998
IONQ,2023-05-08,6.1500001,6
IONQ,2023-05-09,6.3800001,6.0700002
IONQ,2023-05-10,6.9499998,6.4299998
IONQ,2023-05-11,7.02,6.6500001
IONQ,2023-05-12,6.3499999,6
IONQ,2023-05-15,7.3400002,6.3309999
IONQ,2023-05-16,7.9899998,7.02
IONQ,2023-05-17,8.96,7.9099998
IONQ,2023-05-18,9.0900002,8.5299997
IONQ,2023-05-19,8.8800001,8.7650003
IONQ,2023-05-22,10.86,8.8900003
IONQ,2023-05-23,10.83,10.66
IONQ,2023-05-24,10.24,9.1499996
IONQ,2023-05-25,9.3500004,9.2299995
IONQ,2023-05-26,10,9.4499998
IONQ,2023-05-30,10.99,9.8599997
IONQ,2023-05-31,10.79,10.31
IONQ,2023-06-01,10.72,10.4
IONQ,2023-06-02,9.2200003,9.0600004
IONQ,2023-06-05,9.8400002,8.8999996
IONQ,2023-06-06,9.8100004,9.3000002
QS,2021-02-16,50.639999,48.869999
QS,2021-02-17,66.519997,54.150002
QS,2021-02-18,64,60.080002
QS,2021-02-19,62.259998,61.470001
QS,2021-02-22,64.760002,62.299999
QS,2021-02-23,55.459999,50.77
QS,2021-02-24,59.610001,56.52
QS,2021-02-25,57.580002,57.25
QS,2021-02-26,54.93,53.063
QS,2021-03-01,57.689999,56.009998
QS,2021-03-02,54.889999,54.299999
QS,2021-03-03,48.419998,48.099998
QS,2021-03-04,43.900002,41.639999
QS,2021-03-05,44.389999,37.790001
QS,2021-03-08,46.869999,43.049999
QS,2021-03-09,53.18,47.68
QS,2021-03-10,52.32,51.5
QS,2021-03-11,58.200001,52.799999
QS,2021-03-12,58.310001,54.32
QS,2021-03-15,62.25,59.200001
QS,2021-03-16,57.029999,55.34
QS,2021-03-17,59.880001,54.43
QS,2021-03-18,56.970001,56.200001
QS,2021-03-19,59.34,55.310001
QS,2021-03-22,64.290001,58.450001
QS,2021-03-23,57.459999,55.73
QS,2021-03-24,47.830002,47.110001
QS,2021-03-25,45.990002,41.75
QS,2021-03-26,44.369999,43
QS,2021-03-29,42.400002,42.060001
QS,2021-03-30,44.07,40.52
QS,2021-03-31,44.75,44.139999
QS,2021-04-01,49.299999,48.419998
QS,2021-04-05,49.369999,48.450001
QS,2021-04-06,49.380001,48.189999
QS,2021-04-07,47.389999,47.060001
QS,2021-04-08,47.5,47.240002
QS,2021-04-09,45.77,44.73
QS,2021-04-12,41.849998,41.759998
QS,2021-04-13,42.25,41.610001
QS,2021-04-14,40.849998,40.68
QS,2021-04-15,35.849998,34.220001
QS,2021-04-16,35.52,34.549999
QS,2021-04-19,31.620001,31.049999
QS,2021-04-20,30.950001,29.85
QS,2021-04-21,33.5,29.82
QS,2021-04-22,34.150002,32.66
QS,2021-04-23,36,34.060001
QS,2021-04-26,38.91,36.029999
QS,2021-04-27,37.560001,36.32
QS,2021-04-28,37.82,36.360001
QS,2021-04-29,36.889999,35.889999
QS,2021-04-30,36.540001,35.849998
QS,2021-05-03,35.259998,34.57
QS,2021-05-04,34.709999,32.119999
QS,2021-05-05,32.880001,32.380001
QS,2021-05-06,30.98,29.83
QS,2021-05-07,31.02,30.209999
QS,2021-05-10,28.459999,28.299999
QS,2021-05-11,29.48,26.278999
QS,2021-05-12,27.299999,26.799999
QS,2021-05-13,26.549999,25.16
QS,2021-05-14,27.290001,25.08
QS,2021-05-17,27.68,26.860001
QS,2021-05-18,30.57,27.4
QS,2021-05-19,28.450001,27.700001
QS,2021-05-20,27.5,26.889999
QS,2021-05-21,26.85,26.57
QS,2021-05-24,25.129999,24.549999
QS,2021-05-25,24.059999,23.76
QS,2021-05-26,26.92,23.83
QS,2021-05-27,26.25,25.219999
QS,2021-05-28,25.889999,25.618999
QS,2021-06-01,26.459999,25.27
QS,2021-06-02,28.799999,25.969999
QS,2021-06-03,28.42,27.540001
QS,2021-06-04,28.57,27.549999
QS,2021-06-07,30.33,28.309
QS,2021-06-08,30.59,28.556999
QS,2021-06-09,31.040001,30.15
QS,2021-06-10,27.639999,27.25
QS,2021-06-11,27.9,27.02
QS,2021-06-14,26.68,26.41
QS,2021-06-15,27.110001,25.74
QS,2021-06-16,27.360001,26.370001
QS,2021-06-17,27.4,26.75
QS,2021-06-18,26.959999,26.370001
QS,2021-06-21,26.379999,25.66
QS,2021-06-22,27.360001,26.09
QS,2021-06-23,28.65,27.379999
QS,2021-06-24,28.459999,28.219999
QS,2021-06-25,28.959999,28.110001
QS,2021-06-28,30.860001,28.83
QS,2021-06-29,30.35,29.700001
QS,2021-06-30,29.26,29.15
QS,2021-07-01,27.68,27.42
QS,2021-07-02,26.700001,26.65
QS,2021-07-06,26.459999,26.129999
QS,2021-07-07,25.030001,24.440001
QS,2021-07-08,24.82,24.209999
QS,2021-07-09,25.08,24.25
QS,2021-07-12,24.25,24
QS,2021-07-13,23.26,23.200001
QS,2021-07-14,23.200001,22.530001
QS,2021-07-15,23.68,22.83
QS,2021-07-16,22.860001,22.610001
QS,2021-07-19,23.030001,21.469999
QS,2021-07-20,23.57,22.639999
QS,2021-07-21,24.23,23.620001
QS,2021-07-22,23.42,22.93
QS,2021-07-23,22.440001,22.33
QS,2021-07-26,22.58,21.68
QS,2021-07-27,21.41,21.18
QS,2021-07-28,24.200001,21.83
QS,2021-07-29,22.639999,22.48
QS,2021-07-30,22.91,22.27
QS,2021-08-02,23.08,21.93
QS,2021-08-03,21.799999,21.51
QS,2021-08-04,21.969999,21.530001
QS,2021-08-05,21.91,21.41
QS,2021-08-06,22.030001,21.48
QS,2021-08-09,24.01,21.98
QS,2021-08-10,24.1,23.33
QS,2021-08-11,22.75,22.59
QS,2021-08-12,22.52,22.110001
QS,2021-08-13,21.74,21.41
QS,2021-08-16,20.66,20.32
QS,2021-08-17,20.23,19.83
QS,2021-08-18,20.299999,19.91
QS,2021-08-19,19.299999,19.26
QS,2021-08-20,19.610001,19.120001
QS,2021-08-23,20.59,19.6
QS,2021-08-24,21.299999,20.790001
QS,2021-08-25,21.25,20.360001
QS,2021-08-26,21.27,21.1
QS,2021-08-27,21.48,21.030001
QS,2021-08-30,21.4,20.76
QS,2021-08-31,22,21.35
QS,2021-09-01,22.200001,21.66
QS,2021-09-02,22.459999,22.08
QS,2021-09-03,22.450001,21.811001
QS,2021-09-07,22.18,21.91
QS,2021-09-08,20.74,20.530001
QS,2021-09-09,21.389999,20.6
QS,2021-09-10,21.08,20.99
QS,2021-09-13,21.15,20.41
QS,2021-09-14,20.860001,20.549999
QS,2021-09-15,20.610001,20.502001
QS,2021-09-16,21.34,20.370001
QS,2021-09-17,21.799999,21.18
QS,2021-09-20,20.790001,20.34
QS,2021-09-21,24.120001,22.51
QS,2021-09-22,23.610001,23.129999
QS,2021-09-23,27.049999,23.74
QS,2021-09-24,27,26.15
QS,2021-09-27,26.82,25.92
QS,2021-09-28,25.27,24.93
QS,2021-09-29,25.459999,25.35
QS,2021-09-30,24.540001,24.07
QS,2021-10-01,24.51,23.76
QS,2021-10-04,22.959999,22.701
QS,2021-10-05,22.620001,22.33
QS,2021-10-06,22.48,21.959999
QS,2021-10-07,22.82,22.41
QS,2021-10-08,23.26,23.120001
QS,2021-10-11,23.209999,22.9
QS,2021-10-12,24.389999,23.25
QS,2021-10-13,24.299999,23.950001
QS,2021-10-14,24.610001,23.9
QS,2021-10-15,24.110001,24.08
QS,2021-10-18,24.68,23.799999
QS,2021-10-19,25.33,24.280001
QS,2021-10-20,25.139999,24.6
QS,2021-10-21,24.91,24.82
QS,2021-10-22,23.1,22.75
QS,2021-10-25,25.530001,23.290001
QS,2021-10-26,25.629999,25.299999
QS,2021-10-27,23.440001,23.233999
QS,2021-10-28,25.4,23.461
QS,2021-10-29,28.940001,25.16
QS,2021-11-01,29.77,28.09
QS,2021-11-02,29.110001,27.32
QS,2021-11-03,31.639999,29.16
QS,2021-11-04,31.559999,30.799999
QS,2021-11-05,31.02,30.370001
QS,2021-11-08,37.630001,31.59
QS,2021-11-09,36.740002,34.509998
QS,2021-11-10,34.189999,33.630001
QS,2021-11-11,39.700001,34.5
QS,2021-11-12,38.810001,37.169998
QS,2021-11-15,40.580002,38.75
QS,2021-11-16,36.91,34.869999
QS,2021-11-17,35.779999,35.400002
QS,2021-11-18,33.860001,32.619999
QS,2021-11-19,34.66,33.759998
QS,2021-11-22,33.619999,32.580002
QS,2021-11-23,32.369999,31.65
QS,2021-11-24,32.200001,30.73
QS,2021-11-26,30.639999,29.870001
QS,2021-11-29,30.32,29.879999
QS,2021-11-30,28.84,27.809999
QS,2021-12-01,27.309999,27.219999
QS,2021-12-02,27.35,26.559999
QS,2021-12-03,24.549999,23.91
QS,2021-12-06,24.82,23.049999
QS,2021-12-07,26.209999,25.66
QS,2021-12-08,26.24,24.799999
QS,2021-12-09,24.33,24.025
QS,2021-12-10,23.9,23.66
QS,2021-12-13,23.370001,22.620001
QS,2021-12-14,23.67,22.792
QS,2021-12-15,23.98,22.299999
QS,2021-12-16,23.040001,22.73
QS,2021-12-17,23.780001,21.83
QS,2021-12-20,22.65,22.16
QS,2021-12-21,23.65,22.74
QS,2021-12-22,24.24,23.02
QS,2021-12-23,24.57,23.6
QS,2021-12-27,23.969999,23.809999
QS,2021-12-28,22.9,22.75
QS,2021-12-29,22.030001,21.52
QS,2021-12-30,23.15,21.950001
QS,2021-12-31,22.190001,22.139999
QS,2022-01-03,23.219999,22.4
QS,2022-01-04,22.969999,22
QS,2022-01-05,21.51,21.4
QS,2022-01-06,20.75,20
QS,2022-01-07,21.01,20.5
QS,2022-01-10,20.23,19.209999
QS,2022-01-11,21.299999,19.885
QS,2022-01-12,20.940001,20.6
QS,2022-01-13,20.59,20.309999
QS,2022-01-14,20.68,19.93
QS,2022-01-18,19.5,19.42
QS,2022-01-19,17.92,17.9
QS,2022-01-20,17.299999,17.209999
QS,2022-01-21,15.72,15.64
QS,2022-01-24,15.89,13.76
QS,2022-01-25,15.31,14.9
QS,2022-01-26,15.48,15.28
QS,2022-01-27,14.11,14.02
QS,2022-01-28,14.42,13.43
QS,2022-01-31,16.690001,14.597
QS,2022-02-01,17.540001,16.17
QS,2022-02-02,16.700001,16.379999
QS,2022-02-03,15.99,15.865
QS,2022-02-04,16.42,15.64
QS,2022-02-07,16.379999,16.305
QS,2022-02-08,16.65,16.030001
QS,2022-02-09,17.4,16.610001
QS,2022-02-10,16.709999,16.6
QS,2022-02-11,15.87,15.7
QS,2022-02-14,15.82,15.65
QS,2022-02-15,17.51,16.26
QS,2022-02-16,16.99,16.780001
QS,2022-02-17,16.16,16.059999
QS,2022-02-18,15.61,15.371
QS,2022-02-22,14.77,14.35
QS,2022-02-23,14.11,14
QS,2022-02-24,15.37,13.21
QS,2022-02-25,15.35,14.51
QS,2022-02-28,16.139999,15.143
QS,2022-03-01,16.370001,15.81
QS,2022-03-02,15.79,15.44
QS,2022-03-03,15.22,15.111
QS,2022-03-04,14.29,14.21
QS,2022-03-07,14.28,14.27
QS,2022-03-08,14.84,13.77
QS,2022-03-09,16.01,15.17
QS,2022-03-10,15.85,15.325
QS,2022-03-11,14.9,14.86
QS,2022-03-14,13.9,13.77
QS,2022-03-15,14.35,13.23
QS,2022-03-16,15.69,14.59
QS,2022-03-17,16.52,15.29
QS,2022-03-18,17.07,16.32
QS,2022-03-21,16.889999,16.450001
QS,2022-03-22,17.57,16.799999
QS,2022-03-23,17.370001,16.98
QS,2022-03-24,17.77,16.940001
QS,2022-03-25,17.290001,17.01
QS,2022-03-28,18.48,17.48
QS,2022-03-29,20.35,18.6
QS,2022-03-30,20.16,19.77
QS,2022-03-31,19.99,19.32
QS,2022-04-01,20.25,19.700001
QS,2022-04-04,21.58,20.42
QS,2022-04-05,20.139999,20.059999
QS,2022-04-06,19.290001,18.67
QS,2022-04-07,18.76,18.035
QS,2022-04-08,17.950001,17.83
QS,2022-04-11,17.959999,17.07
QS,2022-04-12,17.77,17.635
QS,2022-04-13,18.48,17.49
QS,2022-04-14,18.209999,18.075001
QS,2022-04-18,17.17,16.761
QS,2022-04-19,17.950001,16.834999
QS,2022-04-20,17.1,16.98
QS,2022-04-21,16.01,15.91
QS,2022-04-22,15.62,15.515
QS,2022-04-25,15.67,15.13
QS,2022-04-26,14.38,14.36
QS,2022-04-27,14.79,14.415
QS,2022-04-28,15.41,13.88
QS,2022-04-29,14.94,14.93
QS,2022-05-02,15.92,14.52
QS,2022-05-03,15.85,15.58
QS,2022-05-04,16.5,15.22
QS,2022-05-05,15.15,14.85
QS,2022-05-06,14.6,14.04
QS,2022-05-09,12.71,12.67
QS,2022-05-10,12.04,11.6
QS,2022-05-11,10.37,10.335
QS,2022-05-12,11.02,10
QS,2022-05-13,12.36,11.5
QS,2022-05-16,11.47,11.37
QS,2022-05-17,12.12,11.47
QS,2022-05-18,11.43,11.27
QS,2022-05-19,12.3,11.37
XYZ,2023-01-23,81.660004,76.720001
XYZ,2023-01-24,80.790001,79.510002
XYZ,2023-01-25,80.769997,74.769997
XYZ,2023-01-26,81.190002,78.320999
XYZ,2023-01-27,83.830002,80.669998
XYZ,2023-01-30,79.790001,79.639999
XYZ,2023-01-31,81.720001,80.199997
XYZ,2023-02-01,83.900002,80.059998
XYZ,2023-02-02,88.410004,86.220001
XYZ,2023-02-03,84.709999,84.25
XYZ,2023-02-06,82.550003,81.309998
XYZ,2023-02-07,83.18,80.660004
XYZ,2023-02-08,81.129997,81.120003
XYZ,2023-02-09,76.18,75.599998
XYZ,2023-02-10,75.230003,74.139999
XYZ,2023-02-13,76.82,74.739998
XYZ,2023-02-14,78.800003,75.550003
XYZ,2023-02-15,82.690002,78.529999
XYZ,2023-02-16,78.629997,78.5
XYZ,2023-02-17,75.019997,74.169998
XYZ,2023-02-21,71.949997,71.919998
XYZ,2023-02-22,72.940002,71.800003
XYZ,2023-02-23,74.150002,71.839996
XYZ,2023-02-24,77.360001,73.519997
XYZ,2023-02-27,75.139999,74.860001
XYZ,2023-02-28,76.730003,74.519997
XYZ,2023-03-01,76.629997,74.650002
XYZ,2023-03-02,78.040001,74.544998
XYZ,2023-03-03,80.879997,77.650002
XYZ,2023-03-06,80.809998,80.290001
XYZ,2023-03-07,78.040001,77.93
XYZ,2023-03-08,77.949997,75.830002
XYZ,2023-03-09,73.800003,73.5
XYZ,2023-03-10,71.010002,68.470001
XYZ,2023-03-13,69.459999,67.25
XYZ,2023-03-14,73.629997,71.400002
XYZ,2023-03-15,74.07,71.669998
XYZ,2023-03-16,75.089996,73.809998
XYZ,2023-03-17,73.980003,73.089996
XYZ,2023-03-20,74.5,72.690002
XYZ,2023-03-21,77.459999,75.720001
XYZ,2023-03-22,72.650002,72.610001
XYZ,2023-03-23,61.880001,56.5
XYZ,2023-03-24,60.68,59.099998
XYZ,2023-03-27,64.400002,61.549999
XYZ,2023-03-28,63.759998,63.5
XYZ,2023-03-29,66.489998,64.559998
XYZ,2023-03-30,68.489998,67.790001
XYZ,2023-03-31,68.650002,68.050003
XYZ,2023-04-03,67.830002,65.805
XYZ,2023-04-04,68.839996,67.669998
XYZ,2023-04-05,67.660004,66.620003
XYZ,2023-04-06,68.099998,66.160004
XYZ,2023-04-10,66.360001,65.470001
XYZ,2023-04-11,66.419998,65.760002
XYZ,2023-04-12,62.740002,62.599998
XYZ,2023-04-13,64.559998,63.200001
XYZ,2023-04-14,64.040001,63.689999
XYZ,2023-04-17,64.190002,63.110001
XYZ,2023-04-18,63.900002,63.845001
XYZ,2023-04-19,62.869999,61.43
XYZ,2023-04-20,62.360001,61.540001
XYZ,2023-04-21,63.48,62.02
XYZ,2023-04-24,64.5,63.049999
XYZ,2023-04-25,61,60.970001
XYZ,2023-04-26,60.57,60.009998
XYZ,2023-04-27,60.580002,58.91
XYZ,2023-04-28,60.790001,58.970001
XYZ,2023-05-01,60.220001,59.75
XYZ,2023-05-02,57.759998,57.630001
XYZ,2023-05-03,59.32,57.419998
XYZ,2023-05-04,60.43,59.209999
XYZ,2023-05-05,59.25,58.794998
XYZ,2023-05-08,58.799999,57.77
XYZ,2023-05-09,59.32,57.889999
XYZ,2023-05-10,57.529999,57.150002
XYZ,2023-05-11,57.310001,55.700001
XYZ,2023-05-12,55.560001,55.110001
XYZ,2023-05-15,56.869999,55.049999
XYZ,2023-05-16,55.540001,55.049999
XYZ,2023-05-17,57.759998,55.459999
XYZ,2023-05-18,59.52,57.52
XYZ,2023-05-19,58.650002,58.145
XYZ,2023-05-22,60.619999,57.540001
XYZ,2023-05-23,61.560001,59.82
XYZ,2023-05-24,61.860001,59.959999
XYZ,2023-05-25,59.299999,59.009998
XYZ,2023-05-26,59,58.970001
XYZ,2023-05-30,58.84,57.779999
XYZ,2023-05-31,60.389999,58.360001
XYZ,2023-06-01,61.5,59.040001
XYZ,2023-06-02,63.459999,61.27
XYZ,2023-06-05,63.540001,62.573002
XYZ,2023-06-06,65.980003,62.209999
XYZ,2023-06-07,66.239998,65.110001
XYZ,2023-06-08,65.089996,64.82
XYZ,2023-06-09,64.940002,64.57
XYZ,2023-06-12,64.199997,63.580002
XYZ,2023-06-13,65.519997,64.870003
XYZ,2023-06-14,63.689999,62.869999
XYZ,2023-06-15,66.190002,63.560001
XYZ,2023-06-16,66.510002,65.700996
XYZ,2023-06-20,66.800003,65.349998
XYZ,2023-06-21,65.459999,64.809998
XYZ,2023-06-22,64.110001,63.139999
XYZ,2023-06-23,62.860001,61.855
XYZ,2023-06-26,61.75,61.650002
XYZ,2023-06-27,63.93,62.044998
XYZ,2023-06-28,64.769997,63.330002
XYZ,2023-06-29,64.389999,63.740002
XYZ,2023-06-30,66.57,64.809998
XYZ,2023-07-03,66.199997,66.040001
XYZ,2023-07-05,68.970001,65.139999
XYZ,2023-07-06,64.610001,63.439999
XYZ,2023-07-07,67.269997,64.099998
XYZ,2023-07-10,69.059998,66.720001
XYZ,2023-07-11,71.099998,69.059998
XYZ,2023-07-12,71.220001,70.580002
XYZ,2023-07-13,76.199997,72.529999
XYZ,2023-07-14,75.459999,74.839996
XYZ,2023-07-17,78.059998,74.309998
XYZ,2023-07-18,79.029999,77.57
XYZ,2023-07-19,78.190002,78.110001
XYZ,2023-07-20,76.169998,75.660004
XYZ,2023-07-21,76.120003,75.080002
XYZ,2023-07-24,77.139999,74.360001
XYZ,2023-07-25,76.870003,76.790001
XYZ,2023-07-26,77.410004,75.760002
XYZ,2023-07-27,75.769997,75.400002
XYZ,2023-07-28,78.360001,77.349998
XYZ,2023-07-31,80.529999,79.160004
XYZ,2023-08-01,78.760002,77.779999
XYZ,2023-08-02,74.489998,73.870003
XYZ,2023-08-03,73.550003,71.510002
XYZ,2023-08-04,63.52,63.200001
XYZ,2023-08-07,64.010002,63.279999
XYZ,2023-08-08,62.380001,62.32
XYZ,2023-08-09,62.709999,62.41
XYZ,2023-08-10,62.240002,61.810001
XYZ,2023-08-11,60.57,60.529999
XYZ,2023-08-14,60.150002,59.639999
XYZ,2023-08-15,58.360001,58.130001
XYZ,2023-08-16,57.490002,57.439999
XYZ,2023-08-17,56.099998,56.080002
XYZ,2023-08-18,56.880001,54.724998
XYZ,2023-08-21,57.560001,55.990002
XYZ,2023-08-22,56.07,55.630001
XYZ,2023-08-23,57.220001,55.900002
XYZ,2023-08-24,55.630001,55.310001
XYZ,2023-08-25,55.860001,54.970001
XYZ,2023-08-28,55.869999,55.259998
XYZ,2023-08-29,57.759998,55.459999
XYZ,2023-08-30,57.720001,56.98
XYZ,2023-08-31,57.650002,57.169998
XYZ,2023-09-01,58.169998,57.849998
XYZ,2023-09-05,58.740002,57.785
XYZ,2023-09-06,57.639999,57.490002
XYZ,2023-09-07,56.040001,55.139999
XYZ,2023-09-08,53.080002,52.779999
XYZ,2023-09-11,53.939999,53.27
XYZ,2023-09-12,54.330002,53.650002
XYZ,2023-09-13,54.150002,53.610001
XYZ,2023-09-14,53.849998,53.57
XYZ,2023-09-15,52.830002,52.259998
XYZ,2023-09-18,51.25,51.240002
XYZ,2023-09-19,49.799999,49.369999
XYZ,2023-09-20,47.57,47.52
XYZ,2023-09-21,45.619999,45.27
XYZ,2023-09-22,44.709999,44.599998
XYZ,2023-09-25,45.59,44.330002
XYZ,2023-09-26,44.810001,44.560001
XYZ,2023-09-27,44.139999,43.75
XYZ,2023-09-28,44.349998,42.77
XYZ,2023-09-29,44.259998,44.209999
XYZ,2023-10-02,43.189999,42.98
XYZ,2023-10-03,41.900002,41.490002
XYZ,2023-10-04,41.900002,41.240002
XYZ,2023-10-05,42.639999,40.77
XYZ,2023-10-06,43.830002,42.150002
XYZ,2023-10-09,43.709999,42.889999
XYZ,2023-10-10,46,44.299999
XYZ,2023-10-11,46.689999,46.02
XYZ,2023-10-12,45.450001,45.120998
XYZ,2023-10-13,43.169998,43.139999
XYZ,2023-10-16,44.759998,43.595001
XYZ,2023-10-17,45.900002,44.09
XYZ,2023-10-18,44.580002,44.549999
XYZ,2023-10-19,44.169998,43.959999
XYZ,2023-10-20,43.98,43.700001
XYZ,2023-10-23,43.900002,42.810001
XYZ,2023-10-24,45.349998,44.710999
XYZ,2023-10-25,41.720001,41.299999
XYZ,2023-10-26,41.68,41.544998
XYZ,2023-10-27,40.02,38.91
XYZ,2023-10-30,39.220001,38.849998
XYZ,2023-10-31,40.25,38.884998
XYZ,2023-11-01,40.959999,39.34
XYZ,2023-11-02,43.98,42.779999
XYZ,2023-11-03,48.68,48.400002
XYZ,2023-11-06,49.52,48.152
XYZ,2023-11-07,51.049999,49.705002
XYZ,2023-11-08,52.27,50.630001
XYZ,2023-11-09,51.049999,50.98
XYZ,2023-11-10,51.5,50.869999
XYZ,2023-11-13,52.02,50.860001
XYZ,2023-11-14,55.099998,53.82
XYZ,2023-11-15,56.299999,55.450001
XYZ,2023-11-16,56.279999,55.490002
XYZ,2023-11-17,58.189999,56.400002
XYZ,2023-11-20,59.27,57.476002
XYZ,2023-11-21,58.669998,58.060001
XYZ,2023-11-22,59.02,58.339001
XYZ,2023-11-24,59.650002,58.68
XYZ,2023-11-27,60.310001,59
XYZ,2023-11-28,63.34,60.389999
XYZ,2023-11-29,63.73,63.580002
XYZ,2023-11-30,63.43,62.68
XYZ,2023-12-01,65.040001,63.389999
XYZ,2023-12-04,65,64.190002
XYZ,2023-12-05,64.889999,63.380001
XYZ,2023-12-06,68,65.790001
XYZ,2023-12-07,68.470001,66.879997
XYZ,2023-12-08,69.169998,67.599998
XYZ,2023-12-11,68.559998,68.239998
XYZ,2023-12-12,69.57,68.330002
XYZ,2023-12-13,70.059998,66.730003
XYZ,2023-12-14,74.760002,71.775002
XYZ,2023-12-15,74.209999,73.660004
XYZ,2023-12-18,73.879997,73.400002
XYZ,2023-12-19,77.309998,74.599998
XYZ,2023-12-20,76.110001,76
XYZ,2023-12-21,76.900002,75.830002
XYZ,2023-12-22,77.139999,76.25
XYZ,2023-12-26,78.18,77.300003
XYZ,2023-12-27,79.599998,77.959999
XYZ,2023-12-28,79.510002,79.209999
XYZ,2023-12-29,77.349998,76.855003
XYZ,2024-01-02,72.220001,71.470001
XYZ,2024-01-03,68.629997,68.139999
XYZ,2024-01-04,68.150002,66.860001
XYZ,2024-01-05,66.959999,66.595001
XYZ,2024-01-08,69.309998,67.364998
XYZ,2024-01-09,69.529999,68.760002
XYZ,2024-01-10,67.900002,67.480003
XYZ,2024-01-11,67.870003,66.110001
XYZ,2024-01-12,66.480003,66.43
XYZ,2024-01-16,65.160004,64.199997
XYZ,2024-01-17,63.900002,62.07
XYZ,2024-01-18,64.470001,63.43
XYZ,2024-01-19,65.849998,63.75
XYZ,2024-01-22,66.690002,66.260002
XYZ,2024-01-23,66.199997,65.684998
XYZ,2024-01-24,62.57,62.549999
XYZ,2024-01-25,62.709999,61.830002
XYZ,2024-01-26,64.970001,61.939999
XYZ,2024-01-29,68.980003,64.949997
XYZ,2024-01-30,68.220001,67.800003
XYZ,2024-01-31,65.010002,64.824997
XYZ,2024-02-01,66.669998,64.970001
XYZ,2024-02-02,67.879997,65.290001
XYZ,2024-02-05,65.849998,65.449997
XYZ,2024-02-06,67,66.199997
XYZ,2024-02-07,68.309998,65.580002
XYZ,2024-02-08,68.830002,66.860001
XYZ,2024-02-09,66.879997,66.669998
XYZ,2024-02-12,68.839996,67.019997
XYZ,2024-02-13,64.980003,64.379997
XYZ,2024-02-14,67.410004,65.880997
XYZ,2024-02-15,69.480003,68.059998
XYZ,2024-02-16,65.639999,65.555
XYZ,2024-02-20,65.730003,64.834999
XYZ,2024-02-21,64.470001,63.629002
XYZ,2024-02-22,67.959999,65.650002
XYZ,2024-02-23,78.919998,78.470001
XYZ,2024-02-26,74.660004,74.559998
XYZ,2024-02-27,77.709999,75.339996
XYZ,2024-02-28,78.419998,76.699997
XYZ,2024-02-29,79.470001,78.540001
XYZ,2024-03-01,79.25,78.110001
XYZ,2024-03-04,77,76.889999
XYZ,2024-03-05,74.43,73.769997
XYZ,2024-03-06,75.529999,75.186996
XYZ,2024-03-07,77.220001,75.669998
XYZ,2024-03-08,80.739998,77.5
XYZ,2024-03-11,81.529999,80.842003
XYZ,2024-03-12,81.709999,79.290001
XYZ,2024-03-13,85.720001,81.199997
XYZ,2024-03-14,81.239998,80.160004
XYZ,2024-03-15,80.169998,79.940002
XYZ,2024-03-18,80.860001,79.309998
XYZ,2024-03-19,79.32,78
XYZ,2024-03-20,81.459999,78.209999
XYZ,2024-03-21,84.050003,82.339996
XYZ,2024-03-22,80.769997,80.75
XYZ,2024-03-25,82.620003,80.580002
XYZ,2024-03-26,83.800003,83.504997
XYZ,2024-03-27,83.18,82.239998
XYZ,2024-03-28,84.580002,83.199997
XYZ,2024-04-01,81.459999,81.044998
XYZ,2024-04-02,79.209999,77.18
XYZ,2024-04-03,79.650002,77.809998
XYZ,2024-04-04,74.730003,74.669998
XYZ,2024-04-05,77.169998,72.769997
XYZ,2024-04-08,78.349998,77.5
XYZ,2024-04-09,79.980003,77.989998
XYZ,2024-04-10,78.510002,77.360001
XYZ,2024-04-11,80.059998,77.629997
XYZ,2024-04-12,76.989998,76.010002
XYZ,2024-04-15,73.5,73.400002
XYZ,2024-04-16,73.139999,72.120003
XYZ,2024-04-17,73.510002,71.889999
XYZ,2024-04-18,72.059998,71.650002
XYZ,2024-04-19,70.419998,69.809998
XYZ,2024-04-22,71.599998,69.809998
XYZ,2024-04-23,75.209999,71.657997
XYZ,2024-04-24,74.029999,73.519997
XYZ,2024-04-25,72.790001,71.029999
JOYY,2020-09-21,62.164692,59.139482
JOYY,2020-09-22,60.602798,60.163042
JOYY,2020-09-23,59.12431,58.866519
JOYY,2020-09-24,58.987835,57.721639
JOYY,2020-09-25,58.449509,57.501761
JOYY,2020-09-28,59.139469,57.850534
JOYY,2020-09-29,59.063648,58.20688
JOYY,2020-09-30,61.163853,58.032496
JOYY,2020-10-01,63.021439,61.596022
JOYY,2020-10-02,61.815918,61.307926
JOYY,2020-10-05,62.164692,61.482312
JOYY,2020-10-06,62.339081,61.846251
JOYY,2020-10-07,62.763668,61.95998
JOYY,2020-10-08,61.656693,61.148701
JOYY,2020-10-09,62.68026,61.724934
JOYY,2020-10-12,63.45364,61.307937
JOYY,2020-10-13,61.247265,61.088044
JOYY,2020-10-14,59.617138,59.200132
JOYY,2020-10-15,60.762024,58.866528
JOYY,2020-10-16,60.671032,60.102383
JOYY,2020-10-19,60.890896,60.322247
JOYY,2020-10-20,61.042561,60.352597
JOYY,2020-10-21,60.428413,59.41243
JOYY,2020-10-22,61.34584,59.761203
JOYY,2020-10-23,64.545418,61.868979
JOYY,2020-10-26,67.540321,65.311216
JOYY,2020-10-27,68.237854,66.736619
JOYY,2020-10-28,66.03907,65.493166
JOYY,2020-10-29,68.62455,65.826795
JOYY,2020-10-30,69.284157,67.820834
JOYY,2020-11-02,71.763466,68.53354
JOYY,2020-11-03,69.958946,69.82247
JOYY,2020-11-04,73.825783,71.748315
JOYY,2020-11-05,75.68335,71.293381
JOYY,2020-11-06,76.449135,75.069214
JOYY,2020-11-09,75.584808,75.258783
JOYY,2020-11-10,73.173737,71.391971
JOYY,2020-11-11,73.090332,71.331312
JOYY,2020-11-12,71.278214,71.141738
JOYY,2020-11-13,71.361626,70.891541
JOYY,2020-11-16,72.468597,70.686833
JOYY,2020-11-17,75.96389,72.263879
JOYY,2020-11-18,55.848896,53.301349
JOYY,2020-11-19,65.288467,63.301985
JOYY,2020-11-20,64.613678,62.763672
JOYY,2020-11-23,67.100571,63.719006
JOYY,2020-11-24,67.274956,65.591754
JOYY,2020-11-25,68.920242,65.629658
JOYY,2020-11-27,69.269005,67.555475
JOYY,2020-11-30,67.53273,65.986005
JOYY,2020-12-01,66.97924,66.04666
JOYY,2020-12-02,64.977592,64.333125
JOYY,2020-12-03,64.43927,64.310378
JOYY,2020-12-04,64.530266,64.378628
JOYY,2020-12-07,65.068573,63.946437
JOYY,2020-12-08,65.318794,64.32555
JOYY,2020-12-09,64.613678,64.143593
JOYY,2020-12-10,65.094208,64.300939
JOYY,2020-12-11,64.728073,64.644169
JOYY,2020-12-14,64.834862,64.644171
JOYY,2020-12-15,61.226994,60.82273
JOYY,2020-12-16,62.660992,61.951622
JOYY,2020-12-17,63.02713,61.532115
JOYY,2020-12-18,62.760159,61.928749
JOYY,2020-12-21,61.53973,60.654922
JOYY,2020-12-22,59.724361,59.129401
JOYY,2020-12-23,59.327724,59.007365
JOYY,2020-12-24,58.999714,57.611486
JOYY,2020-12-28,58.397148,56.978408
JOYY,2020-12-29,59.381115,58.008145
JOYY,2020-12-30,61.226994,59.686215
JOYY,2020-12-31,61.005806,59.548925
JOYY,2021-01-04,59.983696,59.533669
JOYY,2021-01-05,61.783821,60.151508
JOYY,2021-01-06,60.456619,59.838777
JOYY,2021-01-07,61.242249,59.907413
JOYY,2021-01-08,62.95084,60.944775
JOYY,2021-01-11,63.019485,61.913476
JOYY,2021-01-12,65.704414,63.080507
JOYY,2021-01-13,68.27494,65.59764
JOYY,2021-01-14,68.656311,67.687599
JOYY,2021-01-15,68.709709,68.442743
JOYY,2021-01-19,69.998764,68.755462
JOYY,2021-01-20,69.319908,68.457988
JOYY,2021-01-21,69.586891,67.458781
JOYY,2021-01-22,69.411438,68.473237
JOYY,2021-01-25,71.234436,69.342787
JOYY,2021-01-26,68.991928,67.718115
JOYY,2021-01-27,71.745491,67.229935
JOYY,2021-01-28,71.516678,69.76232
JOYY,2021-01-29,70.204712,70.151319
JOYY,2021-02-01,72.882019,71.448021
JOYY,2021-02-02,76.604309,74.224486
JOYY,2021-02-03,82.714035,76.200037
JOYY,2021-02-04,84.735352,83.034393
JOYY,2021-02-05,87.549957,81.356324
JOYY,2021-02-08,90.990021,90.036567
JOYY,2021-02-09,95.10894,88.114398
JOYY,2021-02-10,99.13633,95.139452
JOYY,2021-02-11,103.33154,97.42775
JOYY,2021-02-12,103.17134,99.319396
JOYY,2021-02-16,112.7364,104.5367
JOYY,2021-02-17,107.42756,101.82888
JOYY,2021-02-18,103.37729,99.296501
JOYY,2021-02-19,97.145523,97.099759
JOYY,2021-02-22,93.644417,91.77565
JOYY,2021-02-23,93.888504,86.077812
JOYY,2021-02-24,92.225693,90.761183
JOYY,2021-02-25,89.876381,89.342443
JOYY,2021-02-26,89.929756,87.626209
JOYY,2021-03-01,98.327789,93.819857
JOYY,2021-03-02,95.185211,94.788571
JOYY,2021-03-03,94.506355,92.896925
JOYY,2021-03-04,89.922134,87.725379
JOYY,2021-03-05,88.938171,82.454685
JOYY,2021-03-08,83.331879,82.210616
JOYY,2021-03-09,88.671219,86.329536
JOYY,2021-03-10,87.16095,86.398186
JOYY,2021-03-11,97.320946,90.91374
JOYY,2021-03-12,89.777222,88.755122
JOYY,2021-03-15,88.266945,86.802441
JOYY,2021-03-16,88.289825,87.389765
JOYY,2021-03-17,89.319557,85.826101
JOYY,2021-03-18,86.878738,86.543121
JOYY,2021-03-19,88.022873,86.955003
JOYY,2021-03-22,86.253265,85.223536
JOYY,2021-03-23,85.093849,84.819254
JOYY,2021-03-24,82.675903,81.142748
JOYY,2021-03-25,80.074875,79.6401
JOYY,2021-03-26,73.324425,70.128451
JOYY,2021-03-29,72.363327,70.883565
JOYY,2021-03-30,73.034561,70.952215
JOYY,2021-03-31,71.493782,69.983509
JOYY,2021-04-01,75.429657,72.538784
JOYY,2021-04-05,75.986458,74.75078
JOYY,2021-04-06,78.968864,76.596671
JOYY,2021-04-07,77.412811,76.3602
JOYY,2021-04-08,78.770538,77.855225
JOYY,2021-04-09,76.283936,75.894925
JOYY,2021-04-12,75.06353,74.521963
JOYY,2021-04-13,76.268677,74.9491
JOYY,2021-04-14,74.689774,74.422808
JOYY,2021-04-15,74.651634,73.743944
JOYY,2021-04-16,74.735985,73.240802
JOYY,2021-04-19,73.969208,73.754516
JOYY,2021-04-20,72.366684,70.741159
JOYY,2021-04-21,71.684273,71.055531
JOYY,2021-04-22,72.558365,71.983296
JOYY,2021-04-23,75.985779,73.501482
JOYY,2021-04-26,76.261833,75.548747
JOYY,2021-04-27,75.625412,75.472063
JOYY,2021-04-28,74.812653,74.674636
JOYY,2021-04-29,73.555161,72.58138
JOYY,2021-04-30,72.888084,72.20567
JOYY,2021-05-03,72.013969,71.799278
JOYY,2021-05-04,68.770592,68.402545
JOYY,2021-05-05,67.083717,65.787899
JOYY,2021-05-06,67.152748,65.534886
JOYY,2021-05-07,67.283073,66.531647
JOYY,2021-05-10,65.573212,63.326608
JOYY,2021-05-11,66.73101,63.410944
JOYY,2021-05-12,67.221733,66.010253
JOYY,2021-05-13,64.300385,64.001349
JOYY,2021-05-14,67.145058,64.469072
JOYY,2021-05-17,66.930359,65.94124
JOYY,2021-05-18,66.355309,66.286297
JOYY,2021-05-19,66.232605,64.829441
JOYY,2021-05-20,67.129707,66.140588
JOYY,2021-05-21,65.987244,65.787891
JOYY,2021-05-24,64.737427,64.530405
JOYY,2021-05-25,64.461395,64.453726
JOYY,2021-05-26,65.136139,63.832652
JOYY,2021-05-27,65.481194,63.740648
JOYY,2021-05-28,59.002079,58.956075
JOYY,2021-06-01,57.989952,57.568238
JOYY,2021-06-02,56.609802,55.298645
JOYY,2021-06-03,55.306301,55.306301
JOYY,2021-06-04,54.347855,54.248178
JOYY,2021-06-07,54.531887,53.903145
JOYY,2021-06-08,55.198963,54.025823
JOYY,2021-06-09,56.011726,55.513332
JOYY,2021-06-10,56.510124,55.996397
JOYY,2021-06-11,55.896713,55.61301
JOYY,2021-06-14,56.847496,56.057735
JOYY,2021-06-15,55.160625,54.708235
JOYY,2021-06-16,54.754242,53.887801
JOYY,2021-06-17,53.657616,52.730883
JOYY,2021-06-18,52.306133,52.128508
JOYY,2021-06-21,50.661179,50.475834
JOYY,2021-06-22,51.750092,50.359996
JOYY,2021-06-23,53.039795,52.275245
JOYY,2021-06-24,53.850674,53.402753
JOYY,2021-06-25,54.561176,53.850685
JOYY,2021-06-28,54.908688,54.252256
JOYY,2021-06-29,53.225124,53.093839
JOYY,2021-06-30,50.94693,50.854255
JOYY,2021-07-01,50.367729,49.834858
JOYY,2021-07-02,49.587723,49.479605
JOYY,2021-07-06,47.757435,47.108724
JOYY,2021-07-07,46.776638,46.143374
JOYY,2021-07-08,45.023582,44.737842
JOYY,2021-07-09,46.290115,44.413489
JOYY,2021-07-12,44.668339,44.413487
JOYY,2021-07-13,47.94278,45.224374
JOYY,2021-07-14,46.931099,46.460011
JOYY,2021-07-15,48.251694,46.490909
JOYY,2021-07-16,47.054665,45.757244
JOYY,2021-07-19,44.80735,43.772503
JOYY,2021-07-20,45.232101,44.135473
JOYY,2021-07-21,45.896248,45.13942
JOYY,2021-07-22,45.170319,44.706952
JOYY,2021-07-23,42.475082,41.054098
JOYY,2021-07-26,42.166168,41.054094
JOYY,2021-07-27,42.552307,40.652513
JOYY,2021-07-28,43.177849,42.482801
JOYY,2021-07-29,42.073494,41.973097
JOYY,2021-07-30,41.278053,40.969142
JOYY,2021-08-02,40.899643,40.559843
JOYY,2021-08-03,38.938061,38.297075
JOYY,2021-08-04,38.590538,37.779648
JOYY,2021-08-05,38.5751,37.269955
JOYY,2021-08-06,37.903217,37.262228
JOYY,2021-08-09,39.702614,37.988164
JOYY,2021-08-10,39.331924,38.660047
JOYY,2021-08-11,36.984211,36.961044
JOYY,2021-08-12,35.794903,35.014907
JOYY,2021-08-13,34.906796,34.713727
JOYY,2021-08-16,33.153728,32.867988
JOYY,2021-08-17,31.277098,30.203637
JOYY,2021-08-18,31.678688,30.543444
JOYY,2021-08-19,34.968575,30.512552
JOYY,2021-08-20,36.157879,34.767786
JOYY,2021-08-23,37.94183,34.67511
JOYY,2021-08-24,42.405567,39.540431
JOYY,2021-08-25,43.610325,41.509738
JOYY,2021-08-26,46.243774,45.293878
JOYY,2021-08-27,47.85783,44.714674
JOYY,2021-08-30,47.811489,45.355657
JOYY,2021-08-31,48.884953,47.734266
JOYY,2021-09-01,50.251884,49.240204
JOYY,2021-09-02,50.290489,49.278809
JOYY,2021-09-03,49.88892,48.220807
JOYY,2021-09-07,51.734642,49.325148
JOYY,2021-09-08,49.858017,48.537429
JOYY,2021-09-09,50.986736,48.628114
JOYY,2021-09-10,49.126301,49.110732
JOYY,2021-09-13,48.861645,47.647303
JOYY,2021-09-14,48.30117,47.927527
JOYY,2021-09-15,42.821072,40.493587
JOYY,2021-09-16,42.276176,39.80079
JOYY,2021-09-17,42.610901,42.050435
JOYY,2021-09-20,41.131886,40.291187
JOYY,2021-09-21,41.256439,40.594781
JOYY,2021-09-22,40.532513,40.532513
JOYY,2021-09-23,40.657059,39.473855
JOYY,2021-09-24,41.816906,36.780506
JOYY,2021-09-27,44.479111,41.373203
JOYY,2021-09-28,43.241425,42.891133
JOYY,2021-09-29,42.501919,42.447429
JOYY,2021-09-30,42.680965,41.497761
JOYY,2021-10-01,41.700142,41.451047
JOYY,2021-10-04,40.672626,39.964261
JOYY,2021-10-05,41.785767,40.283409
JOYY,2021-10-06,41.069626,40.820531
JOYY,2021-10-07,42.78215,41.645653
JOYY,2021-10-08,43.420464,42.050439
JOYY,2021-10-11,44.136604,43.957567
JOYY,2021-10-12,44.549179,43.412681
JOYY,2021-10-13,44.961731,44.012056
JOYY,2021-10-14,44.222233,43.801883
JOYY,2021-10-15,45.195263,43.59171
JOYY,2021-10-18,44.362343,43.71625
JOYY,2021-10-19,45.140774,43.692906
JOYY,2021-10-20,45.382084,44.992872
JOYY,2021-10-21,45.179695,44.759346
JOYY,2021-10-22,42.968971,42.657601
JOYY,2021-10-25,41.669006,41.404342
JOYY,2021-10-26,39.069069,38.936738
JOYY,2021-10-27,39.325954,38.69543
JOYY,2021-10-28,39.933128,38.928961
JOYY,2021-10-29,39.224758,38.928956
JOYY,2021-11-01,40.25227,39.248103
JOYY,2021-11-02,37.660126,36.741586
JOYY,2021-11-03,38.687649,37.870305
JOYY,2021-11-04,37.761318,37.481088
JOYY,2021-11-05,37.714615,37.582281
JOYY,2021-11-08,37.823593,37.730183
JOYY,2021-11-09,38.057117,37.753533
JOYY,2021-11-10,39.01458,38.243942
JOYY,2021-11-11,40.337906,39.442718
JOYY,2021-11-12,41.489971,39.964262
JOYY,2021-11-15,41.085182,40.478013
JOYY,2021-11-16,43.046818,41.380992
JOYY,2021-11-17,42.268387,41.513318
JOYY,2021-11-18,42.354019,42.097141
JOYY,2021-11-19,43.99649,42.245038
JOYY,2021-11-22,43.653984,42.680955
JOYY,2021-11-23,44.245594,42.439652
JOYY,2021-11-24,44.074333,43.039032
JOYY,2021-11-26,42.385159,41.964809
JOYY,2021-11-29,41.100758,40.571429
JOYY,2021-11-30,39.855282,39.380443
JOYY,2021-12-01,39.271465,39.224759
JOYY,2021-12-02,36.531414,35.893107
JOYY,2021-12-03,31.946497,31.759674
JOYY,2021-12-06,34.678764,31.463875
JOYY,2021-12-07,37.037392,35.464976
JOYY,2021-12-08,38.819977,36.640392
JOYY,2021-12-09,39.00087,38.481802
JOYY,2021-12-10,40.038998,38.882891
JOYY,2021-12-13,38.536858,37.656016
JOYY,2021-12-14,39.103104,37.750381
JOYY,2021-12-15,38.64695,36.963913
JOYY,2021-12-16,37.884083,37.427934
JOYY,2021-12-17,38.702007,35.784218
JOYY,2021-12-20,36.885265,36.130256
JOYY,2021-12-21,40.967037,37.388615
JOYY,2021-12-22,40.227745,39.457006
DKNG,2021-04-16,57.98,57.830002
DKNG,2021-04-19,56.68,55.639999
DKNG,2021-04-20,55.709999,53.759998
DKNG,2021-04-21,58.779999,54.889999
DKNG,2021-04-22,57.169998,56.509998
DKNG,2021-04-23,58.119999,57.240002
DKNG,2021-04-26,59.23,57.560001
DKNG,2021-04-27,59.130001,58.880001
DKNG,2021-04-28,59.689999,58.25
DKNG,2021-04-29,57.459999,56.220001
DKNG,2021-04-30,56.66,56.110001
DKNG,2021-05-03,57.080002,56.529999
DKNG,2021-05-04,56.130001,53.103001
DKNG,2021-05-05,56.18,55.834
DKNG,2021-05-06,51.889999,50.25
DKNG,2021-05-07,48.419998,48.16
DKNG,2021-05-10,45.34,44.459999
DKNG,2021-05-11,44.009998,42.220001
DKNG,2021-05-12,42.110001,41.436001
DKNG,2021-05-13,40.990002,39.93
DKNG,2021-05-14,44.889999,41.439999
DKNG,2021-05-17,43.509998,42.551998
DKNG,2021-05-18,44.27,43.549999
DKNG,2021-05-19,43.439999,41.810001
DKNG,2021-05-20,44.540001,43.380001
DKNG,2021-05-21,44.630001,44.41
DKNG,2021-05-24,47.860001,44.34
DKNG,2021-05-25,48.419998,47.279999
DKNG,2021-05-26,49.459999,48.369999
DKNG,2021-05-27,50.400002,48.52
DKNG,2021-05-28,49.950001,49.777
DKNG,2021-06-01,49.57,48.619999
DKNG,2021-06-02,50.970001,48.313
DKNG,2021-06-03,49.709999,49.220001
DKNG,2021-06-04,50.330002,49.779999
DKNG,2021-06-07,53.509998,50.32
DKNG,2021-06-08,55.299999,52.959999
DKNG,2021-06-09,54.48,53.66
DKNG,2021-06-10,53.650002,52.779999
DKNG,2021-06-11,53.139999,53.02
DKNG,2021-06-14,50.619999,50.41
DKNG,2021-06-15,48.509998,44.650002
DKNG,2021-06-16,48.810001,47.490002
DKNG,2021-06-17,49.200001,48.029999
DKNG,2021-06-18,48.060001,47.432999
DKNG,2021-06-21,49,47.02
DKNG,2021-06-22,50.16,48.470001
DKNG,2021-06-23,50.529999,50.07
DKNG,2021-06-24,51.060001,50.259998
DKNG,2021-06-25,51.669998,50.919998
DKNG,2021-06-28,52.709999,50.889999
DKNG,2021-06-29,52.029999,51.459999
DKNG,2021-06-30,52.169998,51.299999
DKNG,2021-07-01,51.799999,51.029999
DKNG,2021-07-02,51.279999,50.57
DKNG,2021-07-06,51.490002,50.77
DKNG,2021-07-07,48.75,48.610001
DKNG,2021-07-08,48.259998,46.220001
DKNG,2021-07-09,49.09,47.450001
DKNG,2021-07-12,49.16,48.139999
DKNG,2021-07-13,47.73,47.700001
DKNG,2021-07-14,44.849998,44.52
DKNG,2021-07-15,44.830002,43.509998
DKNG,2021-07-16,43.790001,43.299999
DKNG,2021-07-19,44.66,42.209999
DKNG,2021-07-20,45.82,43.84
DKNG,2021-07-21,48.880001,46.580002
DKNG,2021-07-22,49.240002,48.130001
DKNG,2021-07-23,49.330002,48.674999
DKNG,2021-07-26,49.220001,48.229
DKNG,2021-07-27,48.77,47.400002
DKNG,2021-07-28,50.650002,48.900002
DKNG,2021-07-29,49.790001,49.639999
DKNG,2021-07-30,48.5,48.060001
DKNG,2021-08-02,49,48.499001
DKNG,2021-08-03,48.389999,47.470001
DKNG,2021-08-04,48.669998,47.75
DKNG,2021-08-05,50.48,48.549999
DKNG,2021-08-06,51.59,50.16
DKNG,2021-08-09,52.360001,50.959999
DKNG,2021-08-10,51.98,51.619999
DKNG,2021-08-11,52.18,50.721001
DKNG,2021-08-12,54.610001,51.521999
DKNG,2021-08-13,53.5,53.23
DKNG,2021-08-16,52.459999,51.509998
DKNG,2021-08-17,51.110001,50.720001
DKNG,2021-08-18,52.099998,51.171001
DKNG,2021-08-19,51.540001,50.970001
DKNG,2021-08-20,52.009998,51.25
DKNG,2021-08-23,53.32,52.189999
DKNG,2021-08-24,56.470001,53.470001
DKNG,2021-08-25,60.110001,56.5
DKNG,2021-08-26,57.860001,57.523998
DKNG,2021-08-27,60.009998,57.799999
DKNG,2021-08-30,59.25,58.650002
DKNG,2021-08-31,59.290001,58.759998
DKNG,2021-09-01,60.209999,59.299999
DKNG,2021-09-02,61.07,59.84
DKNG,2021-09-03,61.02,60.040001
DKNG,2021-09-07,63.580002,61.235001
DKNG,2021-09-08,63.389999,62.380001
DKNG,2021-09-09,63.669998,62.82
DKNG,2021-09-10,62.459999,62.419998
DKNG,2021-09-13,60.459999,59.25
DKNG,2021-09-14,59.049999,58.820999
DKNG,2021-09-15,59.84,58.540001
DKNG,2021-09-16,59.970001,59.060001
DKNG,2021-09-17,60.419998,59.115002
DKNG,2021-09-20,57,55.990002
DKNG,2021-09-21,52.77,52.330002
DKNG,2021-09-22,52.630001,51.570999
DKNG,2021-09-23,51.75,51.529999
DKNG,2021-09-24,51.330002,50.950001
DKNG,2021-09-27,51.389999,50.419998
DKNG,2021-09-28,49.93,49.41
DKNG,2021-09-29,48.32,48.105
DKNG,2021-09-30,48.16,47.540001
DKNG,2021-10-01,50.560001,48.470001
DKNG,2021-10-04,48.459999,48.27
DKNG,2021-10-05,49.290001,48.48
DKNG,2021-10-06,48.990002,48.450001
DKNG,2021-10-07,49.369999,49.275002
DKNG,2021-10-08,47.91,47.82
DKNG,2021-10-11,48.880001,48.389999
DKNG,2021-10-12,48.939999,48.490002
DKNG,2021-10-13,49.82,49.560001
DKNG,2021-10-14,49.360001,49.32
DKNG,2021-10-15,48.080002,47.84
DKNG,2021-10-18,48.650002,47.939999
DKNG,2021-10-19,48.84,48.009998
DKNG,2021-10-20,49.09,48.411999
DKNG,2021-10-21,48.919998,48.759998
DKNG,2021-10-22,46.110001,46.07
DKNG,2021-10-25,46.82,45.362999
DKNG,2021-10-26,48.75,48.389999
DKNG,2021-10-27,47.830002,47.740002
DKNG,2021-10-28,47.18,46.66
DKNG,2021-10-29,46.59,46.349998
DKNG,2021-11-01,49.02,46.749001
DKNG,2021-11-02,47.599998,46.700001
DKNG,2021-11-03,46.84,46.450001
DKNG,2021-11-04,44.68,43.68
DKNG,2021-11-05,43.619999,42.150002
DKNG,2021-11-08,44.779999,43.040001
DKNG,2021-11-09,43.049999,42.650002
DKNG,2021-11-10,41.080002,40.639999
DKNG,2021-11-11,40.709999,40.619999
DKNG,2021-11-12,40.509998,39.970001
DKNG,2021-11-15,39.360001,39.169998
DKNG,2021-11-16,39.279999,38.330002
DKNG,2021-11-17,37.869999,37.759998
DKNG,2021-11-18,36.619999,36.349998
DKNG,2021-11-19,36.139999,35.919998
DKNG,2021-11-22,36.790001,35.82
DKNG,2021-11-23,35.040001,34.419998
DKNG,2021-11-24,35.580002,34.75
DKNG,2021-11-26,36.040001,34.750999
DKNG,2021-11-29,35.200001,34.52
DKNG,2021-11-30,34.549999,33.330002
DKNG,2021-12-01,31.24,31.139999
DKNG,2021-12-02,31.299999,30.41
DKNG,2021-12-03,28.370001,27.475
DKNG,2021-12-06,30.68,27.52
DKNG,2021-12-07,31.27,31.139999
DKNG,2021-12-08,33.380001,30.83
DKNG,2021-12-09,31.450001,31.379999
DKNG,2021-12-10,30.41,30.105
DKNG,2021-12-13,28.85,28.58
DKNG,2021-12-14,27.809999,27.68
DKNG,2021-12-15,28.67,26.67
DKNG,2021-12-16,26.98,26.42
DKNG,2021-12-17,28.67,25.799999
DKNG,2021-12-20,27.9,27.32
DKNG,2021-12-21,30.309999,28.15
DKNG,2021-12-22,29.57,29.409
DKNG,2021-12-23,29.440001,28.82
DKNG,2021-12-27,28.200001,27.98
DKNG,2021-12-28,27.32,27.084999
DKNG,2021-12-29,26.59,25.959999
DKNG,2021-12-30,28.459999,26.4
DKNG,2021-12-31,27.469999,27.434999
DKNG,2022-01-03,27.77,26.969999
DKNG,2022-01-04,26.629999,26.110001
DKNG,2022-01-05,24.65,24.059999
DKNG,2022-01-06,25.799999,23.209999
DKNG,2022-01-07,27.24,25.790001
DKNG,2022-01-10,26.129999,24.83
DKNG,2022-01-11,26.940001,25.1
DKNG,2022-01-12,26.1,25.929001
DKNG,2022-01-13,24.24,24.145
DKNG,2022-01-14,23.190001,22.41
DKNG,2022-01-18,22.18,22.120001
DKNG,2022-01-19,21.4,21.33
DKNG,2022-01-20,20.67,20.57
DKNG,2022-01-21,19.459999,19.33
DKNG,2022-01-24,20.030001,17.41
DKNG,2022-01-25,19.32,18.725
DKNG,2022-01-26,20.33,20.17
DKNG,2022-01-27,19.389999,19.200001
DKNG,2022-01-28,20.639999,18.889999
DKNG,2022-01-31,22.09,20.66
DKNG,2022-02-01,23.68,21.709999
DKNG,2022-02-02,21.790001,21.67
DKNG,2022-02-03,20.549999,20.5
DKNG,2022-02-04,21.889999,20.33
DKNG,2022-02-07,21.5,21.17
DKNG,2022-02-08,22.120001,21.030001
DKNG,2022-02-09,23.42,22.110001
DKNG,2022-02-10,22.780001,22.530001
DKNG,2022-02-11,23.33,22.879999
DKNG,2022-02-14,22.200001,22.025
DKNG,2022-02-15,23.73,22.030001
DKNG,2022-02-16,22.99,22.610001
DKNG,2022-02-17,22.059999,21.9
DKNG,2022-02-18,17.290001,17.225
DKNG,2022-02-22,18.59,16.559999
DKNG,2022-02-23,19.629999,19.049999
DKNG,2022-02-24,21.83,18.120001
DKNG,2022-02-25,22.200001,20.299999
DKNG,2022-02-28,23.68,21.76
DKNG,2022-03-01,23.52,23.18
DKNG,2022-03-02,23.190001,22.030001
DKNG,2022-03-03,20.91,20.65
DKNG,2022-03-04,20.690001,20.440001
DKNG,2022-03-07,18.049999,18
DKNG,2022-03-08,17.379999,16.889999
DKNG,2022-03-09,17.780001,17.459999
DKNG,2022-03-10,17.58,16.77
DKNG,2022-03-11,16.110001,16.055
DKNG,2022-03-14,15.26,15.12
DKNG,2022-03-15,16.129999,14.97
DKNG,2022-03-16,18.32,16.33
DKNG,2022-03-17,18.99,17.549999
DKNG,2022-03-18,19.620001,18.540001
DKNG,2022-03-21,18.790001,18.35
DKNG,2022-03-22,19.41,18.681
DKNG,2022-03-23,18.91,18.780001
DKNG,2022-03-24,19.049999,17.99
DKNG,2022-03-25,18.200001,18.01
DKNG,2022-03-28,18.65,17.629999
DKNG,2022-03-29,20.690001,18.709999
DKNG,2022-03-30,20.41,20.02
DKNG,2022-03-31,19.469999,19.459999
DKNG,2022-04-01,19.049999,18.76
DKNG,2022-04-04,20.41,19.23
DKNG,2022-04-05,19.049999,19.01
DKNG,2022-04-06,17.68,17.139999
DKNG,2022-04-07,17.200001,16.485001
DKNG,2022-04-08,16.379999,16.295
DKNG,2022-04-11,16.870001,15.905
DKNG,2022-04-12,16.41,16.24
DKNG,2022-04-13,16.75,16.209999
DKNG,2022-04-14,16.49,16.299999
DKNG,2022-04-18,15.98,15.561
DKNG,2022-04-19,16.879999,15.845
DKNG,2022-04-20,15.56,15.56
DKNG,2022-04-21,14.36,14.181
DKNG,2022-04-22,14.03,13.73
DKNG,2022-04-25,14.68,13.759
DKNG,2022-04-26,13.96,13.795
DKNG,2022-04-27,13.87,13.51
DKNG,2022-04-28,14.1,13.06
DKNG,2022-04-29,13.68,13.64
DKNG,2022-05-02,14.99,13.49
DKNG,2022-05-03,15.08,14.75
DKNG,2022-05-04,15.73,14.495
DKNG,2022-05-05,14.44,13.88
DKNG,2022-05-06,13.15,12.965
DKNG,2022-05-09,10.99,10.92
DKNG,2022-05-10,11.36,10.38
DKNG,2022-05-11,10.27,10.22
DKNG,2022-05-12,11.37,9.7700005
DKNG,2022-05-13,12.61,11.63
DKNG,2022-05-16,12.48,12.4
DKNG,2022-05-17,13.86,12.66
DKNG,2022-05-18,13.86,13.31
DKNG,2022-05-19,14.15,13.585
DKNG,2022-05-20,14.03,13.19
DKNG,2022-05-23,13.94,13.56
DKNG,2022-05-24,13.51,13.31
DKNG,2022-05-25,14.13,13.403
DKNG,2022-05-26,14.24,13.9
DKNG,2022-05-27,14.72,14.245
DKNG,2022-05-31,13.55,13.16
DKNG,2022-06-01,13.51,13.28
DKNG,2022-06-02,14.26,13.419
DKNG,2022-06-03,12.72,12.64
DKNG,2022-06-06,13.08,12.655
DKNG,2022-06-07,12.95,12.56
DKNG,2022-06-08,14.33,12.8
DKNG,2022-06-09,13.82,13.75
DKNG,2022-06-10,13.1,13.015
DKNG,2022-06-13,11.03,10.93
DKNG,2022-06-14,11.61,10.61
DKNG,2022-06-15,12.23,11.57
DKNG,2022-06-16,10.72,10.515
DKNG,2022-06-17,11.42,10.775
DKNG,2022-06-21,12.17,11.632
DKNG,2022-06-22,12.52,11.87
DKNG,2022-06-23,13.08,12.55
DKNG,2022-06-24,14.15,13.23
DKNG,2022-06-27,13.6,13.28
DKNG,2022-06-28,12.76,12.65
DKNG,2022-06-29,12.41,12.242
DKNG,2022-06-30,11.67,11.435
DKNG,2022-07-01,11.77,11.481
DKNG,2022-07-05,12.97,11.26
DKNG,2022-07-06,12.37,12.31
DKNG,2022-07-07,13.1,12.165
DKNG,2022-07-08,12.74,12.535
DKNG,2022-07-11,11.43,11.37
DKNG,2022-07-12,11.85,11.3
DKNG,2022-07-13,11.72,11.215
DKNG,2022-07-14,11.22,11.123
DKNG,2022-07-15,12.86,11.36
DKNG,2022-07-18,13,12.81
DKNG,2022-07-19,13.49,13.17
WORX,2020-02-18,6588,6237
WORX,2020-02-19,6777,6264
WORX,2020-02-20,6804,6750
WORX,2020-02-21,6858,6588
WORX,2020-02-24,6696,6399
WORX,2020-02-25,6696,6318
WORX,2020-02-26,6453,6156
WORX,2020-02-27,6345,6075
WORX,2020-02-28,6777,5832
WORX,2020-03-02,6129,5940
WORX,2020-03-03,5818.5,5818.5
WORX,2020-03-04,6858,5886
WORX,2020-03-05,6399,6156
WORX,2020-03-06,5913,5913
WORX,2020-03-09,5697,5688.8999
WORX,2020-03-10,6237,5643
WORX,2020-03-11,6196.5,5994
WORX,2020-03-12,6534,5724
WORX,2020-03-13,5886,5805
WORX,2020-03-16,4185,4185
WORX,2020-03-17,4212,4185
WORX,2020-03-18,4320,4320
WORX,2020-03-19,4819.5,4212
WORX,2020-03-20,6480,5170.5
WORX,2020-03-23,6345,5670
WORX,2020-03-24,5751,5481
WORX,2020-03-25,5697,5562
WORX,2020-03-26,6129,5589
WORX,2020-03-27,5751,4914
WORX,2020-03-30,6129,5427
WORX,2020-03-31,6075,5967
WORX,2020-04-01,6345,5805
WORX,2020-04-02,5643,5535
WORX,2020-04-03,5805,5481
WORX,2020-04-06,5751,5400
WORX,2020-04-07,5832,5562
WORX,2020-04-08,6399,5659.2002
WORX,2020-04-09,6075,5994
WORX,2020-04-13,32454,14715
WORX,2020-04-14,22815,21627
WORX,2020-04-15,18738,17820
WORX,2020-04-16,18765,14877
WORX,2020-04-17,18144,15633
WORX,2020-04-20,16605,14985
WORX,2020-04-21,15538.5,15147
WORX,2020-04-22,15538.5,15538.5
WORX,2020-04-23,15538.5,15538.5
WORX,2020-04-24,15538.5,15538.5
WORX,2020-04-27,15538.5,15538.5
WORX,2020-04-28,15538.5,15538.5
WORX,2020-04-29,15538.5,15538.5
WORX,2020-04-30,15538.5,15538.5
WORX,2020-05-01,15538.5,15538.5
WORX,2020-05-04,15538.5,15538.5
WORX,2020-05-05,15538.5,15538.5
WORX,2020-05-06,15538.5,15538.5
WORX,2020-05-07,15538.5,15538.5
WORX,2020-05-08,15538.5,15538.5
WORX,2020-05-11,15538.5,15538.5
WORX,2020-05-12,15538.5,15538.5
WORX,2020-05-13,15538.5,15538.5
WORX,2020-05-14,15538.5,15538.5
WORX,2020-05-15,15538.5,15538.5
WORX,2020-05-18,15538.5,15538.5
WORX,2020-05-19,15538.5,15538.5
WORX,2020-05-20,15538.5,15538.5
WORX,2020-05-21,15538.5,15538.5
WORX,2020-05-22,15538.5,15538.5
WORX,2020-05-26,15538.5,15538.5
WORX,2020-05-27,15538.5,15538.5
WORX,2020-05-28,15538.5,15538.5
WORX,2020-05-29,15538.5,15538.5
WORX,2020-06-01,15538.5,15538.5
WORX,2020-06-02,15538.5,15538.5
WORX,2020-06-03,15538.5,15538.5
WORX,2020-06-04,15538.5,15538.5
WORX,2020-06-05,15538.5,15538.5
WORX,2020-06-08,15538.5,15538.5
WORX,2020-06-09,15538.5,15538.5
WORX,2020-06-10,15538.5,15538.5
WORX,2020-06-11,15538.5,15538.5
WORX,2020-06-12,15538.5,15538.5
WORX,2020-06-15,15538.5,15538.5
WORX,2020-06-16,15538.5,15538.5
WORX,2020-06-17,15538.5,15538.5
WORX,2020-06-18,15538.5,15538.5
WORX,2020-06-19,15538.5,15538.5
WORX,2020-06-22,15538.5,15538.5
WORX,2020-06-23,15538.5,15538.5
WORX,2020-06-24,15538.5,15538.5
WORX,2020-06-25,15538.5,15538.5
WORX,2020-06-26,15538.5,15538.5
WORX,2020-06-29,15538.5,15538.5
WORX,2020-06-30,15538.5,15538.5
WORX,2020-07-01,15538.5,15538.5
WORX,2020-07-02,15538.5,15538.5
WORX,2020-07-06,15538.5,15538.5
WORX,2020-07-07,15538.5,15538.5
WORX,2020-07-08,15538.5,15538.5
WORX,2020-07-09,15538.5,15538.5
WORX,2020-07-10,15538.5,15538.5
WORX,2020-07-13,15538.5,15538.5
WORX,2020-07-14,15538.5,15538.5
WORX,2020-07-15,15538.5,15538.5
WORX,2020-07-16,15538.5,15538.5
WORX,2020-07-17,15538.5,15538.5
WORX,2020-07-20,15538.5,15538.5
WORX,2020-07-21,15538.5,15538.5
WORX,2020-07-22,15538.5,15538.5
WORX,2020-07-23,15538.5,15538.5
WORX,2020-07-24,15538.5,15538.5
WORX,2020-07-27,15538.5,15538.5
WORX,2020-07-28,15538.5,15538.5
WORX,2020-07-29,15538.5,15538.5
WORX,2020-07-30,15538.5,15538.5
WORX,2020-07-31,15538.5,15538.5
WORX,2020-08-03,15538.5,15538.5
WORX,2020-08-04,15538.5,15538.5
WORX,2020-08-05,15538.5,15538.5
WORX,2020-08-06,15538.5,15538.5
WORX,2020-08-07,15538.5,15538.5
WORX,2020-08-10,8370,6129
WORX,2020-08-11,6507,6507
WORX,2020-08-12,5589,5400
WORX,2020-08-13,6345,6021
WORX,2020-08-14,5778,5670
WORX,2020-08-17,5454,5400
WORX,2020-08-18,4806,4698
WORX,2020-08-19,4833,4320
WORX,2020-08-20,4563,4509
WORX,2020-08-21,4158,4050
WORX,2020-08-24,3915,3672
WORX,2020-08-25,4401,3672
WORX,2020-08-26,5710.5,5292
WORX,2020-08-27,5940,5049
WORX,2020-08-28,5589,5346
WORX,2020-08-31,4752,4644
WORX,2020-09-01,4374,4320
WORX,2020-09-02,4347,4182.2998
WORX,2020-09-03,3969,3915
WORX,2020-09-04,4104,3672
WORX,2020-09-08,5022,4131
WORX,2020-09-09,4563,4455
WORX,2020-09-10,4158,4131
WORX,2020-09-11,4158,4023
WORX,2020-09-14,4023,3861
WORX,2020-09-15,3942,3807
WORX,2020-09-16,4131,3807
WORX,2020-09-17,4077,3915
WORX,2020-09-18,4050,3969
WORX,2020-09-21,3834,3807
WORX,2020-09-22,3942,3672
WORX,2020-09-23,3807,3753
WORX,2020-09-24,3564,3429
WORX,2020-09-25,3483,3348
WORX,2020-09-28,3537,3402
WORX,2020-09-29,3564,3429
WORX,2020-09-30,4090.5,3537
WORX,2020-10-01,3861,3726
WORX,2020-10-02,3834,3645
WORX,2020-10-05,3780,3726
WORX,2020-10-06,3753,3618
WORX,2020-10-07,3969,3645
WORX,2020-10-08,3888,3807
WORX,2020-10-09,4293,3780
WORX,2020-10-12,3969,3942
WORX,2020-10-13,3915,3861
WORX,2020-10-14,3942,3834
WORX,2020-10-15,3877.2,3834
WORX,2020-10-16,3969,3726
WORX,2020-10-19,3915,3834
WORX,2020-10-20,3807,3755.7
WORX,2020-10-21,3618,3510
WORX,2020-10-22,3537,3483
WORX,2020-10-23,3591,3510
WORX,2020-10-26,3537,3537
WORX,2020-10-27,3537,3388.5
WORX,2020-10-28,3213,3186
WORX,2020-10-29,3051,2943
WORX,2020-10-30,2889,2781
WORX,2020-11-02,2772.8999,2727
WORX,2020-11-03,2862,2754
WORX,2020-11-04,2781,2754
WORX,2020-11-05,2889,2700
WORX,2020-11-06,2835,2754
WORX,2020-11-09,3024,2781
WORX,2020-11-10,2916,2889
WORX,2020-11-11,3024,2886.3
WORX,2020-11-12,2997,2943
WORX,2020-11-13,3024,2943
WORX,2020-11-16,2916,2889
WORX,2020-11-17,2970,2889
WORX,2020-11-18,2997,2940.3
WORX,2020-11-19,2970,2835
WORX,2020-11-20,2916,2835
WORX,2020-11-23,2997,2889
WORX,2020-11-24,3132,3051
WORX,2020-11-25,3375,3132
WORX,2020-11-27,5994,5562
WORX,2020-11-30,5670,4887
WORX,2020-12-01,4590,4563
WORX,2020-12-02,4941,4320
WORX,2020-12-03,5130,4644
WORX,2020-12-04,4725,4725
WORX,2020-12-07,4590,4509
WORX,2020-12-08,4455,4347
WORX,2020-12-09,4347,4212
WORX,2020-12-10,4563,4401
WORX,2020-12-11,4320,4320
WORX,2020-12-14,4131,4117.5
WORX,2020-12-15,4212,4077
WORX,2020-12-16,4266,4077
WORX,2020-12-17,4293,4212
WORX,2020-12-18,4266,4239
WORX,2020-12-21,4158,4077
WORX,2020-12-22,4158,4104
WORX,2020-12-23,4158,4131
WORX,2020-12-24,4104,4050
WORX,2020-12-28,3780,3780
WORX,2020-12-29,3510,3510
WORX,2020-12-30,4077,3429
WORX,2020-12-31,3645,3564
WORX,2021-01-04,3942,3537
WORX,2021-01-05,4104,3780
WORX,2021-01-06,3888,3871.8
WORX,2021-01-07,4266,3982.5
WORX,2021-01-08,5265,4806
WORX,2021-01-11,5076,4779
WORX,2021-01-12,4698,4617
WORX,2021-01-13,4833,4509
WORX,2021-01-14,4833,4671
WORX,2021-01-15,4644,4590
WORX,2021-01-19,4671,4382.1001
WORX,2021-01-20,4698,4590
WORX,2021-01-21,5292,4671
WORX,2021-01-22,5076,4887
WORX,2021-01-25,4860,4563
WORX,2021-01-26,4941,4860
WORX,2021-01-27,4644,4617
WORX,2021-01-28,4563,4428
WORX,2021-01-29,5481,4617
WORX,2021-02-01,5589,5103
WORX,2021-02-02,6102,5292
WORX,2021-02-03,6048,5508
WORX,2021-02-04,5913,5724
WORX,2021-02-05,6129,5578.2002
WORX,2021-02-08,6480,6237
WORX,2021-02-09,6642,6399
WORX,2021-02-10,7236,6642
WORX,2021-02-11,6777,6534
WORX,2021-02-12,7074,6561
WORX,2021-02-16,7857,7047
WORX,2021-02-17,7371,7082.1001
WORX,2021-02-18,6966,6831
WORX,2021-02-19,7344,6777
WORX,2021-02-22,7047,6885
WORX,2021-02-23,6075,5724
WORX,2021-02-24,6291,6169.5
WORX,2021-02-25,5778,5616
WORX,2021-02-26,5400,5049
WORX,2021-03-01,5265,5238
WORX,2021-03-02,4995,4914
WORX,2021-03-03,4779,4671
WORX,2021-03-04,4158,4050
WORX,2021-03-05,4050,3461.3999
WORX,2021-03-08,3915,3834
WORX,2021-03-09,4644,4077
WORX,2021-03-10,4752,4617
WORX,2021-03-11,6102,4995
WORX,2021-03-12,5697,5157
WORX,2021-03-15,5670,5454
WORX,2021-03-16,5697,5427
WORX,2021-03-17,5778,5319
WORX,2021-03-18,5481,5400
WORX,2021-03-19,5805,5265
WORX,2021-03-22,6129,5551.2002
WORX,2021-03-23,6237,5832
WORX,2021-03-24,5697,5575.5
WORX,2021-03-25,5589,5265
WORX,2021-03-26,5562,5346
WORX,2021-03-29,5481,5400
WORX,2021-03-30,5319,5159.7002
WORX,2021-03-31,5346,5278.5
WORX,2021-04-01,5508,5346
WORX,2021-04-05,5319,5238
WORX,2021-04-06,5562,5076
WORX,2021-04-07,5427,5319
WORX,2021-04-08,5589,5319
WORX,2021-04-09,5319,5292
WORX,2021-04-12,5184,5130
WORX,2021-04-13,4995,4941
WORX,2021-04-14,4644,4563
WORX,2021-04-15,4482,4320
WORX,2021-04-16,4293,3942
WORX,2021-04-19,4131,4077
WORX,2021-04-20,3807,3780
WORX,2021-04-21,4050,3645
WORX,2021-04-22,4293,3944.7
WORX,2021-04-23,4374,4101.2998
WORX,2021-04-26,4347,4131
WORX,2021-04-27,4374,4293
WORX,2021-04-28,4455,4322.7002
WORX,2021-04-29,4401,4320
WORX,2021-04-30,4401,4320
WORX,2021-05-03,4239,4185
WORX,2021-05-04,3942,3834
WORX,2021-05-05,4104,3753
WORX,2021-05-06,3861,3753
WORX,2021-05-07,3807,3780
WORX,2021-05-10,3699,3591
WORX,2021-05-11,3780,3456
WORX,2021-05-12,3699,3653.1001
WORX,2021-05-13,3564,3483
WORX,2021-05-14,3699,3566.7
WORX,2021-05-17,3969,3593.7
WORX,2021-05-18,4104,3888
WORX,2021-05-19,4185,3996
WORX,2021-05-20,4239,4077
WORX,2021-05-21,4293,4050
TAL,2018-04-16,35.84,35.419998
TAL,2018-04-17,36.209999,35.139999
TAL,2018-04-18,36.57,36.27
TAL,2018-04-19,37.130001,36.540001
TAL,2018-04-20,36.919998,36.369999
TAL,2018-04-23,35.700001,35.5
TAL,2018-04-24,36.91,36.400002
TAL,2018-04-25,35.43,35.029999
TAL,2018-04-26,36.66,34.970001
TAL,2018-04-27,35.900002,35.290001
TAL,2018-04-30,36.419998,35.610001
TAL,2018-05-01,36.549999,35.77
TAL,2018-05-02,36.18,36.09
TAL,2018-05-03,37.220001,35.529999
TAL,2018-05-04,37.259998,36.310001
TAL,2018-05-07,38.650002,37.209999
TAL,2018-05-08,39.349998,38.599998
TAL,2018-05-09,40,39.299999
TAL,2018-05-10,42,39.639999
TAL,2018-05-11,41.099998,40.689999
TAL,2018-05-14,40.619999,40.48
TAL,2018-05-15,40.720001,39.68
TAL,2018-05-16,40.900002,40.110001
TAL,2018-05-17,40.93,40.57
TAL,2018-05-18,41.470001,41
TAL,2018-05-21,42.599998,42.09
TAL,2018-05-22,42.630001,41.610001
TAL,2018-05-23,43.73,41.810001
TAL,2018-05-24,43.240002,42.419998
TAL,2018-05-25,42.970001,42.540001
TAL,2018-05-29,42.66,41.509998
TAL,2018-05-30,42.450001,42
TAL,2018-05-31,42.459999,42
TAL,2018-06-01,42.84,41.32
TAL,2018-06-04,41.790001,40.099998
TAL,2018-06-05,43.700001,42.16
TAL,2018-06-06,44.82,43.580002
TAL,2018-06-07,44.689999,43.830002
TAL,2018-06-08,46.799999,44.009998
TAL,2018-06-11,45.869999,45.59
TAL,2018-06-12,45.650002,45.43
TAL,2018-06-13,41.110001,38.41
TAL,2018-06-14,40.48,39.689999
TAL,2018-06-15,38.740002,38.43
TAL,2018-06-18,40.18,37.799999
TAL,2018-06-19,40.220001,38.639999
TAL,2018-06-20,39.779999,39.709999
TAL,2018-06-21,39.369999,38.560001
TAL,2018-06-22,39.240002,38.450001
TAL,2018-06-25,37.150002,36.669998
TAL,2018-06-26,37.48,37.419998
TAL,2018-06-27,36.540001,36.490002
TAL,2018-06-28,37.66,36.209999
TAL,2018-06-29,36.799999,36.57
TAL,2018-07-02,37.939999,36.02
TAL,2018-07-03,38.860001,37.509998
TAL,2018-07-05,37.02,36.549999
TAL,2018-07-06,38.110001,36.77
TAL,2018-07-09,38.610001,37.959999
TAL,2018-07-10,37.830002,37.32
TAL,2018-07-11,37.759998,37.02
TAL,2018-07-12,39.060001,38.169998
TAL,2018-07-13,38.599998,38.52
TAL,2018-07-16,38.509998,38.360001
TAL,2018-07-17,38.900002,37.900002
TAL,2018-07-18,41.150002,39.57
TAL,2018-07-19,40.799999,40.139999
TAL,2018-07-20,40.27,40.060001
TAL,2018-07-23,39.759998,39.310001
TAL,2018-07-24,39.790001,39.549999
TAL,2018-07-25,40.82,40.009998
TAL,2018-07-26,35.889999,34
TAL,2018-07-27,34.419998,34.139999
TAL,2018-07-30,32.689999,31.629999
TAL,2018-07-31,31.99,31.129999
TAL,2018-08-01,32.939999,31.99
TAL,2018-08-02,32.98,32.16
TAL,2018-08-03,32.450001,31.969999
TAL,2018-08-06,32.580002,32.02
TAL,2018-08-07,34.02,32.700001
TAL,2018-08-08,33.84,33.48
TAL,2018-08-09,34.779999,34.060001
TAL,2018-08-10,34.599998,34.040001
TAL,2018-08-13,33.77,32.700001
TAL,2018-08-14,33.419998,32.66
TAL,2018-08-15,31.9,31.379999
TAL,2018-08-16,32.57,31.93
TAL,2018-08-17,31.120001,30.66
TAL,2018-08-20,32.639999,31.32
TAL,2018-08-21,30.950001,30.139999
TAL,2018-08-22,31.799999,30.450001
TAL,2018-08-23,30.040001,30
TAL,2018-08-24,29.76,28.85
TAL,2018-08-27,30.459999,30.07
TAL,2018-08-28,29.98,29.73
TAL,2018-08-29,30.690001,29.98
TAL,2018-08-30,29.65,29.5
TAL,2018-08-31,29.6,29.459999
TAL,2018-09-04,29.26,28.969999
TAL,2018-09-05,27.639999,27.52
TAL,2018-09-06,26.889999,26.74
TAL,2018-09-07,27.07,26.5
TAL,2018-09-10,26.360001,26.16
TAL,2018-09-11,26.690001,25.610001
TAL,2018-09-12,26.1,25.1
TAL,2018-09-13,25.190001,24.860001
TAL,2018-09-14,25.469999,25.35
TAL,2018-09-17,24.99,24.959999
TAL,2018-09-18,25.040001,25
TAL,2018-09-19,25.549999,24.99
TAL,2018-09-20,26.040001,25.549999
TAL,2018-09-21,26.98,26.389999
TAL,2018-09-24,26.35,25.99
TAL,2018-09-25,26.719999,26.459999
TAL,2018-09-26,26.620001,26.469999
TAL,2018-09-27,25.67,25.450001
TAL,2018-09-28,25.709999,25.52
TAL,2018-10-01,25.58,25.48
TAL,2018-10-02,24.98,24.309999
TAL,2018-10-03,24.92,24.889999
TAL,2018-10-04,23.940001,23.879999
TAL,2018-10-05,23.389999,23.1
TAL,2018-10-08,22.74,22.33
TAL,2018-10-09,23.25,22.360001
TAL,2018-10-10,22,21.75
TAL,2018-10-11,21.48,21.08
TAL,2018-10-12,22.84,22.299999
TAL,2018-10-15,23.120001,22.26
TAL,2018-10-16,24.18,22.99
TAL,2018-10-17,23.66,23.52
TAL,2018-10-18,22.93,22.870001
TAL,2018-10-19,23.5,23.469999
TAL,2018-10-22,24.360001,24.280001
TAL,2018-10-23,23.110001,22.049999
TAL,2018-10-24,22.74,22.51
TAL,2018-10-25,25.98,23.43
TAL,2018-10-26,27.9,24.77
TAL,2018-10-29,26.690001,26.35
TAL,2018-10-30,27.59,26.209999
TAL,2018-10-31,28.98,28.07
TAL,2018-11-01,30.200001,28.719999
TAL,2018-11-02,29.23,29.1
TAL,2018-11-05,28.99,28.879999
TAL,2018-11-06,29.01,28.66
TAL,2018-11-07,29.41,28.74
TAL,2018-11-08,28.719999,28.629999
TAL,2018-11-09,27.27,27.02
TAL,2018-11-12,27.09,26.940001
TAL,2018-11-13,28.5,27.24
TAL,2018-11-14,28.5,28.030001
TAL,2018-11-15,29.1,28.08
TAL,2018-11-16,28.360001,27.68
TAL,2018-11-19,27.559999,27.49
TAL,2018-11-20,26.959999,26.42
TAL,2018-11-21,28.26,27.379999
TAL,2018-11-23,27.01,26.940001
TAL,2018-11-26,28.450001,27.25
TAL,2018-11-27,28.1,27.540001
TAL,2018-11-28,28.15,27.85
TAL,2018-11-29,27.6,26.879999
TAL,2018-11-30,28.07,27.76
TAL,2018-12-03,29.450001,29.01
TAL,2018-12-04,28.4,28.290001
TAL,2018-12-06,28.889999,27.32
TAL,2018-12-07,27.629999,27.540001
TAL,2018-12-10,26.9,26.07
TAL,2018-12-11,26.799999,26.59
TAL,2018-12-12,28.120001,27.190001
TAL,2018-12-13,27.07,26.9
TAL,2018-12-14,27.049999,26.57
TAL,2018-12-17,27.1,26.639999
TAL,2018-12-18,26.66,26.639999
TAL,2018-12-19,27.030001,26.75
TAL,2018-12-20,27,26.58
TAL,2018-12-21,26.48,26.309999
TAL,2018-12-24,25.780001,25.709999
TAL,2018-12-26,26.610001,25.709999
TAL,2018-12-27,26.280001,25.879999
TAL,2018-12-28,26.780001,26.309999
TAL,2018-12-31,26.68,26.219999
TAL,2019-01-02,25.99,25.549999
TAL,2019-01-03,24.73,24.66
TAL,2019-01-04,26.52,25.280001
TAL,2019-01-07,26.860001,26.450001
TAL,2019-01-08,27.459999,26.67
TAL,2019-01-09,28.950001,27.75
TAL,2019-01-10,29.02,27.959999
TAL,2019-01-11,29.23,28.49
TAL,2019-01-14,29.209999,28.52
TAL,2019-01-15,30.26,29.67
TAL,2019-01-16,29.969999,29.82
TAL,2019-01-17,29.76,29.030001
TAL,2019-01-18,30.190001,29.76
TAL,2019-01-22,31.200001,30.200001
TAL,2019-01-23,31.219999,30.870001
TAL,2019-01-24,29.809999,29.040001
TAL,2019-01-25,30.6,30
TAL,2019-01-28,29.93,29.450001
TAL,2019-01-29,30.540001,29.68
TAL,2019-01-30,30.209999,29.889999
TAL,2019-01-31,31.030001,30.290001
TAL,2019-02-01,31.059999,30.34
TAL,2019-02-04,31.26,30.530001
TAL,2019-02-05,31.700001,31.190001
TAL,2019-02-06,31.84,31.59
TAL,2019-02-07,30.9,30.83
TAL,2019-02-08,31.68,30.67
TAL,2019-02-11,32.919998,31.68
TAL,2019-02-12,32.91,32.599998
TAL,2019-02-13,33.290001,32.91
TAL,2019-02-14,32.740002,32.34
TAL,2019-02-15,32.580002,32.310001
TAL,2019-02-19,31.950001,31.719999
TAL,2019-02-20,32.57,32.040001
TAL,2019-02-21,32.880001,32.209999
TAL,2019-02-22,33.970001,32.040001
TAL,2019-02-25,35.529999,34.619999
TAL,2019-02-26,35.43,34.77
TAL,2019-02-27,35.52,34.919998
TAL,2019-02-28,35.599998,34.98
TAL,2019-03-01,35.5,35.099998
TAL,2019-03-04,36.299999,35.740002
TAL,2019-03-05,36.060001,35.919998
TAL,2019-03-06,35.549999,35.540001
TAL,2019-03-07,34.639999,34.34
TAL,2019-03-08,34.75,33.400002
TAL,2019-03-11,36.060001,35.099998
TAL,2019-03-12,33.68,32.419998
TAL,2019-03-13,34.189999,33.5
TAL,2019-03-14,32.990002,32.830002
TAL,2019-03-15,34.029999,33.490002
TAL,2019-03-18,34.5,34.130001
TAL,2019-03-19,35.509998,34.540001
TAL,2019-03-20,36.209999,35.150002
TAL,2019-03-21,35.66,35.400002
TAL,2019-03-22,34.82,34.66
TAL,2019-03-25,35.82,34.700001
TAL,2019-03-26,35.990002,35.43
TAL,2019-03-27,35.529999,35.169998
TAL,2019-03-28,35.720001,34.939999
TAL,2019-03-29,36.080002,35.68
TAL,2019-04-01,36.029999,35.150002
TAL,2019-04-02,36.369999,35.639999
TAL,2019-04-03,36.709999,36.400002
TAL,2019-04-04,37.200001,35.91
TAL,2019-04-05,36.970001,36.959999
TAL,2019-04-08,36.66,36.240002
TAL,2019-04-09,36.919998,36.43
TAL,2019-04-10,36.84,36.580002
TAL,2019-04-11,36.860001,36.77
TAL,2019-04-12,37.139999,37.02
TAL,2019-04-15,35.299999,34.880001
TAL,2019-04-16,34.860001,34.740002
TAL,2019-04-17,34.639999,34.220001
TAL,2019-04-18,34.080002,33.75
TAL,2019-04-22,34.240002,33.91
TAL,2019-04-23,34.98,34.119999
TAL,2019-04-24,34.419998,34.349998
TAL,2019-04-25,36.169998,34.240002
TAL,2019-04-26,38.599998,36.060001
TAL,2019-04-29,38.669998,38.389999
TAL,2019-04-30,38.470001,38.23
TAL,2019-05-01,38.18,37.880001
TAL,2019-05-02,39.049999,38.310001
TAL,2019-05-03,38.970001,38.700001
TAL,2019-05-06,37.580002,36.849998
TAL,2019-05-07,36.509998,36.380001
TAL,2019-05-08,36.650002,36
TAL,2019-05-09,36.200001,35.669998
TAL,2019-05-10,35.580002,35
TAL,2019-05-13,33.560001,33.34
TAL,2019-05-14,34.98,33.779999
TAL,2019-05-15,35.540001,34.720001
TAL,2019-05-16,35.900002,35.73
TAL,2019-05-17,35.25,34.869999
TAL,2019-05-20,34.560001,34.349998
TAL,2019-05-21,34.869999,33.759998
TAL,2019-05-22,34.099998,34.049999
TAL,2019-05-23,33.75,33.209999
TAL,2019-05-24,33.98,33.740002
TAL,2019-05-28,34.369999,33.98
TAL,2019-05-29,34,33.639999
TAL,2019-05-30,34.32,34.049999
TAL,2019-05-31,34.41,33.619999
TAL,2019-06-03,35.52,34.41
TAL,2019-06-04,36.459999,35.52
TAL,2019-06-05,35.299999,33.73
TAL,2019-06-06,34.369999,34.220001
TAL,2019-06-07,35.259998,34.400002
TAL,2019-06-10,35.669998,35.630001
TAL,2019-06-11,37,36.34
TAL,2019-06-12,36.419998,35.599998
TAL,2019-06-13,36.330002,36.259998
TAL,2019-06-14,36.720001,35.75
TAL,2019-06-17,36.73,36.18
TAL,2019-06-18,37.299999,36.66
TAL,2019-06-19,38.110001,37.5
TAL,2019-06-20,37.98,37.91
TAL,2019-06-21,37.68,37.400002
TAL,2019-06-24,36.419998,35.220001
TAL,2019-06-25,36.349998,36.099998
TAL,2019-06-26,37.5,36.599998
TAL,2019-06-27,38.09,37.48
TAL,2019-06-28,38.099998,37.380001
TAL,2019-07-01,39.299999,38.939999
TAL,2019-07-02,39.560001,38.990002
TAL,2019-07-03,38.5,38.02
TAL,2019-07-05,38.25,37.68
TAL,2019-07-08,36.799999,35.540001
TAL,2019-07-09,37,36.299999
TAL,2019-07-10,36.490002,36.259998
TAL,2019-07-11,35.990002,35.889999
TAL,2019-07-12,35.900002,35.52
TAL,2019-07-15,37.200001,36.799999
TAL,2019-07-16,37.299999,36.59
TAL,2019-07-17,36.990002,36.869999
HRMY,2023-01-27,48.57,48.130001
HRMY,2023-01-30,47.759998,47.740002
HRMY,2023-01-31,48.169998,47.290001
HRMY,2023-02-01,48.209999,47.5
HRMY,2023-02-02,48.84,46.380001
HRMY,2023-02-03,49.34,48.16
HRMY,2023-02-06,49.549999,49.110001
HRMY,2023-02-07,49.490002,48.349998
HRMY,2023-02-08,48.82,48.639999
HRMY,2023-02-09,47.869999,47.651001
HRMY,2023-02-10,47.16,47.040001
HRMY,2023-02-13,46.939999,46.380001
HRMY,2023-02-14,47.040001,46.330002
HRMY,2023-02-15,48.82,46.240002
HRMY,2023-02-16,48.689999,48.060001
HRMY,2023-02-17,49.27,48.220001
HRMY,2023-02-21,43.810001,42.689999
HRMY,2023-02-22,46.27,42.810001
HRMY,2023-02-23,46.099998,44.695
HRMY,2023-02-24,45.330002,44.459999
HRMY,2023-02-27,44.759998,44.294998
HRMY,2023-02-28,44.029999,43.849998
HRMY,2023-03-01,42.810001,42.450001
HRMY,2023-03-02,42.959999,41.919998
HRMY,2023-03-03,43.240002,41.950001
HRMY,2023-03-06,43.310001,42.59
HRMY,2023-03-07,43.220001,42.415001
HRMY,2023-03-08,43.360001,42.599998
HRMY,2023-03-09,42.720001,42.544998
HRMY,2023-03-10,41.259998,40.439999
HRMY,2023-03-13,41.52,40.150002
HRMY,2023-03-14,41.5,41.014999
HRMY,2023-03-15,40.639999,40.060001
HRMY,2023-03-16,40.950001,39.52
HRMY,2023-03-17,41.919998,40.455002
HRMY,2023-03-20,43.959999,41.82
HRMY,2023-03-21,44,43.34
HRMY,2023-03-22,42.23,42.200001
HRMY,2023-03-23,41.799999,40.959999
HRMY,2023-03-24,41.689999,40.66
HRMY,2023-03-27,41.5,40.709999
HRMY,2023-03-28,30.799999,29.809999
HRMY,2023-03-29,33.360001,30.799999
HRMY,2023-03-30,32.68,31.674999
HRMY,2023-03-31,32.650002,31.870001
HRMY,2023-04-03,33.189999,32.509998
HRMY,2023-04-04,31.129999,30.84
HRMY,2023-04-05,31.02,30.76
HRMY,2023-04-06,30.5,30.43
HRMY,2023-04-10,31.639999,29.950001
HRMY,2023-04-11,31.674999,31.040001
HRMY,2023-04-12,30.809999,30.23
HRMY,2023-04-13,31.790001,31
HRMY,2023-04-14,31.51,31.370001
HRMY,2023-04-17,33.349998,31.82
HRMY,2023-04-18,33.299999,32.099998
HRMY,2023-04-19,32.970001,32.52
HRMY,2023-04-20,31.68,31.469999
HRMY,2023-04-21,32.400002,31.540001
HRMY,2023-04-24,32.41,31.58
HRMY,2023-04-25,31.76,31.459999
HRMY,2023-04-26,31.68,31.41
HRMY,2023-04-27,31.299999,31.24
HRMY,2023-04-28,32.240002,31.15
HRMY,2023-05-01,32.759998,31.825001
HRMY,2023-05-02,33.549999,32.790001
HRMY,2023-05-03,35.990002,34.349998
HRMY,2023-05-04,35.549999,35.080002
HRMY,2023-05-05,35.860001,35.27
HRMY,2023-05-08,36.049999,34.799999
HRMY,2023-05-09,36.59,36.049999
HRMY,2023-05-10,35.799999,35.700001
HRMY,2023-05-11,36.310001,35.700001
HRMY,2023-05-12,36.130001,35.290001
HRMY,2023-05-15,36.540001,35.974998
HRMY,2023-05-16,35.900002,35.18
HRMY,2023-05-17,35.529999,35.439999
HRMY,2023-05-18,35.880001,35.139999
HRMY,2023-05-19,35.009998,34.93
HRMY,2023-05-22,35.639999,35.02
HRMY,2023-05-23,35.98,35.645
HRMY,2023-05-24,36.32,35.220001
HRMY,2023-05-25,35.990002,35.849998
HRMY,2023-05-26,35.560001,35.459
HRMY,2023-05-30,35.080002,34.52
HRMY,2023-05-31,34.580002,34.509998
HRMY,2023-06-01,34.389999,33.82
HRMY,2023-06-02,35.189999,34.310001
HRMY,2023-06-05,35.459999,34.919998
HRMY,2023-06-06,36.450001,35.639999
HRMY,2023-06-07,36.439999,35.610001
HRMY,2023-06-08,35.990002,35.240002
HRMY,2023-06-09,34.950001,34.91
HRMY,2023-06-12,35.27,34.560001
HRMY,2023-06-13,36.23,35.380001
HRMY,2023-06-14,35.759998,35.424999
HRMY,2023-06-15,36.27,35.73
HRMY,2023-06-16,36.27,35.785
HRMY,2023-06-20,36.540001,35.400002
HRMY,2023-06-21,37.400002,36.150002
HRMY,2023-06-22,36.91,36.59
HRMY,2023-06-23,36.029999,35.650002
HRMY,2023-06-26,35.66,35.014999
HRMY,2023-06-27,34.889999,34.830002
HRMY,2023-06-28,34.830002,34.599998
HRMY,2023-06-29,35.330002,34.52
HRMY,2023-06-30,35.189999,34.98
HRMY,2023-07-03,34.84,34.715
HRMY,2023-07-05,34.240002,34.105
HRMY,2023-07-06,33.990002,33.130001
HRMY,2023-07-07,33.43,33.41
HRMY,2023-07-10,33.529999,33.040001
HRMY,2023-07-11,34.240002,33.459999
HRMY,2023-07-12,34.540001,34.220001
HRMY,2023-07-13,34.599998,34.5
HRMY,2023-07-14,35.349998,34.439999
HRMY,2023-07-17,36.439999,35.41
HRMY,2023-07-18,36.450001,36.18
HRMY,2023-07-19,35.560001,35.220001
HRMY,2023-07-20,34.959999,34.889999
HRMY,2023-07-21,35.610001,35.009998
HRMY,2023-07-24,35.43,35.294998
HRMY,2023-07-25,36.450001,35.389999
HRMY,2023-07-26,35.5,35.360001
HRMY,2023-07-27,35.060001,34.599998
HRMY,2023-07-28,35.209999,35.110001
HRMY,2023-07-31,35.369999,34.970001
HRMY,2023-08-01,33.990002,33.779999
HRMY,2023-08-02,32.560001,31.51
HRMY,2023-08-03,32.560001,32.064999
HRMY,2023-08-04,33.599998,32.540001
HRMY,2023-08-07,33.5,33.049999
HRMY,2023-08-08,33.310001,33.09
HRMY,2023-08-09,33.139999,32.959999
HRMY,2023-08-10,32.060001,32.049999
HRMY,2023-08-11,31.91,31.67
HRMY,2023-08-14,32.400002,31.5
HRMY,2023-08-15,32.889999,32.419998
HRMY,2023-08-16,32.330002,32.173
HRMY,2023-08-17,32.52,32
HRMY,2023-08-18,32.43,32.220001
HRMY,2023-08-21,32.330002,32.029999
HRMY,2023-08-22,32.619999,32.419998
HRMY,2023-08-23,32.009998,31.98
HRMY,2023-08-24,31.889999,31.719999
HRMY,2023-08-25,32.52,31.700001
HRMY,2023-08-28,34.299999,32.540001
HRMY,2023-08-29,34.970001,34.189999
HRMY,2023-08-30,35.34,34.52
HRMY,2023-08-31,36.25,35.16
HRMY,2023-09-01,36.09,35.700001
HRMY,2023-09-05,35.220001,35.09
HRMY,2023-09-06,36.639999,35.130001
HRMY,2023-09-07,38,37.23
HRMY,2023-09-08,38.099998,37.639999
HRMY,2023-09-11,38.049999,37.84
HRMY,2023-09-12,39.029999,37.84
HRMY,2023-09-13,38.119999,37.990002
HRMY,2023-09-14,38.029999,37.625
HRMY,2023-09-15,37.52,36.580002
HRMY,2023-09-18,35.950001,35.93
HRMY,2023-09-19,36.779999,35.790001
HRMY,2023-09-20,37.349998,36.709999
HRMY,2023-09-21,35.720001,34.314999
HRMY,2023-09-22,36.279999,32.84
HRMY,2023-09-25,33.130001,32.650002
HRMY,2023-09-26,34,32.950001
HRMY,2023-09-27,33.75,33.709999
HRMY,2023-09-28,34.360001,32.939999
HRMY,2023-09-29,32.77,32.439999
HRMY,2023-10-02,32.439999,32.029999
HRMY,2023-10-03,32.380001,31.68
HRMY,2023-10-04,31.780001,30.750999
HRMY,2023-10-05,32.240002,31.6
HRMY,2023-10-06,32.41,31.82
HRMY,2023-10-09,32.595001,31.895
HRMY,2023-10-10,32.529999,31.83
HRMY,2023-10-11,31.27,31.209999
HRMY,2023-10-12,30.264999,29.969999
HRMY,2023-10-13,21.110001,18.611
HRMY,2023-10-16,23.9,20.549999
HRMY,2023-10-17,23.110001,22.959999
HRMY,2023-10-18,22.52,22.290001
HRMY,2023-10-19,21.309999,21.01
HRMY,2023-10-20,20.129999,19.9
HRMY,2023-10-23,19.75,19.6
HRMY,2023-10-24,19.639999,19.51
HRMY,2023-10-25,19.41,18.790001
HRMY,2023-10-26,19.57,19.068001
HRMY,2023-10-27,19.200001,19.059999
HRMY,2023-10-30,19.709999,19.030001
HRMY,2023-10-31,23.540001,22
HRMY,2023-11-01,24.52,23.6
HRMY,2023-11-02,24.629999,24.063999
HRMY,2023-11-03,25.92,25.26
HRMY,2023-11-06,24.93,24.610001
HRMY,2023-11-07,24.35,24.32
HRMY,2023-11-08,23.93,23.549999
HRMY,2023-11-09,23.309999,22.889999
HRMY,2023-11-10,23.780001,23.139999
HRMY,2023-11-13,24.23,23.424999
HRMY,2023-11-14,25.09,24.790001
HRMY,2023-11-15,25.200001,24.950001
HRMY,2023-11-16,25.84,24.700001
HRMY,2023-11-17,26.969999,26.025
HRMY,2023-11-20,27.77,27.105
HRMY,2023-11-21,27.469999,27.135
HRMY,2023-11-22,28.5,27.969999
HRMY,2023-11-24,29.030001,28.41
HRMY,2023-11-27,28.790001,28.478001
HRMY,2023-11-28,29.09,28.23
HRMY,2023-11-29,29.4,29.309999
HRMY,2023-11-30,29.059999,28.950001
HRMY,2023-12-01,30.48,28.895
HRMY,2023-12-04,31.25,30.52
HRMY,2023-12-05,32.380001,30.370001
HRMY,2023-12-06,32.060001,32.029999
HRMY,2023-12-07,31.049999,30.950001
HRMY,2023-12-08,31,30.959999
HRMY,2023-12-11,30.98,30.49
HRMY,2023-12-12,31.74,30.889999
HRMY,2023-12-13,33.32,31.58
HRMY,2023-12-14,33.779999,33.09
HRMY,2023-12-15,33.669998,32.82
HRMY,2023-12-18,32.52,32.099998
HRMY,2023-12-19,33.470001,32.625
HRMY,2023-12-20,32.040001,31.969999
HRMY,2023-12-21,32.290001,32.18
HRMY,2023-12-22,32.139999,32.080002
HRMY,2023-12-26,33.080002,32.150002
HRMY,2023-12-27,32.970001,32.779999
HRMY,2023-12-28,33.330002,32.790001
HRMY,2023-12-29,32.299999,32.25
HRMY,2024-01-02,30.790001,29.01
HRMY,2024-01-03,31.209999,30.049999
HRMY,2024-01-04,31.940001,31.200001
HRMY,2024-01-05,31.98,31.07
HRMY,2024-01-08,32.709999,30.639999
HRMY,2024-01-09,32.59,31.26
HRMY,2024-01-10,31.870001,31.440001
HRMY,2024-01-11,31.370001,30.610001
HRMY,2024-01-12,31.32,31.32
HRMY,2024-01-16,32.150002,30.6
HRMY,2024-01-17,31.889999,31.32
HRMY,2024-01-18,31.92,31.235001
HRMY,2024-01-19,31.66,30.389999
HRMY,2024-01-22,32.529999,31.879999
HRMY,2024-01-23,31.73,31.315001
HRMY,2024-01-24,30.690001,30.389999
HRMY,2024-01-25,31.040001,30.65
HRMY,2024-01-26,31.08,31.030001
HRMY,2024-01-29,32.27,31
HRMY,2024-01-30,31.790001,30.959999
HRMY,2024-01-31,31.540001,31.43
HRMY,2024-02-01,31.290001,30.48
HRMY,2024-02-02,31.17,30.635
HRMY,2024-02-05,30.32,30.129999
HRMY,2024-02-06,31.52,30.219999
HRMY,2024-02-07,31.889999,30.719999
HRMY,2024-02-08,33.700001,31.98
HRMY,2024-02-09,33.310001,32.264999
HRMY,2024-02-12,34.560001,33.509998
HRMY,2024-02-13,32.869999,31.889999
HRMY,2024-02-14,33.889999,32.759998
HRMY,2024-02-15,35.060001,33.595001
HRMY,2024-02-16,33.810001,32.91
HRMY,2024-02-20,33.02,32.490002
HRMY,2024-02-21,33,32.34
HRMY,2024-02-22,31.450001,29.51
HRMY,2024-02-23,32.5,30.809999
HRMY,2024-02-26,32.470001,31.58
HRMY,2024-02-27,33.48,32.855
HRMY,2024-02-28,33.259998,32.709999
HRMY,2024-02-29,32.099998,31.860001
HRMY,2024-03-01,32.110001,30.66
HRMY,2024-03-04,30.870001,30.799999
HRMY,2024-03-05,30.75,30.01
HRMY,2024-03-06,30.68,30.209999
HRMY,2024-03-07,31.040001,30.697001
HRMY,2024-03-08,31.09,30.969999
HRMY,2024-03-11,30.780001,30.309999
HRMY,2024-03-12,30.42,29.35
HRMY,2024-03-13,29.93,29.700001
HRMY,2024-03-14,31.360001,29.355
HRMY,2024-03-15,31.98,30.93
HRMY,2024-03-18,31.59,31.370001
HRMY,2024-03-19,32.330002,31.360001
HRMY,2024-03-20,33.645,32.205002
HRMY,2024-03-21,33.549999,33.470001
HRMY,2024-03-22,33.310001,33.009998
HRMY,2024-03-25,32.599998,32.529999
HRMY,2024-03-26,32.02,31.76
HRMY,2024-03-27,33.52,32.209999
HRMY,2024-03-28,33.580002,32.619999
HRMY,2024-04-01,33.009998,32.02
HRMY,2024-04-02,32.700001,32.130001
HRMY,2024-04-03,31.700001,31.67
HRMY,2024-04-04,31.23,31.15
HRMY,2024-04-05,30.65,30.42
HRMY,2024-04-08,29.84,28.629999
HRMY,2024-04-09,30.860001,29.68
HRMY,2024-04-10,29.370001,28.950001
HRMY,2024-04-11,31.26,29.5
HRMY,2024-04-12,29.5,29.030001
HRMY,2024-04-15,29.52,29.299999
HRMY,2024-04-16,29.780001,29.360001
HRMY,2024-04-17,29.190001,29.120001
HRMY,2024-04-18,29.030001,28.9
HRMY,2024-04-19,29.4,28.75
HRMY,2024-04-22,29.35,28.799999
HRMY,2024-04-23,28.85,28.690001
HRMY,2024-04-24,29.23,28.68
HRMY,2024-04-25,28.93,28.139999
HRMY,2024-04-26,29.32,29
HRMY,2024-04-29,29.25,29.190001
HRMY,2024-04-30,30.91,30.85
TWST,2022-09-16,37.580002,36.720001
TWST,2022-09-19,38.029999,36.209999
TWST,2022-09-20,37.110001,36.73
TWST,2022-09-21,36.380001,35.93
TWST,2022-09-22,33.639999,33.450001
TWST,2022-09-23,33.439999,32.130001
TWST,2022-09-26,33.860001,33.209999
TWST,2022-09-27,34.599998,33.639999
TWST,2022-09-28,37.790001,35.200001
TWST,2022-09-29,35.779999,35.029999
TWST,2022-09-30,35.240002,35.18
TWST,2022-10-03,36.080002,34.700001
TWST,2022-10-04,39.259998,37.419998
TWST,2022-10-05,38.509998,35.639999
TWST,2022-10-06,39.110001,37.91
TWST,2022-10-07,32.66,32.279999
TWST,2022-10-10,30.639999,30.549999
TWST,2022-10-11,30.33,29.23
TWST,2022-10-12,30.459999,29.190001
TWST,2022-10-13,30.440001,28.07
TWST,2022-10-14,28.639999,28.540001
TWST,2022-10-17,31.389999,29.68
TWST,2022-10-18,32.279999,31.57
TWST,2022-10-19,30.280001,29.790001
TWST,2022-10-20,28.860001,28.58
TWST,2022-10-21,29.35,27.93
TWST,2022-10-24,29.08,27.809999
TWST,2022-10-25,31.219999,29.549999
TWST,2022-10-26,33.360001,30.610001
TWST,2022-10-27,33.470001,32.080002
TWST,2022-10-28,33.380001,32.82
TWST,2022-10-31,32.830002,32.419998
TWST,2022-11-01,33.77,32.82
TWST,2022-11-02,32.57,32.34
TWST,2022-11-03,32.549999,30.799999
TWST,2022-11-04,32.5,31.58
TWST,2022-11-07,30.610001,29.76
TWST,2022-11-08,31.110001,29.620001
TWST,2022-11-09,28.42,28.34
TWST,2022-11-10,33.900002,30.76
TWST,2022-11-11,39.369999,33.200001
TWST,2022-11-14,38,37.91
TWST,2022-11-15,30.43,25.299999
TWST,2022-11-16,28.290001,26.66
TWST,2022-11-17,25.4,23.9
TWST,2022-11-18,24.809999,24.290001
TWST,2022-11-21,25.610001,24.360001
TWST,2022-11-22,25.209999,24.620001
TWST,2022-11-23,25.530001,25.01
TWST,2022-11-25,25.440001,24.620001
TWST,2022-11-28,25.040001,24.540001
TWST,2022-11-29,24.6,24.42
TWST,2022-11-30,27.35,24.860001
TWST,2022-12-01,27.860001,27.040001
TWST,2022-12-02,28.5,26.33
TWST,2022-12-05,27.74,27.459999
TWST,2022-12-06,25.889999,25.49
TWST,2022-12-07,25.32,25.16
TWST,2022-12-08,26.33,24.559999
TWST,2022-12-09,24.42,24.389999
TWST,2022-12-12,25.57,24.07
TWST,2022-12-13,26.459999,25.780001
TWST,2022-12-14,26.49,26.049999
TWST,2022-12-15,25.379999,25.280001
TWST,2022-12-16,25.25,23.82
TWST,2022-12-19,23.790001,23.440001
TWST,2022-12-20,23.629999,23.120001
TWST,2022-12-21,24.17,23.4
TWST,2022-12-22,23.540001,21.84
TWST,2022-12-23,23.190001,22.709999
TWST,2022-12-27,21.93,21.780001
TWST,2022-12-28,21.92,21.82
TWST,2022-12-29,23.440001,22.02
TWST,2022-12-30,23.809999,22.01
TWST,2023-01-03,23.809999,23.07
TWST,2023-01-04,25.41,23.75
TWST,2023-01-05,25.290001,24.51
TWST,2023-01-06,25.4,24.110001
TWST,2023-01-09,24.65,23.93
TWST,2023-01-10,26,24.58
TWST,2023-01-11,26.719999,25.530001
TWST,2023-01-12,26.559999,25.639999
TWST,2023-01-13,25.959999,25.379999
TWST,2023-01-17,26.879999,25.16
TWST,2023-01-18,27.43,27.110001
TWST,2023-01-19,25.75,24.67
TWST,2023-01-20,27.030001,25.120001
TWST,2023-01-23,28.74,26.18
TWST,2023-01-24,28.74,27.76
TWST,2023-01-25,27.98,26.559999
TWST,2023-01-26,27.959999,26.99
TWST,2023-01-27,29.15,27.41
TWST,2023-01-30,28.25,27.52
TWST,2023-01-31,28.690001,27.82
TWST,2023-02-01,29.08,27.25
TWST,2023-02-02,30.9,29.459999
TWST,2023-02-03,25.309999,23.809999
TWST,2023-02-06,23.73,23.379999
TWST,2023-02-07,26.18,23.379999
TWST,2023-02-08,26.200001,25.950001
TWST,2023-02-09,24.67,24.629999
TWST,2023-02-10,23.700001,23.17
TWST,2023-02-13,23.950001,23.559999
TWST,2023-02-14,24.27,22.799999
TWST,2023-02-15,24.129999,23.559999
TWST,2023-02-16,22.809999,22.35
TWST,2023-02-17,22.52,21.440001
TWST,2023-02-21,20.530001,20.32
TWST,2023-02-22,20.83,20.27
TWST,2023-02-23,20.110001,19.190001
TWST,2023-02-24,19.18,18.969999
TWST,2023-02-27,19.389999,18.950001
TWST,2023-02-28,19.459999,19.120001
TWST,2023-03-01,18.299999,18.18
TWST,2023-03-02,18.9,17.719999
TWST,2023-03-03,19.440001,19.01
TWST,2023-03-06,18.84,18.610001
TWST,2023-03-07,18.51,18.219999
TWST,2023-03-08,18.08,17.709999
TWST,2023-03-09,17.16,16.91
TWST,2023-03-10,15.78,14.98
TWST,2023-03-13,16.83,15.37
TWST,2023-03-14,16.860001,16.459999
TWST,2023-03-15,16.940001,16.459999
TWST,2023-03-16,16.780001,16.280001
TWST,2023-03-17,16.51,15.9
TWST,2023-03-20,16.52,15.96
TWST,2023-03-21,17.049999,16.42
TWST,2023-03-22,15.82,15.8
TWST,2023-03-23,15.98,15.58
TWST,2023-03-24,16.18,15.53
TWST,2023-03-27,16.280001,16.16
TWST,2023-03-28,14.6,14.57
TWST,2023-03-29,15.12,14.52
TWST,2023-03-30,14.73,14.7
TWST,2023-03-31,15.08,14.81
TWST,2023-04-03,14.09,13.83
TWST,2023-04-04,13.77,13.47
TWST,2023-04-05,13.38,13.11
TWST,2023-04-06,13.81,13.11
TWST,2023-04-10,13.64,13.41
TWST,2023-04-11,13.61,13.2
TWST,2023-04-12,12.72,12.66
TWST,2023-04-13,13.95,12.8
TWST,2023-04-14,13.97,13.62
TWST,2023-04-17,14.7,13.74
TWST,2023-04-18,14.37,14.03
TWST,2023-04-19,14.4,13.84
TWST,2023-04-20,13.52,13.45
TWST,2023-04-21,13.75,13.46
TWST,2023-04-24,13.63,13.27
TWST,2023-04-25,12.78,12.72
TWST,2023-04-26,12.56,12.48
TWST,2023-04-27,12.38,12.24
TWST,2023-04-28,12.48,12.17
TWST,2023-05-01,12.37,12.21
TWST,2023-05-02,11.49,11.46
TWST,2023-05-03,12.26,11.53
TWST,2023-05-04,12.94,12.09
TWST,2023-05-05,12.89,11.92
TWST,2023-05-08,13.4,12.8
TWST,2023-05-09,13.52,12.65
TWST,2023-05-10,13.21,13.02
TWST,2023-05-11,12.7,12.51
TWST,2023-05-12,11.95,11.81
TWST,2023-05-15,13.48,12.17
TWST,2023-05-16,12.91,12.3
TWST,2023-05-17,12.98,12.69
TWST,2023-05-18,13.11,12.62
TWST,2023-05-19,13.03,12.62
TWST,2023-05-22,14.93,13.11
TWST,2023-05-23,14.92,14.86
TWST,2023-05-24,14.24,13.58
TWST,2023-05-25,14.96,14.45
TWST,2023-05-26,14.41,14.2
TWST,2023-05-30,15.19,14.67
TWST,2023-05-31,15.15,14.29
TWST,2023-06-01,16.01,14.75
TWST,2023-06-02,16.309999,15.55
TWST,2023-06-05,16.190001,15.79
TWST,2023-06-06,16.98,15.86
TWST,2023-06-07,16.67,16.530001
TWST,2023-06-08,17.16,16.27
TWST,2023-06-09,17.35,16.67
TWST,2023-06-12,18.379999,17.43
TWST,2023-06-13,18.549999,18.34
TWST,2023-06-14,18.450001,17.969999
TWST,2023-06-15,18.610001,18.049999
TWST,2023-06-16,18.309999,18.129999
TWST,2023-06-20,18.24,17.700001
TWST,2023-06-21,17.84,17.52
TWST,2023-06-22,17.719999,17.139999
TWST,2023-06-23,17.280001,16.959999
TWST,2023-06-26,17.620001,17.15
TWST,2023-06-27,18.280001,17.25
TWST,2023-06-28,19.27,17.6
TWST,2023-06-29,19.559999,18.92
TWST,2023-06-30,20.459999,19.76
TWST,2023-07-03,19.85,19.85
TWST,2023-07-05,19.65,19.34
TWST,2023-07-06,19.34,18.67
TWST,2023-07-07,19.5,19.379999
TWST,2023-07-10,21.41,19.209999
TWST,2023-07-11,20.77,20.52
TWST,2023-07-12,23.209999,21.6
TWST,2023-07-13,23.370001,22.5
TWST,2023-07-14,23.299999,22.799999
TWST,2023-07-17,24.17,23.040001
TWST,2023-07-18,25.08,24.15
TWST,2023-07-19,26.01,25.18
TWST,2023-07-20,23.41,23.15
TWST,2023-07-21,25.110001,23.4
TWST,2023-07-24,25.09,24.34
TWST,2023-07-25,25.389999,25.01
TWST,2023-07-26,26.57,25
TWST,2023-07-27,24.870001,24.42
TWST,2023-07-28,24.99,24.07
TWST,2023-07-31,24.34,23.26
TWST,2023-08-01,22.889999,22.879999
TWST,2023-08-02,21.389999,21.17
TWST,2023-08-03,20.67,20.459999
TWST,2023-08-04,22.98,22.620001
TWST,2023-08-07,23.75,22.08
TWST,2023-08-08,23.33,22.700001
TWST,2023-08-09,22.6,21.799999
TWST,2023-08-10,22.790001,22.32
TWST,2023-08-11,22.309999,21.940001
TWST,2023-08-14,21.959999,21.25
TWST,2023-08-15,21.360001,21.209999
TWST,2023-08-16,19.309999,19.280001
TWST,2023-08-17,18.620001,18.58
TWST,2023-08-18,19.459999,18.23
TWST,2023-08-21,19.379999,19.08
TWST,2023-08-22,19.559999,19.23
TWST,2023-08-23,20.33,19.370001
TWST,2023-08-24,19.18,19.1
TWST,2023-08-25,19.780001,19.040001
TWST,2023-08-28,19.719999,19.559999
TWST,2023-08-29,21.23,19.459999
TWST,2023-08-30,21.67,20.9
TWST,2023-08-31,21.99,21.67
TWST,2023-09-01,23.559999,22.309999
TWST,2023-09-05,23.43,23.02
TWST,2023-09-06,24.59,23.41
TWST,2023-09-07,23.41,22.92
TWST,2023-09-08,22.42,22.040001
TWST,2023-09-11,22.98,21.940001
TWST,2023-09-12,22.99,22.52
TWST,2023-09-13,23.049999,22.870001
TWST,2023-09-14,21.99,21.610001
TWST,2023-09-15,20.950001,20.790001
TWST,2023-09-18,20.52,20.440001
TWST,2023-09-19,20.33,19.870001
TWST,2023-09-20,20.200001,20.17
TWST,2023-09-21,19.68,19.42
TWST,2023-09-22,20.34,19.42
TWST,2023-09-25,20.959999,20
TWST,2023-09-26,19.870001,19.43
TWST,2023-09-27,20.540001,20.08
TWST,2023-09-28,20.559999,19.9
TWST,2023-09-29,20.26,19.969999
TWST,2023-10-02,19.17,18.84
TWST,2023-10-03,18.370001,18.09
TWST,2023-10-04,18.690001,17.82
TWST,2023-10-05,18.77,18.459999
TWST,2023-10-06,18.120001,17.82
TWST,2023-10-09,18.5,17.27
TWST,2023-10-10,19.41,18.5
TWST,2023-10-11,19.26,18.84
TWST,2023-10-12,17.4,17.379999
TWST,2023-10-13,16.98,16.780001
TWST,2023-10-16,17.799999,16.65
TWST,2023-10-17,18.42,17.360001
TWST,2023-10-18,17.15,17.049999
TWST,2023-10-19,16.620001,16.42
TWST,2023-10-20,16.75,16.23
TWST,2023-10-23,15.92,15.9
TWST,2023-10-24,16.58,15.96
TWST,2023-10-25,15.32,14.92
TWST,2023-10-26,15.59,15.03
TWST,2023-10-27,15.11,14.96
TWST,2023-10-30,15.08,14.42
TWST,2023-10-31,15.76,15.16
TWST,2023-11-01,15.62,15.11
TWST,2023-11-02,17.309999,15.79
TWST,2023-11-03,18.66,17.879999
TWST,2023-11-06,17.719999,17.450001
TWST,2023-11-07,18.24,17.200001
TWST,2023-11-08,17.4,17.299999
TWST,2023-11-09,16.59,16.469999
TWST,2023-11-10,16.870001,15.85
TWST,2023-11-13,17.26,15.99
TWST,2023-11-14,19.67,18.59
TWST,2023-11-15,19.9,19.620001
TWST,2023-11-16,19.07,18.799999
TWST,2023-11-17,24.01,20.59
TWST,2023-11-20,24.74,23
TWST,2023-11-21,23.709999,23.48
TWST,2023-11-22,23.809999,23.66
TWST,2023-11-24,24.49,23.4
TWST,2023-11-27,24.07,23.379999
TWST,2023-11-28,24.02,23.07
TWST,2023-11-29,24.51,24.01
TWST,2023-11-30,24.049999,23.860001
TWST,2023-12-01,24.780001,23.25
TWST,2023-12-04,25.59,24.15
TWST,2023-12-05,24.67,24.25
TWST,2023-12-06,26,24.6
TWST,2023-12-07,26.41,25.799999
TWST,2023-12-08,26.98,24.809999
TWST,2023-12-11,27.9,26.51
TWST,2023-12-12,28.25,27.190001
TWST,2023-12-13,31.209999,27.43
TWST,2023-12-14,35.119999,32.110001
TWST,2023-12-15,34.610001,33.540001
TWST,2023-12-18,34.560001,34.25
TWST,2023-12-19,38.330002,35.040001
DNA,2021-08-09,400,399.20001
DNA,2021-08-10,402,400.39999
DNA,2021-08-11,403.60001,402
DNA,2021-08-12,401.20001,400
DNA,2021-08-13,399.20001,398.79999
DNA,2021-08-16,398.39999,398.39999
DNA,2021-08-17,398.79999,398
DNA,2021-08-18,398.79999,398.39999
DNA,2021-08-19,398.79999,398
DNA,2021-08-20,398,397.60001
DNA,2021-08-23,398,397.60001
DNA,2021-08-24,398,398
DNA,2021-08-25,399.20001,398
DNA,2021-08-26,398.79999,398.39999
DNA,2021-08-27,398.79999,398.39999
DNA,2021-08-30,398.39999,398.39999
DNA,2021-08-31,398.79999,398.39999
DNA,2021-09-01,398.79999,398.39999
DNA,2021-09-02,399,398.79999
DNA,2021-09-03,399.20001,398.79999
DNA,2021-09-07,398.39999,398.39999
DNA,2021-09-08,397.20001,389.60001
DNA,2021-09-09,397.60001,392.04001
DNA,2021-09-10,392.39999,392.39999
DNA,2021-09-13,366,356
DNA,2021-09-14,394.79999,370
DNA,2021-09-15,405.20001,390
DNA,2021-09-16,456.79999,400.39999
DNA,2021-09-17,487.20001,444
DNA,2021-09-20,444.39999,432
DNA,2021-09-21,468,455.20001
DNA,2021-09-22,474.79999,471.20001
DNA,2021-09-23,492,474
DNA,2021-09-24,504,476.39999
DNA,2021-09-27,531.20001,515.20001
DNA,2021-09-28,514.79999,486
DNA,2021-09-29,488,480.39999
DNA,2021-09-30,463.60001,456.39999
DNA,2021-10-01,460.39999,448
DNA,2021-10-04,455.20001,450
DNA,2021-10-05,479.20001,454.79999
DNA,2021-10-06,423.60001,365.20001
DNA,2021-10-07,448.79999,423.60001
DNA,2021-10-08,413.20001,412.79999
DNA,2021-10-11,378.79999,377.60001
DNA,2021-10-12,433.20001,385.60001
DNA,2021-10-13,410,409.60001
DNA,2021-10-14,465.20001,422.79999
DNA,2021-10-15,476.39999,452.39999
DNA,2021-10-18,492.79999,456
DNA,2021-10-19,592.40002,486.79999
DNA,2021-10-20,550.79999,524.40002
DNA,2021-10-21,528.40002,514
DNA,2021-10-22,525.59998,488
DNA,2021-10-25,571.20001,521.59998
DNA,2021-10-26,579.20001,562
DNA,2021-10-27,573.20001,549.20001
DNA,2021-10-28,571.20001,560.40002
DNA,2021-10-29,552.79999,544
DNA,2021-11-01,551.59998,534
DNA,2021-11-02,536,521.59998
DNA,2021-11-03,567.59998,530
DNA,2021-11-04,576.40002,563.59998
DNA,2021-11-05,558,542
DNA,2021-11-08,596.79999,560
DNA,2021-11-09,596.79999,580.79999
DNA,2021-11-10,544.79999,544
DNA,2021-11-11,539.20001,537.59998
DNA,2021-11-12,516,509.60001
DNA,2021-11-15,518.79999,489.60001
DNA,2021-11-16,560,519.20001
DNA,2021-11-17,543.59998,532
DNA,2021-11-18,479.20001,478
DNA,2021-11-19,538,473.20001
DNA,2021-11-22,539.59998,514.40002
DNA,2021-11-23,484,475.60001
DNA,2021-11-24,480,472.39999
DNA,2021-11-26,482.39999,458
DNA,2021-11-29,481.60001,467.20001
DNA,2021-11-30,474.79999,452
DNA,2021-12-01,455.60001,455.60001
DNA,2021-12-02,408.79999,389.20001
DNA,2021-12-03,346,316.39999
DNA,2021-12-06,389.60001,330
DNA,2021-12-07,399.20001,380.39999
DNA,2021-12-08,406.39999,392
DNA,2021-12-09,395.60001,395.60001
DNA,2021-12-10,402.79999,400.79999
DNA,2021-12-13,404.39999,392.39999
DNA,2021-12-14,380,368.79999
DNA,2021-12-15,434,376.79999
DNA,2021-12-16,419.20001,413.60001
DNA,2021-12-17,446.79999,388.79999
DNA,2021-12-20,442.39999,411.60001
DNA,2021-12-21,452.39999,441.79999
DNA,2021-12-22,442.79999,437.60001
DNA,2021-12-23,426.79999,423.20001
DNA,2021-12-27,389.20001,389.20001
DNA,2021-12-28,366,365
DNA,2021-12-29,355.20001,346.39999
DNA,2021-12-30,358.79999,351.60001
DNA,2021-12-31,332.39999,332
DNA,2022-01-03,347.60001,318.12
DNA,2022-01-04,319.20001,310
DNA,2022-01-05,279.60001,277.20001
DNA,2022-01-06,276,264
DNA,2022-01-07,272.79999,267.20001
DNA,2022-01-10,268.39999,245.39999
DNA,2022-01-11,273.20001,263.20001
DNA,2022-01-12,250.39999,249.8
DNA,2022-01-13,245.60001,231.2
DNA,2022-01-14,231.60001,225
DNA,2022-01-18,212,208.39999
DNA,2022-01-19,201.60001,200
DNA,2022-01-20,204,202.39999
DNA,2022-01-21,211.2,200.39999
DNA,2022-01-24,205.2,173.72
DNA,2022-01-25,193.2,186.39999
DNA,2022-01-26,190.8,187.39999
DNA,2022-01-27,186,185.60001
DNA,2022-01-28,198.8,176.39999
DNA,2022-01-31,239.2,200
DNA,2022-02-01,248.8,222
DNA,2022-02-02,245.60001,234
DNA,2022-02-03,229.60001,223.39999
DNA,2022-02-04,241.60001,225.2
DNA,2022-02-07,244,239.2
DNA,2022-02-08,216,215.60001
DNA,2022-02-09,235.60001,215.39999
DNA,2022-02-10,230.39999,224
DNA,2022-02-11,217.60001,210
DNA,2022-02-14,206.8,203.2
DNA,2022-02-15,222,204.39999
DNA,2022-02-16,217.60001,205.8
DNA,2022-02-17,197.60001,195.60001
DNA,2022-02-18,186,185.2
DNA,2022-02-22,168.8,167.39999
DNA,2022-02-23,170.8,165.60001
DNA,2022-02-24,184.39999,160
DNA,2022-02-25,176.39999,167.60001
DNA,2022-02-28,180,170
DNA,2022-03-01,171.60001,169.2
DNA,2022-03-02,170,165
DNA,2022-03-03,154.39999,152.39999
DNA,2022-03-04,137.2,135.60001
DNA,2022-03-07,138,133.60001
DNA,2022-03-08,139.2,130
DNA,2022-03-09,138.8,132.8
DNA,2022-03-10,134.8,125.6
DNA,2022-03-11,122,121.6
DNA,2022-03-14,113.2,111.6
DNA,2022-03-15,116.4,104.8
DNA,2022-03-16,119.6,108.8
DNA,2022-03-17,118.8,112
DNA,2022-03-18,122,116.8
DNA,2022-03-21,118.8,113.6
DNA,2022-03-22,127.6,116.8
DNA,2022-03-23,140.8,124.4
DNA,2022-03-24,148.8,136.8
DNA,2022-03-25,146.39999,137.60001
DNA,2022-03-28,149.60001,143.8
DNA,2022-03-29,183.60001,164.8
DNA,2022-03-30,168.8,166.8
DNA,2022-03-31,161.2,160.8
DNA,2022-04-01,168,158
DNA,2022-04-04,165.2,162.60001
DNA,2022-04-05,144.39999,140.8
DNA,2022-04-06,141.2,133.60001
DNA,2022-04-07,136.39999,130
DNA,2022-04-08,141.2,132.60001
DNA,2022-04-11,134,129.8
DNA,2022-04-12,138,134.8
DNA,2022-04-13,153.2,136.8
DNA,2022-04-14,153.60001,149.2
DNA,2022-04-18,145.2,140.2
DNA,2022-04-19,152.8,143.60001
DNA,2022-04-20,145.60001,144.39999
DNA,2022-04-21,138,134
DNA,2022-04-22,136,135.39999
DNA,2022-04-25,155.2,132.39999
DNA,2022-04-26,147.60001,144.39999
DNA,2022-04-27,137.2,136.8
DNA,2022-04-28,124.8,120
DNA,2022-04-29,116,115.6
DNA,2022-05-02,125.2,111.68
DNA,2022-05-03,128.8,122.2
DNA,2022-05-04,131.60001,122
DNA,2022-05-05,117.2,116
DNA,2022-05-06,108.4,106
DNA,2022-05-09,95.199997,92.800003
DNA,2022-05-10,96.400002,87.599998
DNA,2022-05-11,88,87.199997
DNA,2022-05-12,95.199997,83.599998
DNA,2022-05-13,106.4,98
DNA,2022-05-16,97.199997,96.800003
DNA,2022-05-17,109.6,96.800003
DNA,2022-05-18,97.199997,97.199997
DNA,2022-05-19,100.8,95.239998
DNA,2022-05-20,104.4,94.800003
DNA,2022-05-23,107.2,99.599998
DNA,2022-05-24,103.2,100.4
DNA,2022-05-25,115.2,102.4
DNA,2022-05-26,118.4,112.8
DNA,2022-05-27,128.39999,118.4
DNA,2022-05-31,123.2,117.4
DNA,2022-06-01,119.2,114.48
DNA,2022-06-02,139.2,117.6
DNA,2022-06-03,146.39999,131.60001
DNA,2022-06-06,138.8,138.60001
DNA,2022-06-07,143.60001,135.64
DNA,2022-06-08,143.2,143.2
DNA,2022-06-09,124.4,123.6
DNA,2022-06-10,112.8,111.2
DNA,2022-06-13,95.199997,94
DNA,2022-06-14,96.800003,90.400002
DNA,2022-06-15,103.6,96.400002
DNA,2022-06-16,92.800003,91.599998
DNA,2022-06-17,94.800003,92.400002
DNA,2022-06-21,97.599998,97.199997
DNA,2022-06-22,99.599998,92.800003
DNA,2022-06-23,117.6,98.800003
DNA,2022-06-24,114.4,110.4
DNA,2022-06-27,111.6,106
DNA,2022-06-28,104.4,104
DNA,2022-06-29,100,97.199997
DNA,2022-06-30,95.199997,92.400002
DNA,2022-07-01,95.199997,94.400002
DNA,2022-07-05,108,89.400002
DNA,2022-07-06,119.6,109.2
DNA,2022-07-07,129.60001,118
DNA,2022-07-08,129.2,125.2
DNA,2022-07-11,119.6,118
DNA,2022-07-12,119.6,114
DNA,2022-07-13,127.6,113.6
DNA,2022-07-14,123.6,117.2
DNA,2022-07-15,120,116
DNA,2022-07-18,119.2,117.6
DNA,2022-07-19,128.8,118.4
DNA,2022-07-20,126.4,124
DNA,2022-07-21,128,124.4
DNA,2022-07-22,116.8,115.2
DNA,2022-07-25,111.2,108
DNA,2022-07-26,104.4,103.2
DNA,2022-07-27,111.6,104.4
DNA,2022-07-28,113.6,105.32
DNA,2022-07-29,114.4,110.4
DNA,2022-08-01,114.8,107.6
DNA,2022-08-02,120,113.44
DNA,2022-08-03,122.4,119.6
DNA,2022-08-04,120.4,118.4
DNA,2022-08-05,122.8,113.2
DNA,2022-08-08,129.60001,120.8
DNA,2022-08-09,125.2,116.4
DNA,2022-08-10,125.2,118
DNA,2022-08-11,136,128.39999
DNA,2022-08-12,145.2,135.2
DNA,2022-08-15,139.60001,138.8
DNA,2022-08-16,149.60001,142
DNA,2022-08-17,130.39999,129.60001
DNA,2022-08-18,130,124
DNA,2022-08-19,114,111.6
DNA,2022-08-22,107.6,105.6
DNA,2022-08-23,107.6,103.2
DNA,2022-08-24,113.6,107.2
DNA,2022-08-25,117.2,112
DNA,2022-08-26,111.2,109.6
DNA,2022-08-29,106.8,106
DNA,2022-08-30,104,102
DNA,2022-08-31,107.6,103.6
DNA,2022-09-01,109.6,103.2
DNA,2022-09-02,100.4,98.800003
DNA,2022-09-06,96.400002,94
DNA,2022-09-07,105.2,96
DNA,2022-09-08,115.2,101.6
DNA,2022-09-09,117.6,114.8
DNA,2022-09-12,126.8,116.6
DNA,2022-09-13,119.6,112.4
DNA,2022-09-14,122.8,115.2
DNA,2022-09-15,125.2,120.8
DNA,2022-09-16,119.6,114.8
DNA,2022-09-19,122.8,114.8
DNA,2022-09-20,117.6,117.2
DNA,2022-09-21,114.8,114.2
DNA,2022-09-22,118,111.6
DNA,2022-09-23,112,106
DNA,2022-09-26,112,109.4
DNA,2022-09-27,115.6,112.8
DNA,2022-09-28,138.8,117.6
DNA,2022-09-29,125.2,125.2
DNA,2022-09-30,124.8,123.6
DNA,2022-10-03,125.6,120.4
DNA,2022-10-04,140.8,130.39999
DNA,2022-10-05,132.39999,128.8
DNA,2022-10-06,129.2,126.2
DNA,2022-10-07,123.6,122.8
DNA,2022-10-10,115.6,108.8
DNA,2022-10-11,119.2,110.8
DNA,2022-10-12,114,108.4
DNA,2022-10-13,113.6,106.4
DNA,2022-10-14,103.6,102
DNA,2022-10-17,105.2,102
DNA,2022-10-18,106.4,101.6
DNA,2022-10-19,97.599998,97.199997
DNA,2022-10-20,98.800003,95.599998
DNA,2022-10-21,102.8,93.599998
DNA,2022-10-24,99.599998,97.199997
DNA,2022-10-25,110.4,102
DNA,2022-10-26,111.2,106.6
DNA,2022-10-27,105.2,104.8
DNA,2022-10-28,107.6,101.4
DNA,2022-10-31,109.2,105.6
DNA,2022-11-01,109.6,109.2
DNA,2022-11-02,105.6,105
DNA,2022-11-03,103.2,101.2
DNA,2022-11-04,100,96
DNA,2022-11-07,95.599998,94
DNA,2022-11-08,101.6,94.400002
DNA,2022-11-09,92,91.199997
RBLX,2024-08-09,37.02,36.77
RBLX,2024-08-12,37.32,36.91
RBLX,2024-08-13,38.75,38.049999
RBLX,2024-08-14,39.09,38.645
RBLX,2024-08-15,40.5,39.220001
RBLX,2024-08-16,40.59,40.240002
RBLX,2024-08-19,40.860001,39.720001
RBLX,2024-08-20,40.540001,39.720001
RBLX,2024-08-21,43.349998,40.669998
RBLX,2024-08-22,43.360001,43.139999
RBLX,2024-08-23,44.16,43.279999
RBLX,2024-08-26,43.939999,43.709999
RBLX,2024-08-27,44.16,43.09
RBLX,2024-08-28,44.130001,43.73
RBLX,2024-08-29,43.57,43.445
RBLX,2024-08-30,43.990002,43.59
RBLX,2024-09-03,42.919998,42.485001
RBLX,2024-09-04,43.259998,42.610001
RBLX,2024-09-05,43.709999,43.02
RBLX,2024-09-06,43.639999,42.325001
RBLX,2024-09-09,43.619999,43.195
RBLX,2024-09-10,44.900002,43.645
RBLX,2024-09-11,44.990002,43.84
RBLX,2024-09-12,45.41,44.529999
RBLX,2024-09-13,45.869999,45.279999
RBLX,2024-09-16,46.240002,45.639999
RBLX,2024-09-17,45.740002,45.52
RBLX,2024-09-18,45.279999,45.110001
RBLX,2024-09-19,46.299999,45.66
RBLX,2024-09-20,46.029999,45.540001
RBLX,2024-09-23,45.529999,45.099998
RBLX,2024-09-24,47.110001,45.169998
RBLX,2024-09-25,47.639999,47.259998
RBLX,2024-09-26,44.869999,44.610001
RBLX,2024-09-27,44.18,43.759998
RBLX,2024-09-30,44.259998,43.900002
RBLX,2024-10-01,43.529999,42.860001
RBLX,2024-10-02,43.389999,42.880001
RBLX,2024-10-03,42.18,41.810001
RBLX,2024-10-04,41.990002,40.880001
RBLX,2024-10-07,41.389999,41.27
RBLX,2024-10-08,40.509998,37.5
RBLX,2024-10-09,41.740002,40.560001
RBLX,2024-10-10,41.400002,41.209999
RBLX,2024-10-11,41.599998,41.099998
RBLX,2024-10-14,40.790001,39.93
RBLX,2024-10-15,40.759998,40.389999
RBLX,2024-10-16,41.389999,40.514999
RBLX,2024-10-17,39.860001,39.830002
RBLX,2024-10-18,39.93,39.299999
RBLX,2024-10-21,40.310001,39.459999
RBLX,2024-10-22,41.290001,40.57
RBLX,2024-10-23,41.16,41.125
RBLX,2024-10-24,41.779999,41.169998
RBLX,2024-10-25,42.139999,41.939999
RBLX,2024-10-28,42.299999,42.18
RBLX,2024-10-29,42.610001,41.5
RBLX,2024-10-30,43.139999,42.360001
RBLX,2024-10-31,51.720001,48
RBLX,2024-11-01,51.439999,50.66
RBLX,2024-11-04,50,49.970001
RBLX,2024-11-05,51.18,49.610001
RBLX,2024-11-06,52.900002,50.849998
RBLX,2024-11-07,53.110001,51.849998
RBLX,2024-11-08,52.400002,52.169998
RBLX,2024-11-11,54.560001,52.380001
RBLX,2024-11-12,54.380001,54.099998
RBLX,2024-11-13,53.139999,52.91
RBLX,2024-11-14,52.73,51.82
RBLX,2024-11-15,50.73,50.68
RBLX,2024-11-18,51.029999,50.209999
RBLX,2024-11-19,52.240002,50.529999
RBLX,2024-11-20,51.52,50.599998
RBLX,2024-11-21,49.349998,48.099998
RBLX,2024-11-22,49.380001,48.610001
RBLX,2024-11-25,49.16,47.950001
RBLX,2024-11-26,49.060001,48.93
RBLX,2024-11-27,49.369999,48.610001
RBLX,2024-11-29,50.130001,49.68
RBLX,2024-12-02,52.16,50.939999
RBLX,2024-12-03,53.529999,51.630001
RBLX,2024-12-04,54.540001,53.360001
RBLX,2024-12-05,58.939999,54.73
RBLX,2024-12-06,59.310001,57.759998
RBLX,2024-12-09,56.93,55.610001
RBLX,2024-12-10,56.259998,55.650002
RBLX,2024-12-11,59.889999,57.650002
RBLX,2024-12-12,59.610001,58.599998
RBLX,2024-12-13,59.599998,58.776001
RBLX,2024-12-16,61.450001,58.424
RBLX,2024-12-17,61.25,59.32
RBLX,2024-12-18,58.799999,58.240002
RBLX,2024-12-19,58.91,57.880001
RBLX,2024-12-20,60.110001,57.490002
RBLX,2024-12-23,59.27,59.049999
RBLX,2024-12-24,59.560001,57.890999
RBLX,2024-12-26,59.93,58.849998
RBLX,2024-12-27,59.450001,58.330002
RBLX,2024-12-30,58.48,57.299999
RBLX,2024-12-31,57.860001,57.709999
RBLX,2025-01-02,58.84,57.02
RBLX,2025-01-03,60.470001,59.130001
RBLX,2025-01-06,61.93,60.57
RBLX,2025-01-07,61.299999,59.959999
RBLX,2025-01-08,62.049999,60.709999
RBLX,2025-01-10,61.82,60.133999
RBLX,2025-01-13,61.369999,59.389999
RBLX,2025-01-14,62.259998,61.330002
RBLX,2025-01-15,63.740002,62.790001
RBLX,2025-01-16,65.260002,64.300003
RBLX,2025-01-17,65.529999,65.129997
RBLX,2025-01-21,66.099998,65.629997
RBLX,2025-01-22,66,65.209999
RBLX,2025-01-23,67.110001,64.099998
RBLX,2025-01-24,67.07,66.519997
RBLX,2025-01-27,67.169998,63.880001
RBLX,2025-01-28,68.43,66.910004
RBLX,2025-01-29,70.080002,68.059998
RBLX,2025-01-30,71.379997,69.5
RBLX,2025-01-31,71.07,70.25
RBLX,2025-02-03,70.68,69.629997
RBLX,2025-02-04,73.790001,71.309998
RBLX,2025-02-05,75.470001,73.470001
RBLX,2025-02-06,67.120003,60.009998
RBLX,2025-02-07,66.279999,64.334999
RBLX,2025-02-10,65.050003,63.630001
RBLX,2025-02-11,66.050003,63.75
RBLX,2025-02-12,64.199997,63.959999
RBLX,2025-02-13,65.529999,63.220001
RBLX,2025-02-14,66.75,65.25
RBLX,2025-02-18,66.099998,64.669998
RBLX,2025-02-19,63.639999,63.630001
RBLX,2025-02-20,62.82,60.759998
RBLX,2025-02-21,62.509998,62.040001
RBLX,2025-02-24,61.07,59.900002
RBLX,2025-02-25,59.400002,58.509998
RBLX,2025-02-26,59.779999,59.074001
RBLX,2025-02-27,60.43,60.279999
RBLX,2025-02-28,63.639999,61.799999
RBLX,2025-03-03,62.18,61.860001
RBLX,2025-03-04,62.66,58.599998
RBLX,2025-03-05,63.310001,61.259998
RBLX,2025-03-06,58.57,58.369999
RBLX,2025-03-07,57.169998,53.580002
RBLX,2025-03-10,53.77,52.299999
RBLX,2025-03-11,54.75,52.560001
RBLX,2025-03-12,56.860001,55.459999
RBLX,2025-03-13,55.73,54.57
RBLX,2025-03-14,56.509998,55.5
RBLX,2025-03-17,56.970001,56.220001
RBLX,2025-03-18,55.98,54.970001
RBLX,2025-03-19,58.099998,55.799999
RBLX,2025-03-20,57.919998,57.23
RBLX,2025-03-21,61.16,57.099998
RBLX,2025-03-24,61.18,60.785
RBLX,2025-03-25,62.009998,60.639999
RBLX,2025-03-26,60.360001,60.009998
RBLX,2025-03-27,59.5,59.169998
RBLX,2025-03-28,59.07,58.437
RBLX,2025-03-31,58.290001,56.323002
RBLX,2025-04-01,60.990002,58.220001
RBLX,2025-04-02,61.610001,60.330002
RBLX,2025-04-03,58.220001,57.490002
RBLX,2025-04-04,52.959999,51.27
RBLX,2025-04-07,52.529999,50.099998
RBLX,2025-04-08,51.220001,50.279999
RBLX,2025-04-09,57.310001,50.84
RBLX,2025-04-10,56.119999,54.139999
RBLX,2025-04-11,57.259998,55.200001
RBLX,2025-04-14,56.91,56.030998
RBLX,2025-04-15,58.880001,57.16
RBLX,2025-04-16,59.09,57.860001
RBLX,2025-04-17,59.709999,58.908001
RBLX,2025-04-21,59.91,58.73
RBLX,2025-04-22,62.150002,60.605
RBLX,2025-04-23,63.48,62.650002
RBLX,2025-04-24,65.690002,62.790001
RBLX,2025-04-25,66.580002,65.419998
RBLX,2025-04-28,66.43,65.650002
RBLX,2025-04-29,66.400002,65.540001
RBLX,2025-04-30,67.050003,63.5
RBLX,2025-05-01,69,66.5
RBLX,2025-05-02,74.089996,71.199997
RBLX,2025-05-05,71.82,71.269997
RBLX,2025-05-06,70.769997,68.550003
RBLX,2025-05-07,70.440002,70.089996
RBLX,2025-05-08,70.050003,69.879997
RBLX,2025-05-09,71.879997,70.169998
RBLX,2025-05-12,73.489998,70.959999
RBLX,2025-05-13,77.019997,73.379997
RBLX,2025-05-14,79.449997,77.260002
RBLX,2025-05-15,80.769997,78.690002
RBLX,2025-05-16,81.269997,80.43
RBLX,2025-05-19,81.209999,78.660004
RBLX,2025-05-20,81.709999,80.059998
RBLX,2025-05-21,81.160004,80.599998
RBLX,2025-05-22,81.809998,81.029999
RBLX,2025-05-23,82.260002,80.129997
RBLX,2025-05-27,85.43,83
RBLX,2025-05-28,84.639999,84.580002
RBLX,2025-05-29,84.790001,83.742996
RBLX,2025-05-30,86.980003,84.415001
RBLX,2025-06-02,89.949997,87.18
RBLX,2025-06-03,89.949997,88.75
RBLX,2025-06-04,91.07,89.610001
RBLX,2025-06-05,94.199997,91.150002
RBLX,2025-06-06,95.800003,94.599998
RBLX,2025-06-09,93.419998,91.809998
RBLX,2025-06-10,93.720001,91.650002
RBLX,2025-06-11,96.169998,93.669998
RBLX,2025-06-12,95.110001,94.589996
RBLX,2025-06-13,97.169998,93.730003
RBLX,2025-06-16,100.44,98.019997
RBLX,2025-06-17,101.12,100.04
RBLX,2025-06-18,102.65,101.75
RBLX,2025-06-20,102.09,100.901
RBLX,2025-06-23,103.49,101.33
RBLX,2025-06-24,104.78,103.06
RBLX,2025-06-25,102.84,102.735
RBLX,2025-06-26,105,102.55
RBLX,2025-06-27,105.59,103.69
RBLX,2025-06-30,105.2,103.055
RBLX,2025-07-01,100.65,100.06
RBLX,2025-07-02,102.4,100
RBLX,2025-07-03,103.59,102.32
RBLX,2025-07-07,107.76,102.25
RBLX,2025-07-08,104.94,103.22
RBLX,2025-07-09,106.68,104.302
RBLX,2025-07-10,105.03,102.73
RBLX,2025-07-11,105.69,104.81
RBLX,2025-07-14,111.83,106.35
RBLX,2025-07-15,112.48,110.21
RBLX,2025-07-16,119.02,112.23
RBLX,2025-07-17,122.17,118.31
RBLX,2025-07-18,124.5,121.35
RBLX,2025-07-21,124.5,121.55
RBLX,2025-07-22,120.2,118.6
RBLX,2025-07-23,118.63,113.95
RBLX,2025-07-24,118.12,117.82
RBLX,2025-07-25,118.82,117.84
RBLX,2025-07-28,120.96,118.16
RBLX,2025-07-29,118.33,116.51
RBLX,2025-07-30,124.94,117.76
RBLX,2025-07-31,137.78999,135.64999
RBLX,2025-08-01,125.03,124.44
RBLX,2025-08-04,130.7,125.1
RBLX,2025-08-05,127.11,126.31
RBLX,2025-08-06,134.14,126.7
RBLX,2025-08-07,129.63,127.38
RBLX,2025-08-08,128.71001,128.36501
RBLX,2025-08-11,130.74001,127.01
RBLX,2025-08-12,129.53,128.73
RBLX,2025-08-13,126.78,123.1
RBLX,2025-08-14,125.28,124.97
RBLX,2025-08-15,117.34,112
RBLX,2025-08-18,119.95,112.12
RBLX,2025-08-19,118.28,115.725
RBLX,2025-08-20,118.49,114.87
RBLX,2025-08-21,114.85,113.7
RBLX,2025-08-22,117.52,114.12
RBLX,2025-08-25,124.81,122
RBLX,2025-08-26,124.76,122.63
RBLX,2025-08-27,122.7,121.28
RBLX,2025-08-28,126.88,123.215
RBLX,2025-08-29,124.59,122.6
RBLX,2025-09-02,128.47,119.16
RBLX,2025-09-03,133.46001,128.34
RBLX,2025-09-04,129.78999,127.59
RBLX,2025-09-05,127.69,124.95
RBLX,2025-09-08,128.47,127.21
RBLX,2025-09-09,131.78999,129.89999
RBLX,2025-09-10,132.84,130.75999
RBLX,2025-09-11,132.96001,131.912
RBLX,2025-09-12,133.31,132.5
RBLX,2025-09-15,137.25,134.23
RBLX,2025-09-16,135.84,135.14999
RBLX,2025-09-17,135.38,129.56
RBLX,2025-09-18,135.53999,133.83
RBLX,2025-09-19,135.17999,134.78999
RBLX,2025-09-22,136.84,134.10001
RBLX,2025-09-23,132.22,132.2
RBLX,2025-09-24,133.13,132.175
RBLX,2025-09-25,132.03999,128.75
RBLX,2025-09-26,135.06,130.66
RBLX,2025-09-29,141.56,137.69501
RBLX,2025-09-30,138.52,133.12
RBLX,2025-10-01,134.07001,134
RBLX,2025-10-02,133.5,131.81
RBLX,2025-10-03,122.69,120.56
RBLX,2025-10-06,126.27,122.23
RBLX,2025-10-07,124.99,122.44
RBLX,2025-10-08,125.97,124.295
RBLX,2025-10-09,126.43,124.5
RBLX,2025-10-10,126.8,125.67
RBLX,2025-10-13,128.24001,124.58
RBLX,2025-10-14,133.28,124.96
RBLX,2025-10-15,138.56,136.66
RBLX,2025-10-16,134.49001,133
RBLX,2025-10-17,132.92,131.06
RBLX,2025-10-20,134.84,130.49001
RBLX,2025-10-21,133.16,129.60001
RBLX,2025-10-22,128,125.805
RBLX,2025-10-23,129.24001,127.12
RBLX,2025-10-24,127.71,127.65
RBLX,2025-10-27,128.49001,127.67
RBLX,2025-10-28,131.72,130.62
RBLX,2025-10-29,133.74001,130.08
RBLX,2025-10-30,113,111.87
RBLX,2025-10-31,113.72,111.2
RBLX,2025-11-03,107.66,106.1
RBLX,2025-11-04,104.13,102.65
RBLX,2025-11-05,102.24,102.11
RBLX,2025-11-06,101.28,100.6
RBLX,2025-11-07,106.84,101.77
RBLX,2025-11-10,105.36,105.26
RBLX,2025-11-11,104.68,103.55
AILEQ,2024-07-01,9.1400003,8.3999996
AILEQ,2024-07-02,9,8.7749996
AILEQ,2024-07-03,9.3299999,8.8299999
AILEQ,2024-07-05,9.21,8.8599997
AILEQ,2024-07-08,9,8.8850002
AILEQ,2024-07-09,8.5100002,8.4700003
AILEQ,2024-07-10,8.8000002,8.4700003
AILEQ,2024-07-11,9,8.5799999
AILEQ,2024-07-12,9.1400003,8.8599997
AILEQ,2024-07-15,9.5,9.1599998
AILEQ,2024-07-16,9.9799995,9.29
AILEQ,2024-07-17,10.75,9.8299999
AILEQ,2024-07-18,10.49,10.41
AILEQ,2024-07-19,9.9499998,9.6120005
AILEQ,2024-07-22,9.8800001,9.7200003
AILEQ,2024-07-23,9.5,9.21
AILEQ,2024-07-24,8.6899996,8.5500002
AILEQ,2024-07-25,8.8500004,8.5900002
AILEQ,2024-07-26,8.5900002,8.1099997
AILEQ,2024-07-29,7.9499998,7.6849999
AILEQ,2024-07-30,8.3100004,7.8099999
AILEQ,2024-07-31,8.2700005,8.2200003
AILEQ,2024-08-01,7.46,7.0999999
AILEQ,2024-08-02,7.3899999,7
AILEQ,2024-08-05,6.5999999,6.3699999
AILEQ,2024-08-06,6.4200001,6.0500002
AILEQ,2024-08-07,5.75,5.6283002
AILEQ,2024-08-08,5.96,5.6199999
AILEQ,2024-08-09,5.7800002,5.5700002
AILEQ,2024-08-12,3.05,2.6500001
AILEQ,2024-08-13,4.0100002,3.4302001
AILEQ,2024-08-14,3.95,3.3499999
AILEQ,2024-08-15,4.6799998,3.8800001
AILEQ,2024-08-16,4.3699999,4.1500001
AILEQ,2024-08-19,4.145,4
AILEQ,2024-08-20,4,3.95
AILEQ,2024-08-21,3.99,3.8299999
AILEQ,2024-08-22,3.74,3.7349999
AILEQ,2024-08-23,3.51,3.47
AILEQ,2024-08-26,3.29,3.1800001
AILEQ,2024-08-27,3.1800001,3.1400001
AILEQ,2024-08-28,3.1900001,2.97
AILEQ,2024-08-29,1.49,1.28
AILEQ,2024-08-30,1.39,1.3
AILEQ,2024-09-03,1.23,1.1201
AILEQ,2024-09-04,1.17,1.11
AILEQ,2024-09-05,1.01,1
AILEQ,2024-09-06,0.86479998,0.8301
AILEQ,2024-09-09,0.7252,0.70829999
AILEQ,2024-09-10,1.5599999,0.76139998
AILEQ,2024-09-11,1.35,1.3200999
AILEQ,2024-09-12,1.33,1.33
AILEQ,2024-09-13,1.1799999,1.13
AILEQ,2024-09-16,1.22,1.12
AILEQ,2024-09-17,1.38,1.22
AILEQ,2024-09-18,1.3,1.27
AILEQ,2024-09-19,1.38,1.3200001
AILEQ,2024-09-20,1.76,1.3623
AILEQ,2024-09-23,1.5700001,1.515
AILEQ,2024-09-24,1.77,1.59
AILEQ,2024-09-25,1.72,1.6801
AILEQ,2024-09-26,1.7,1.62
AILEQ,2024-09-27,1.64,1.52
AILEQ,2024-09-30,1.67,1.5505
AILEQ,2024-10-01,1.55,1.5005
AILEQ,2024-10-02,1.52,1.505
AILEQ,2024-10-03,1.49,1.34
AILEQ,2024-10-04,1.46,1.42
AILEQ,2024-10-07,1.33,1.33
AILEQ,2024-10-08,1.36,1.33
AILEQ,2024-10-09,1.3,1.26
AILEQ,2024-10-10,1.22,1.21
AILEQ,2024-10-11,1.27,1.22
AILEQ,2024-10-14,1.61,1.2905
AILEQ,2024-10-15,1.51,1.5
AILEQ,2024-10-16,1.52,1.49
AILEQ,2024-10-17,1.5599999,1.53
AILEQ,2024-10-18,1.61,1.52
AILEQ,2024-10-21,1.65,1.58
AILEQ,2024-10-22,1.63,1.5700001
AILEQ,2024-10-23,1.59,1.5599999
AILEQ,2024-10-24,1.51,1.46
AILEQ,2024-10-25,1.61,1.42
AILEQ,2024-10-28,1.58,1.52
AILEQ,2024-10-29,1.5599999,1.52
AILEQ,2024-10-30,1.53,1.53
AILEQ,2024-10-31,1.5,1.38
AILEQ,2024-11-01,1.48,1.42
AILEQ,2024-11-04,1.41,1.38
AILEQ,2024-11-05,1.38,1.35
AILEQ,2024-11-06,1.48,1.42
AILEQ,2024-11-07,1.49,1.4305
AILEQ,2024-11-08,1.52,1.37
AILEQ,2024-11-11,1.59,1.48
AILEQ,2024-11-12,1.6900001,1.5706
AILEQ,2024-11-13,1.54,1.48
AILEQ,2024-11-14,1.61,1.5195
AILEQ,2024-11-15,1.5,1.5
AILEQ,2024-11-18,1.095,0.69999999
AILEQ,2024-11-19,1.08,1
AILEQ,2024-11-20,1.2,1.0599999
AILEQ,2024-11-21,1.33,1.2
AILEQ,2024-11-22,1.5,1.3200001
AILEQ,2024-11-25,1.53,1.46
AILEQ,2024-11-26,1.41,1.41
AILEQ,2024-11-27,1.39,1.36
AILEQ,2024-11-29,1.38,1.3405
AILEQ,2024-12-02,1.35,1.2474
AILEQ,2024-12-03,1.35,1.3
AILEQ,2024-12-04,1.28,1.27
AILEQ,2024-12-05,1.25,1.24
AILEQ,2024-12-06,1.3099999,1.26
AILEQ,2024-12-09,1.2,1.2
AILEQ,2024-12-10,1.03,1
AILEQ,2024-12-11,1.05,0.8714
AILEQ,2024-12-12,1.09,1.025
AILEQ,2024-12-13,1.0700001,1.02
AILEQ,2024-12-16,1.04,1.01
AILEQ,2024-12-17,0.99599999,0.99489999
AILEQ,2024-12-18,0.94480002,0.94480002
AILEQ,2024-12-19,0.97670001,0.94379997
AILEQ,2024-12-20,0.88499999,0.86110002
AILEQ,2024-12-23,0.19,0.19
AILEQ,2024-12-24,0.206,0.1503
AILEQ,2024-12-26,0.16150001,0.16150001
AILEQ,2024-12-27,0.59320003,0.28780001
AILEQ,2024-12-30,0.70700002,0.53119999
AILEQ,2024-12-31,0.41999999,0.38999999
AILEQ,2025-01-02,0.41999999,0.41999999
AILEQ,2025-01-03,0.41999999,0.41999999
AILEQ,2025-01-06,0.41999999,0.41999999
AILEQ,2025-01-07,0.41999999,0.41999999
AILEQ,2025-01-08,0.41999999,0.41999999
AILEQ,2025-01-10,0.41999999,0.41999999
AILEQ,2025-01-13,0.41999999,0.41999999
AILEQ,2025-01-14,0.41999999,0.41999999
AILEQ,2025-01-15,0.41999999,0.41999999
AILEQ,2025-01-16,0.41999999,0.41999999
AILEQ,2025-01-17,0.41999999,0.41999999
AILEQ,2025-01-21,0.41999999,0.41999999
AILEQ,2025-01-22,0.41999999,0.41999999
AILEQ,2025-01-23,0.41999999,0.41999999
AILEQ,2025-01-24,0.41999999,0.41999999
AILEQ,2025-01-27,0.41999999,0.41999999
AILEQ,2025-01-28,0.41999999,0.41999999
AILEQ,2025-01-29,0.41999999,0.41999999
AILEQ,2025-01-30,0.41999999,0.41999999
AILEQ,2025-01-31,0.41999999,0.41999999
AILEQ,2025-02-03,0.41999999,0.41999999
AILEQ,2025-02-04,0.41999999,0.41999999
AILEQ,2025-02-05,0.41999999,0.41999999
AILEQ,2025-02-06,0.41999999,0.41999999
AILEQ,2025-02-07,0.41999999,0.41999999
AILEQ,2025-02-10,0.41999999,0.41999999
AILEQ,2025-02-11,0.41999999,0.41999999
AILEQ,2025-02-12,0.41999999,0.41999999
AILEQ,2025-02-13,0.41999999,0.41999999
AILEQ,2025-02-14,0.41999999,0.41999999
AILEQ,2025-02-18,0.41999999,0.41999999
AILEQ,2025-02-19,0.41999999,0.41999999
AILEQ,2025-02-20,0.41999999,0.41999999
AILEQ,2025-02-21,0.41999999,0.41999999
AILEQ,2025-02-24,0.41999999,0.41999999
AILEQ,2025-02-25,0.41999999,0.41999999
AILEQ,2025-02-26,0.41999999,0.41999999
AILEQ,2025-02-27,0.41999999,0.41999999
AILEQ,2025-02-28,0.41999999,0.41999999
AILEQ,2025-03-03,0.41999999,0.41999999
AILEQ,2025-03-04,0.41999999,0.41999999
AILEQ,2025-03-05,0.41999999,0.41999999
AILEQ,2025-03-06,0.41999999,0.41999999
AILEQ,2025-03-07,0.41999999,0.41999999
AILEQ,2025-03-10,0.41999999,0.41999999
AILEQ,2025-03-11,0.41999999,0.41999999
AILEQ,2025-03-12,0.41999999,0.41999999
AILEQ,2025-03-13,0.41999999,0.41999999
AILEQ,2025-03-14,0.41999999,0.41999999
AILEQ,2025-03-17,0.41999999,0.41999999
AILEQ,2025-03-18,0.41999999,0.41999999
AILEQ,2025-03-19,0.41999999,0.41999999
AILEQ,2025-03-20,0.41999999,0.41999999
AILEQ,2025-03-21,0.41999999,0.41999999
AILEQ,2025-03-24,0.41999999,0.41999999
AILEQ,2025-03-25,0.41999999,0.41999999
AILEQ,2025-03-26,0.41999999,0.41999999
AILEQ,2025-03-27,0.41999999,0.41999999
AILEQ,2025-03-28,0.41999999,0.41999999
AILEQ,2025-03-31,0.41999999,0.41999999
AILEQ,2025-04-01,0.41999999,0.41999999
AILEQ,2025-04-02,0.41999999,0.41999999
AILEQ,2025-04-03,0.41999999,0.41999999
AILEQ,2025-04-04,0.41999999,0.41999999
AILEQ,2025-04-07,0.41999999,0.41999999
AILEQ,2025-04-08,0.41999999,0.41999999
AILEQ,2025-04-09,0.41999999,0.41999999
AILEQ,2025-04-10,0.41999999,0.41999999
AILEQ,2025-04-11,0.41999999,0.41999999
AILEQ,2025-04-14,0.41999999,0.41999999
AILEQ,2025-04-15,0.41999999,0.41999999
AILEQ,2025-04-16,0.41999999,0.41999999
AILEQ,2025-04-17,0.41999999,0.41999999
AILEQ,2025-04-21,0.41999999,0.41999999
AILEQ,2025-04-22,0.41999999,0.41999999
AILEQ,2025-04-23,0.41999999,0.41999999
AILEQ,2025-04-24,0.41999999,0.41999999
AILEQ,2025-04-25,0.41999999,0.41999999
AILEQ,2025-04-28,0.41999999,0.41999999
AILEQ,2025-04-29,0.41999999,0.41999999
AILEQ,2025-04-30,0.41999999,0.41999999
AILEQ,2025-05-01,0.41999999,0.41999999
AILEQ,2025-05-02,0.41999999,0.41999999
AILEQ,2025-05-05,0.41999999,0.41999999
AILEQ,2025-05-06,0.41999999,0.41999999
AILEQ,2025-05-07,0.41999999,0.41999999
AILEQ,2025-05-08,0.41999999,0.41999999
AILEQ,2025-05-09,0.41999999,0.41999999
AILEQ,2025-05-12,0.41999999,0.41999999
AILEQ,2025-05-13,0.41999999,0.41999999
AILEQ,2025-05-14,0.41999999,0.41999999
AILEQ,2025-05-15,0.41999999,0.41999999
AILEQ,2025-05-16,0.41999999,0.41999999
AILEQ,2025-05-19,0.41999999,0.41999999
AILEQ,2025-05-20,0.41999999,0.41999999
AILEQ,2025-05-21,0.41999999,0.41999999
AILEQ,2025-05-22,0.41999999,0.41999999
AILEQ,2025-05-23,0.41999999,0.41999999
AILEQ,2025-05-27,0.41999999,0.41999999
AILEQ,2025-05-28,0.41999999,0.41999999
AILEQ,2025-05-29,0.41999999,0.41999999
AILEQ,2025-05-30,0.41999999,0.41999999
AILEQ,2025-06-02,0.41999999,0.41999999
AILEQ,2025-06-03,0.41999999,0.41999999
AILEQ,2025-06-04,0.41999999,0.41999999
AILEQ,2025-06-05,0.41999999,0.41999999
AILEQ,2025-06-06,0.41999999,0.41999999
AILEQ,2025-06-09,0.41999999,0.41999999
AILEQ,2025-06-10,0.41999999,0.41999999
AILEQ,2025-06-11,0.41999999,0.41999999
AILEQ,2025-06-12,0.41999999,0.41999999
AILEQ,2025-06-13,0.41999999,0.41999999
AILEQ,2025-06-16,0.41999999,0.41999999
AILEQ,2025-06-17,0.41999999,0.41999999
AILEQ,2025-06-18,0.41999999,0.41999999
AILEQ,2025-06-20,0.41999999,0.41999999
AILEQ,2025-06-23,0.41999999,0.41999999
AILEQ,2025-06-24,0.41999999,0.41999999
AILEQ,2025-06-25,0.41999999,0.41999999
AILEQ,2025-06-26,0.41999999,0.41999999
AILEQ,2025-06-27,0.41999999,0.41999999
AILEQ,2025-06-30,0.41999999,0.41999999
AILEQ,2025-07-01,0.41999999,0.41999999
AILEQ,2025-07-02,0.41999999,0.41999999
AILEQ,2025-07-03,0.41999999,0.41999999
AILEQ,2025-07-07,0.41999999,0.41999999
AILEQ,2025-07-08,0.41999999,0.41999999
AILEQ,2025-07-09,0.41999999,0.41999999
AILEQ,2025-07-10,0.41999999,0.41999999
AILEQ,2025-07-11,0.41999999,0.41999999
AILEQ,2025-07-14,0.41999999,0.41999999
AILEQ,2025-07-15,0.41999999,0.41999999
AILEQ,2025-07-16,0.41999999,0.41999999
AILEQ,2025-07-17,0.41999999,0.41999999
AILEQ,2025-07-18,0.41999999,0.41999999
AILEQ,2025-07-21,0.41999999,0.41999999
AILEQ,2025-07-22,0.41999999,0.41999999
AILEQ,2025-07-23,0.41999999,0.41999999
AILEQ,2025-07-24,0.41999999,0.41999999
AILEQ,2025-07-25,0.41999999,0.41999999
AILEQ,2025-07-28,0.41999999,0.41999999
AILEQ,2025-07-29,0.41999999,0.41999999
AILEQ,2025-07-30,0.41999999,0.41999999
AILEQ,2025-07-31,0.41999999,0.41999999
AILEQ,2025-08-01,0.41999999,0.41999999
AILEQ,2025-08-04,0.41999999,0.41999999
AILEQ,2025-08-05,0.41999999,0.41999999
AILEQ,2025-08-06,0.41999999,0.41999999
AILEQ,2025-08-07,0.41999999,0.41999999
AILEQ,2025-08-08,0.41999999,0.41999999
AILEQ,2025-08-11,0.41999999,0.41999999
AILEQ,2025-08-12,0.41999999,0.41999999
AILEQ,2025-08-13,0.41999999,0.41999999
AILEQ,2025-08-14,0.41999999,0.41999999
AILEQ,2025-08-15,0.41999999,0.41999999
AILEQ,2025-08-18,0.41999999,0.41999999
AILEQ,2025-08-19,0.41999999,0.41999999
AILEQ,2025-08-20,0.41999999,0.41999999
AILEQ,2025-08-21,0.41999999,0.41999999
AILEQ,2025-08-22,0.41999999,0.41999999
AILEQ,2025-08-25,0.41999999,0.41999999
AILEQ,2025-08-26,0.41999999,0.41999999
AILEQ,2025-08-27,0.41999999,0.41999999
AILEQ,2025-08-28,0.41999999,0.41999999
AILEQ,2025-08-29,0.41999999,0.41999999
AILEQ,2025-09-02,0.41999999,0.41999999
AILEQ,2025-09-03,0.41999999,0.41999999
AILEQ,2025-09-04,0.41999999,0.41999999
AILEQ,2025-09-05,0.41999999,0.41999999
AILEQ,2025-09-08,0.41999999,0.41999999
AILEQ,2025-09-09,0.41999999,0.41999999
AILEQ,2025-09-10,0.41999999,0.41999999
AILEQ,2025-09-11,0.41999999,0.41999999
AILEQ,2025-09-12,0.41999999,0.41999999
AILEQ,2025-09-15,0.41999999,0.41999999
AILEQ,2025-09-16,0.41999999,0.41999999
AILEQ,2025-09-17,0.41999999,0.41999999
AILEQ,2025-09-18,0.41999999,0.41999999
AILEQ,2025-09-19,0.41999999,0.41999999
AILEQ,2025-09-22,0.41999999,0.41999999
AILEQ,2025-09-23,0.41999999,0.41999999
AILEQ,2025-09-24,0.41999999,0.41999999
AILEQ,2025-09-25,0.41999999,0.41999999
AILEQ,2025-09-26,0.41999999,0.41999999
AILEQ,2025-09-29,0.41999999,0.41999999
AILEQ,2025-09-30,0.41999999,0.41999999
AILEQ,2025-10-01,0.41999999,0.41999999
AILEQ,2025-10-02,0.41999999,0.41999999
EH,2023-09-08,16.74,16.43
EH,2023-09-11,16.549999,16.51
EH,2023-09-12,16.07,16.07
EH,2023-09-13,16.18,15.707
EH,2023-09-14,16.709999,16.110001
EH,2023-09-15,17.209999,16.280001
EH,2023-09-18,17.200001,16.799999
EH,2023-09-19,17.299999,16.51
EH,2023-09-20,17.540001,17.197001
EH,2023-09-21,17.76,16.76
EH,2023-09-22,17.57,17.5
EH,2023-09-25,16.879999,16.5
EH,2023-09-26,16.77,16.66
EH,2023-09-27,17.41,16.870001
EH,2023-09-28,17.84,17.15
EH,2023-09-29,18.02,17.716
EH,2023-10-02,18.190001,18.1
EH,2023-10-03,16.99,16.9
EH,2023-10-04,17.040001,16.76
EH,2023-10-05,16.23,15.81
EH,2023-10-06,17.1,15.936
EH,2023-10-09,17.1,17.1
EH,2023-10-10,17.1,17.1
EH,2023-10-11,17.1,17.1
EH,2023-10-12,17.1,17.1
EH,2023-10-13,20.299999,19
EH,2023-10-16,19.219999,18.889999
EH,2023-10-17,19.91,18.719999
EH,2023-10-18,19.049999,18.931999
EH,2023-10-19,18.370001,17.76
EH,2023-10-20,16.629999,16.530001
EH,2023-10-23,16.25,15.6
EH,2023-10-24,16.35,16.16
EH,2023-10-25,14.825,14.76
EH,2023-10-26,14.24,13.38
EH,2023-10-27,13.61,13.46
EH,2023-10-30,13.6,13.42
EH,2023-10-31,13.87,13.12
EH,2023-11-01,13.87,13.47
EH,2023-11-02,15.05,14.44
EH,2023-11-03,15.42,15.252
EH,2023-11-06,14.96,14.83
EH,2023-11-07,13.06,12.3
EH,2023-11-08,13.99,13.1
EH,2023-11-09,13.08,12.76
EH,2023-11-10,12.99,12.815
EH,2023-11-13,13.35,12.7
EH,2023-11-14,14.13,13.407
EH,2023-11-15,14.31,14.21
EH,2023-11-16,14.38,13.745
EH,2023-11-17,14.95,14.03
EH,2023-11-20,15.62,15.13
EH,2023-11-21,15.39,15.31
EH,2023-11-22,15.8,14.55
EH,2023-11-24,17.58,15.82
EH,2023-11-27,19.02,17.280001
EH,2023-11-28,19.049999,18.254999
EH,2023-11-29,17.66,17.57
EH,2023-11-30,17.610001,17.58
EH,2023-12-01,18.27,16.959999
EH,2023-12-04,17.59,16.98
EH,2023-12-05,17.110001,16.9
EH,2023-12-06,17.059999,16.941
EH,2023-12-07,16.129999,16.1
EH,2023-12-08,16.469999,15.71
EH,2023-12-11,16.809999,16.280001
EH,2023-12-12,17.040001,16.726999
EH,2023-12-13,17.370001,16.719999
EH,2023-12-14,17.860001,17.41
EH,2023-12-15,17.6,17.5
EH,2023-12-18,17.299999,17.01
EH,2023-12-19,16.959999,16.450001
EH,2023-12-20,15.75,15.75
EH,2023-12-21,16.200001,15.977
EH,2023-12-22,15.8,15.72
EH,2023-12-26,16.860001,16.118
EH,2023-12-27,17.26,17.15
EH,2023-12-28,17.059999,17.02
EH,2023-12-29,16.799999,16.76
EH,2024-01-02,15.8,15.65
EH,2024-01-03,15.53,15.14
EH,2024-01-04,15.52,15.224
EH,2024-01-05,15.21,15.16
EH,2024-01-08,15.11,14.6
EH,2024-01-09,14.89,14.7
EH,2024-01-10,14.32,14.23
EH,2024-01-11,14.9,14.3
EH,2024-01-12,14.5,14.443
EH,2024-01-16,13.5,13.23
EH,2024-01-17,13.23,12.83
EH,2024-01-18,12.73,12.625
EH,2024-01-19,12.6,12.021
EH,2024-01-22,11.56,11.44
EH,2024-01-23,12.25,11.74
EH,2024-01-24,11.93,11.92
EH,2024-01-25,11.99,11.87
EH,2024-01-26,12.14,12
EH,2024-01-29,12.37,11.95
EH,2024-01-30,10.78,10.459
EH,2024-01-31,10.16,9.9499998
EH,2024-02-01,10.11,9.9300003
EH,2024-02-02,10.24,9.8800001
EH,2024-02-05,9.5349998,9.5100002
EH,2024-02-06,10.73,9.8599997
EH,2024-02-07,10.33,10.23
EH,2024-02-08,10.56,10.06
EH,2024-02-09,10.68,10.38
EH,2024-02-12,10.78,10.62
EH,2024-02-13,9.7399998,9.7299995
EH,2024-02-14,9.9399996,9.8500004
EH,2024-02-15,10.27,9.8999996
EH,2024-02-16,10.55,10.23
EH,2024-02-20,10.24,10.04
EH,2024-02-21,10.11,10.01
EH,2024-02-22,10.39,10.28
EH,2024-02-23,10.35,10.12
EH,2024-02-26,10.88,10.39
EH,2024-02-27,11.23,11.06
EH,2024-02-28,10.55,10.5
EH,2024-02-29,10.79,10.778
EH,2024-03-01,11.23,10.763
EH,2024-03-04,10.83,10.81
EH,2024-03-05,10.58,10.54
EH,2024-03-06,11.22,10.95
EH,2024-03-07,11.17,10.95
EH,2024-03-08,11.41,11.2
EH,2024-03-11,12.76,11.97
EH,2024-03-12,14.48,13.07
EH,2024-03-13,14.7,14.13
EH,2024-03-14,13.61,13.55
EH,2024-03-15,15.37,13.9
EH,2024-03-18,15.5,15.05
EH,2024-03-19,17.91,14.5
EH,2024-03-20,18.540001,17.360001
EH,2024-03-21,17.799999,17.17
EH,2024-03-22,18.73,16.875
EH,2024-03-25,17.52,17.18
EH,2024-03-26,17.4,17.23
EH,2024-03-27,18.790001,17.57
EH,2024-03-28,20.57,19.115
EH,2024-04-01,20.4,19.73
EH,2024-04-02,17.799999,17.52
EH,2024-04-03,18.889999,17.92
EH,2024-04-04,18.6,18.290001
EH,2024-04-05,19.360001,18.129999
EH,2024-04-08,20.299999,19.549999
EH,2024-04-09,20.15,19.889999
EH,2024-04-10,19.34,19.191
EH,2024-04-11,18.57,17.6
EH,2024-04-12,16.889999,16.816
EH,2024-04-15,16.370001,16.110001
EH,2024-04-16,16.360001,15.62
EH,2024-04-17,17.309999,17.120001
EH,2024-04-18,18.290001,16.92
EH,2024-04-19,17.49,17.41
EH,2024-04-22,17,15.7
EH,2024-04-23,17.35,16.610001
EH,2024-04-24,17.48,17.045
EH,2024-04-25,18.190001,17.030001
EH,2024-04-26,18.24,17.690001
EH,2024-04-29,18.68,18.091
EH,2024-04-30,17.82,17.51
EH,2024-05-01,17.76,17.48
EH,2024-05-02,18.32,17.705
EH,2024-05-03,17.379999,17.379999
EH,2024-05-06,18.700001,17.799999
EH,2024-05-07,18.389999,18.15
EH,2024-05-08,17.73,17.549999
EH,2024-05-09,17.790001,17.74
EH,2024-05-10,17.360001,17.200001
EH,2024-05-13,17.940001,17.42
EH,2024-05-14,18.120001,17.82
EH,2024-05-15,17.879999,17.57
EH,2024-05-16,18.98,18.1
EH,2024-05-17,19.15,18.68
EH,2024-05-20,17,16.65
EH,2024-05-21,16.469999,16.365
EH,2024-05-22,16.209999,16.07
EH,2024-05-23,15.77,15.21
EH,2024-05-24,16.025,15.66
EH,2024-05-28,15.84,15.7
EH,2024-05-29,16.540001,15.36
EH,2024-05-30,16.66,16.32
EH,2024-05-31,16.969999,16.74
EH,2024-06-03,16.92,16.620001
EH,2024-06-04,16.48,16.379999
EH,2024-06-05,16.219999,16.07
EH,2024-06-06,16.08,15.96
EH,2024-06-07,15.94,15.75
EH,2024-06-10,15.45,15.37
EH,2024-06-11,14.9,14.842
EH,2024-06-12,14.9,14.9
EH,2024-06-13,14.41,14.19
EH,2024-06-14,14.27,13.92
EH,2024-06-17,14.03,13.84
EH,2024-06-18,14.51,13.87
EH,2024-06-20,14.05,13.681
EH,2024-06-21,14.35,13.85
EH,2024-06-24,14.15,13.98
EH,2024-06-25,13.64,13.3
EH,2024-06-26,13.64,13.41
EH,2024-06-27,13.59,13.26
EH,2024-06-28,13.58,13.265
EH,2024-07-01,14.12,13.6
EH,2024-07-02,13.77,13.6
EH,2024-07-03,14.39,13.85
EH,2024-07-05,14.59,14.243
EH,2024-07-08,14.38,14.13
EH,2024-07-09,14.62,14.28
EH,2024-07-10,15.02,14.55
EH,2024-07-11,15.32,15.1
EH,2024-07-12,15.78,15.49
EH,2024-07-15,15.42,14
EH,2024-07-16,15.27,14
EH,2024-07-17,14.59,14.26
EH,2024-07-18,13.58,13.43
EH,2024-07-19,12.01,11.822
EH,2024-07-22,12.3,12.1
EH,2024-07-23,11.91,11.9
EH,2024-07-24,11.97,11.82
EH,2024-07-25,12.42,11.92
EH,2024-07-26,12.79,12.4
EH,2024-07-29,12.78,12.65
EH,2024-07-30,12.47,12.42
EH,2024-07-31,12.76,12.74
EH,2024-08-01,12.21,12.1
EH,2024-08-02,11.86,11.58
EH,2024-08-05,11.59,10.4
EH,2024-08-06,12.06,11.504
EH,2024-08-07,11.75,11.7
EH,2024-08-08,12.59,11.87
EH,2024-08-09,12.74,12.36
EH,2024-08-12,12.45,12.25
EH,2024-08-13,12.43,12.24
EH,2024-08-14,12.04,11.65
EH,2024-08-15,12.15,12.09
EH,2024-08-16,11.81,11.78
EH,2024-08-19,11.975,11.83
EH,2024-08-20,12.07,11.8
EH,2024-08-21,12.47,11.92
EH,2024-08-22,14.52,13.061
EH,2024-08-23,15.3,14.74
EH,2024-08-26,15.22,14.23
EH,2024-08-27,14.77,14.54
EH,2024-08-28,14.35,13.89
EH,2024-08-29,14.72,14.34
EH,2024-08-30,14.56,14.31
EH,2024-09-03,13.64,13.46
EH,2024-09-04,12.01,10.9
EH,2024-09-05,12.3,12.04
EH,2024-09-06,11.77,11.76
EH,2024-09-09,11.67,11.6
EH,2024-09-10,11.62,11.35
EH,2024-09-11,12.2,11.49
EH,2024-09-12,12.11,11.98
EH,2024-09-13,12.15,12.01
EH,2024-09-16,11.88,11.65
EH,2024-09-17,12.34,12
EH,2024-09-18,11.96,11.95
EH,2024-09-19,12.38,12.17
EH,2024-09-20,11.91,11.75
EH,2024-09-23,11.77,11.702
EH,2024-09-24,13.24,12.24
EH,2024-09-25,12.68,12.56
EH,2024-09-26,13.85,13.61
EH,2024-09-27,14.07,13.86
EH,2024-09-30,14.14,13.93
EH,2024-10-01,14.34,13.54
EH,2024-10-02,14.52,13.95
EH,2024-10-03,14.63,13.81
EH,2024-10-04,17.52,15.05
EH,2024-10-07,21.27,18.386
EH,2024-10-08,17.719999,16.9
EH,2024-10-09,17.705,16.5
EH,2024-10-10,17.15,16.51
EH,2024-10-11,17.615,16.389999
EH,2024-10-14,16.969999,16.75
EH,2024-10-15,15.77,15.574
EH,2024-10-16,15.94,15.69
EH,2024-10-17,15.54,15.14
EH,2024-10-18,16.5,15.83
EH,2024-10-21,17.780001,17.059999
EH,2024-10-22,16.65,16.620001
EH,2024-10-23,16.75,16.51
EH,2024-10-24,16.34,16.299999
EH,2024-10-25,17.209999,16.6
EH,2024-10-28,18.549999,17.549999
EH,2024-10-29,17.24,17.200001
EH,2024-10-30,17.41,16.709999
EH,2024-10-31,17.030001,16.684
EH,2024-11-01,17.049999,17.030001
EH,2024-11-04,16.68,16.66
EH,2024-11-05,18.434999,17.4
EH,2024-11-06,17.41,17.040001
EH,2024-11-07,17.440001,17.18
EH,2024-11-08,16.51,16.474001
EH,2024-11-11,16.870001,16.440001
EH,2024-11-12,15.84,15.57
EH,2024-11-13,17.379999,16.184999
EH,2024-11-14,16.58,16.51
EH,2024-11-15,16.549999,16.51
EH,2024-11-18,15.39,15.35
EH,2024-11-19,15.67,15.3
EH,2024-11-20,15.28,15.038
EH,2024-11-21,13.29,12.015
EH,2024-11-22,14.06,13.55
EH,2024-11-25,15.25,13.97
EH,2024-11-26,14.64,14.566
EH,2024-11-27,14.99,14.81
EH,2024-11-29,15.52,14.95
EH,2024-12-02,15.64,15.26
EH,2024-12-03,15.18,15.09
EH,2024-12-04,14.99,14.81
EH,2024-12-05,14.86,14.58
EH,2024-12-06,15.09,14.98
EH,2024-12-09,16.25,15.99
EH,2024-12-10,15.49,15.48
TIOG,2023-04-10,1.3,1.1619
TIOG,2023-04-11,1.38,1.27
TIOG,2023-04-12,1.1900001,1.15
TIOG,2023-04-13,1.42,1.21
TIOG,2023-04-14,1.6,1.41
TIOG,2023-04-17,1.88,1.675
TIOG,2023-04-18,1.91,1.58
TIOG,2023-04-19,1.95,1.8
TIOG,2023-04-20,1.77,1.76
TIOG,2023-04-21,1.74,1.63
TIOG,2023-04-24,1.98,1.74
TIOG,2023-04-25,1.87,1.83
TIOG,2023-04-26,2.1600001,1.9
TIOG,2023-04-27,2.1800001,1.9
TIOG,2023-04-28,2.3,2.2049999
TIOG,2023-05-01,2.6300001,2.3599999
TIOG,2023-05-02,2.5899999,2.3299999
TIOG,2023-05-03,2.5899999,2.4100001
TIOG,2023-05-04,2.5699999,2.5
TIOG,2023-05-05,2.74,2.5699999
TIOG,2023-05-08,2.78,2.5604999
TIOG,2023-05-09,2.71,2.5999999
TIOG,2023-05-10,2.75,2.625
TIOG,2023-05-11,2.9000001,2.6700001
TIOG,2023-05-12,2.9000001,2.8199999
TIOG,2023-05-15,3.3900001,3.02
TIOG,2023-05-16,3.8399999,3.3399999
TIOG,2023-05-17,5.0999999,4
TIOG,2023-05-18,4.6399999,3.77
TIOG,2023-05-19,5.3200002,4.1399999
TIOG,2023-05-22,5.23,5.0949998
TIOG,2023-05-23,4.7800002,4.5
TIOG,2023-05-24,4.6300001,3.9700999
TIOG,2023-05-25,3.8,3.5999999
TIOG,2023-05-26,3.4000001,3.1800001
TIOG,2023-05-30,3.4200001,3.3699999
TIOG,2023-05-31,2.8399999,2.73
TIOG,2023-06-01,3.1500001,2.6300001
TIOG,2023-06-02,2.9300001,2.8499999
TIOG,2023-06-05,2.55,2.54
TIOG,2023-06-06,1.3200001,1
TIOG,2023-06-07,1.45,1.02
TIOG,2023-06-08,1.34,1.27
TIOG,2023-06-09,1.1799999,1.1301
TIOG,2023-06-12,0.96399999,0.86000001
TIOG,2023-06-13,1.3,0.93709999
TIOG,2023-06-14,1.1,1.08
TIOG,2023-06-15,1.23,1.11
TIOG,2023-06-16,1.28,1.1900001
TIOG,2023-06-20,1.36,1.21
TIOG,2023-06-21,1.3,1.28
TIOG,2023-06-22,1.21,1.2
TIOG,2023-06-23,1.1900001,1.13
TIOG,2023-06-26,1.25,1.14
TIOG,2023-06-27,1.25,1.2
TIOG,2023-06-28,1.3150001,1.24
TIOG,2023-06-29,1.21,1.17
TIOG,2023-06-30,1.21,1.17
TIOG,2023-07-03,1.1900001,1.16
TIOG,2023-07-05,1.26,1.16
TIOG,2023-07-06,1.35,1.24
TIOG,2023-07-07,1.3049999,1.29
TIOG,2023-07-10,1.25,1.23
TIOG,2023-07-11,1.335,1.27
TIOG,2023-07-12,1.39,1.33
TIOG,2023-07-13,1.415,1.38
TIOG,2023-07-14,1.39,1.33
TIOG,2023-07-17,1.67,1.36
TIOG,2023-07-18,1.49,1.4
TIOG,2023-07-19,1.4299999,1.39
TIOG,2023-07-20,1.38,1.37
TIOG,2023-07-21,1.38,1.34
TIOG,2023-07-24,1.39,1.33
TIOG,2023-07-25,1.29,1.28
TIOG,2023-07-26,1.29,1.24
TIOG,2023-07-27,1.26,1.25
TIOG,2023-07-28,1.33,1.25
TIOG,2023-07-31,1.41,1.3
TIOG,2023-08-01,1.46,1.3715
TIOG,2023-08-02,1.46,1.4117
TIOG,2023-08-03,1.4400001,1.4299999
TIOG,2023-08-04,1.4400001,1.4
TIOG,2023-08-07,1.51,1.36
TIOG,2023-08-08,1.61,1.45
TIOG,2023-08-09,1.4299999,1.41
TIOG,2023-08-10,1.175,1.14
TIOG,2023-08-11,1.23,1.1
TIOG,2023-08-14,1.24,1.16
TIOG,2023-08-15,1.16,1.16
TIOG,2023-08-16,1.16,1.11
TIOG,2023-08-17,1.1799999,1.135
TIOG,2023-08-18,1.1900001,1.16
TIOG,2023-08-21,1.1849999,1.0700001
TIOG,2023-08-22,0.87779999,0.7554
TIOG,2023-08-23,1.08,0.86000001
TIOG,2023-08-24,0.92640001,0.92000002
TIOG,2023-08-25,0.91210002,0.90020001
TIOG,2023-08-28,0.89539999,0.88459998
TIOG,2023-08-29,0.84969997,0.82999998
TIOG,2023-08-30,1.4,1.03
TIOG,2023-08-31,1.29,1.15
TIOG,2023-09-01,1.22,1
TIOG,2023-09-05,1.12,1.04
TIOG,2023-09-06,1.1,1.05
TIOG,2023-09-07,1.09,0.98049998
TIOG,2023-09-08,1.16,1.0700001
TIOG,2023-09-11,1.165,1.14
TIOG,2023-09-12,1.215,1.04
TIOG,2023-09-13,1.26,1.1900001
TIOG,2023-09-14,1.37,1.2
TIOG,2023-09-15,1.26,1.23
TIOG,2023-09-18,1.35,1.225
TIOG,2023-09-19,1.35,1.27
TIOG,2023-09-20,1.3,1.28
TIOG,2023-09-21,1.28,1.25
TIOG,2023-09-22,1.215,1.21
TIOG,2023-09-25,1.24,1.1799999
TIOG,2023-09-26,1.23,1.22
TIOG,2023-09-27,1.1799999,1.165
TIOG,2023-09-28,1.0599999,1.04
TIOG,2023-09-29,1.025,1.02
TIOG,2023-10-02,0.98979998,0.98150003
TIOG,2023-10-03,0.95209998,0.88999999
TIOG,2023-10-04,0.97000003,0.94999999
TIOG,2023-10-05,0.90509999,0.90130001
TIOG,2023-10-06,0.84140003,0.82120001
TIOG,2023-10-09,0.82480001,0.79339999
TIOG,2023-10-10,0.88010001,0.824
TIOG,2023-10-11,0.89249998,0.87510002
TIOG,2023-10-12,0.90399998,0.88
TIOG,2023-10-13,0.90079999,0.87980002
TIOG,2023-10-16,0.917,0.88
TIOG,2023-10-17,0.88260001,0.87540001
TIOG,2023-10-18,0.80769998,0.80199999
TIOG,2023-10-19,0.7809,0.77160001
TIOG,2023-10-20,0.76560003,0.75559998
TIOG,2023-10-23,0.77609998,0.76999998
TIOG,2023-10-24,0.84649998,0.77999997
TIOG,2023-10-25,0.81639999,0.8125
TIOG,2023-10-26,0.79390001,0.76999998
TIOG,2023-10-27,0.75480002,0.75010002
TIOG,2023-10-30,0.77450001,0.745
TIOG,2023-10-31,0.78140002,0.76010001
TIOG,2023-11-01,0.71990001,0.71039999
TIOG,2023-11-02,0.6972,0.68010002
TIOG,2023-11-03,0.69749999,0.685
TIOG,2023-11-06,0.66000003,0.64999998
TIOG,2023-11-07,0.67379999,0.64039999
TIOG,2023-11-08,0.64099997,0.63150001
TIOG,2023-11-09,0.69520003,0.63990003
TIOG,2023-11-10,0.70550001,0.67629999
TIOG,2023-11-13,0.69,0.66500002
TIOG,2023-11-14,0.69,0.69
TIOG,2023-11-15,0.69,0.69
TIOG,2023-11-16,0.69,0.69
TIOG,2023-11-17,0.69,0.69
TIOG,2023-11-20,0.69,0.69
TIOG,2023-11-21,0.69,0.69
TIOG,2023-11-22,0.69,0.69
TIOG,2023-11-24,0.69,0.69
TIOG,2023-11-27,0.69,0.69
TIOG,2023-11-28,0.69,0.69
TIOG,2023-11-29,0.69,0.69
TIOG,2023-11-30,0.69,0.69
TIOG,2023-12-01,0.69,0.69
TIOG,2023-12-04,0.69,0.69
TIOG,2023-12-05,0.69,0.69
TIOG,2023-12-06,0.69,0.69
TIOG,2023-12-07,0.69,0.69
TIOG,2023-12-08,0.69,0.69
TIOG,2023-12-11,0.69,0.69
TIOG,2023-12-12,0.69,0.69
TIOG,2023-12-13,0.69,0.69
TIOG,2023-12-14,0.69,0.69
TIOG,2023-12-15,0.69,0.69
TIOG,2023-12-18,0.69,0.69
TIOG,2023-12-19,0.69,0.69
TIOG,2023-12-20,0.69,0.69
TIOG,2023-12-21,0.69,0.69
TIOG,2023-12-22,0.69,0.69
TIOG,2023-12-26,0.69,0.69
TIOG,2023-12-27,0.69,0.69
TIOG,2023-12-28,0.69,0.69
TIOG,2023-12-29,0.69,0.69
TIOG,2024-01-02,0.69,0.69
TIOG,2024-01-03,0.69,0.69
TIOG,2024-01-04,0.69,0.69
TIOG,2024-01-05,0.69,0.69
TIOG,2024-01-08,0.69,0.69
TIOG,2024-01-09,0.69,0.69
TIOG,2024-01-10,0.69,0.69
TIOG,2024-01-11,0.69,0.69
TIOG,2024-01-12,0.69,0.69
TIOG,2024-01-16,0.69,0.69
TIOG,2024-01-17,0.69,0.69
TIOG,2024-01-18,0.69,0.69
TIOG,2024-01-19,0.69,0.69
TIOG,2024-01-22,0.69,0.69
TIOG,2024-01-23,0.69,0.69
TIOG,2024-01-24,0.69,0.69
TIOG,2024-01-25,0.69,0.69
TIOG,2024-01-26,0.69,0.69
TIOG,2024-01-29,0.69,0.69
TIOG,2024-01-30,0.69,0.69
TIOG,2024-01-31,0.69,0.69
TIOG,2024-02-01,0.69,0.69
TIOG,2024-02-02,0.69,0.69
TIOG,2024-02-05,0.69,0.69
TIOG,2024-02-06,0.69,0.69
TIOG,2024-02-07,0.69,0.69
TIOG,2024-02-08,0.69,0.69
TIOG,2024-02-09,0.69,0.69
TIOG,2024-02-12,0.69,0.69
TIOG,2024-02-13,0.69,0.69
TIOG,2024-02-14,0.69,0.69
TIOG,2024-02-15,0.69,0.69
TIOG,2024-02-16,0.69,0.69
TIOG,2024-02-20,0.69,0.69
TIOG,2024-02-21,0.69,0.69
TIOG,2024-02-22,0.69,0.69
TIOG,2024-02-23,0.69,0.69
TIOG,2024-02-26,0.69,0.69
TIOG,2024-02-27,0.69,0.69
TIOG,2024-02-28,0.69,0.69
TIOG,2024-02-29,0.69,0.69
TIOG,2024-03-01,0.0261,0.00030000001
TIOG,2024-03-04,0.02,0.02
TIOG,2024-03-05,0.022,0.0099999998
TIOG,2024-03-06,0.021,0.0099999998
TIOG,2024-03-07,0.025,0.016000001
TIOG,2024-03-08,0.02,0.016000001
TIOG,2024-03-11,0.039999999,0.016000001
TIOG,2024-03-12,0.033,0.022
TIOG,2024-03-13,0.027550001,0.016000001
TIOG,2024-03-14,0.0295,0.016000001
TIOG,2024-03-15,0.025,0.016000001
TIOG,2024-03-18,0.032200001,0.025
TIOG,2024-03-19,0.037999999,0.0255
TIOG,2024-03-20,0.039999999,0.030099999
TIOG,2024-03-21,0.035,0.035
TIOG,2024-03-22,0.025,0.020099999
TIOG,2024-03-25,0.025,0.02
TIOG,2024-03-26,0.025,0.020500001
TIOG,2024-03-27,0.029999999,0.0207
TIOG,2024-03-28,0.025599999,0.00030000001
TIOG,2024-04-01,0.032900002,0.015
TIOG,2024-04-02,0.029999999,0.022299999
TIOG,2024-04-03,0.025599999,0.0251
TIOG,2024-04-04,0.017899999,0.0060000001
TIOG,2024-04-05,0.015,0.011
TIOG,2024-04-08,0.016000001,0.0041
TIOG,2024-04-09,0.0111,0.0111
TIOG,2024-04-10,0.01225,0.0099999998
TIOG,2024-04-11,0.0102,0.0101
TIOG,2024-04-12,0.0071,0.0071
TIOG,2024-04-15,0.0052,0.0051000002
TIOG,2024-04-16,0.0041,0.0041
TIOG,2024-04-17,0.0024999999,0.0013
TIOG,2024-04-18,0.0014,0.0013
TIOG,2024-04-19,0.0015,0.0013
TIOG,2024-04-22,0.0018,0.0013
TIOG,2024-04-23,0.0020000001,0.0017
TIOG,2024-04-24,0.0015,0.0013
TIOG,2024-04-25,0.0015,0.0013
TIOG,2024-04-26,0.0017,0.0015
TIOG,2024-04-29,0.0015,0.0014
TIOG,2024-04-30,0.0199,0.0014
TIOG,2024-05-01,0.0020000001,0.0015
TIOG,2024-05-02,0.0020999999,0.0020000001
TIOG,2024-05-03,0.0020000001,0.0020000001
TIOG,2024-05-06,0.0020999999,0.0019
TIOG,2024-05-07,0.0020000001,0.0020000001
TIOG,2024-05-08,0.0017,0.0013
TIOG,2024-05-09,0.0017,0.0017
TIOG,2024-05-10,0.0018,0.0017
TIOG,2024-05-13,0.0139,9.9999997e-05
TIOG,2024-05-14,0.0049999999,0.0019
TIOG,2024-05-15,0.0080000004,0.0049999999
TIOG,2024-05-16,0.0040000002,0.0020000001
TIOG,2024-05-17,0.0040000002,0.0040000002
TIOG,2024-05-20,0.0088999998,0.0040000002
TIOG,2024-05-21,0.0040000002,0.0040000002
TIOG,2024-05-22,0.0070000002,0.0040000002
TIOG,2024-05-23,0.0139,0.0080000004
TIOG,2024-05-24,0.014,0.0099999998
TIOG,2024-05-28,0.0099999998,0.0099999998
TIOG,2024-05-29,0.0199,0.0022
TIOG,2024-05-30,0.015,0.003
TIOG,2024-05-31,0.0044,0.0040000002
TIOG,2024-06-03,0.034899998,0.0044
TIOG,2024-06-04,0.029999999,0.0051000002
TIOG,2024-06-05,0.017999999,0.0055
TIOG,2024-06-06,0.0103,0.0101
TIOG,2024-06-07,0.015,0.0114
TIOG,2024-06-10,0.0176,0.015
TIOG,2024-06-11,0.02,0.0101
TIOG,2024-06-12,0.050000001,0.0175
TIOG,2024-06-13,0.039999999,0.0099999998
TIOG,2024-06-14,0.015,0.0111
TIOG,2024-06-17,0.039900001,0.0111
TIOG,2024-06-18,0.0102,0.0102
TIOG,2024-06-20,0.0121,0.0102
TIOG,2024-06-21,0.0121,0.0121
TIOG,2024-06-24,0.039000001,0.0125
TIOG,2024-06-25,0.015,0.0126
TIOG,2024-06-26,0.02,0.0101
TIOG,2024-06-27,0.017999999,0.017999999
TIOG,2024-06-28,0.02,0.0155
TIOG,2024-07-01,0.017999999,0.0112
TIOG,2024-07-02,0.017000001,0.0112
TIOG,2024-07-03,0.017999999,0.0112
TIOG,2024-07-05,0.0112,0.0112
TIOG,2024-07-08,0.0199,0.0112
TIOG,2024-07-09,0.02,0.017999999
IEP,2023-03-03,23.788979,23.696312
IEP,2023-03-06,23.903711,23.788981
IEP,2023-03-07,23.859585,23.833108
IEP,2023-03-08,23.718378,23.665426
IEP,2023-03-09,23.36536,23.338883
IEP,2023-03-10,23.113125,22.975545
IEP,2023-03-13,23.108543,22.975551
IEP,2023-03-14,23.085613,23.025996
IEP,2023-03-15,23.090199,22.860902
IEP,2023-03-16,23.599245,23.08562
IEP,2023-03-17,23.347013,23.287396
IEP,2023-03-20,23.23695,23.232365
IEP,2023-03-21,23.328678,23.273647
IEP,2023-03-22,23.214018,23.158987
IEP,2023-03-23,23.177334,23.08103
IEP,2023-03-24,23.131475,22.984726
IEP,2023-03-27,23.36536,22.980141
IEP,2023-03-28,23.567141,23.388289
IEP,2023-03-29,23.741405,23.530453
IEP,2023-03-30,23.750576,23.567138
IEP,2023-03-31,23.71389,23.658859
IEP,2023-04-03,24.103695,23.718476
IEP,2023-04-04,24.048664,23.924844
IEP,2023-04-05,24.053247,23.91567
IEP,2023-04-06,24.016563,23.97529
IEP,2023-04-10,23.874397,23.709303
IEP,2023-04-11,23.869816,23.851472
IEP,2023-04-12,23.924845,23.860642
IEP,2023-04-13,23.993631,23.947773
IEP,2023-04-14,24.177073,24.021151
IEP,2023-04-17,24.204584,24.144968
IEP,2023-04-18,24.030321,24.00739
IEP,2023-04-19,23.819365,23.700131
IEP,2023-04-20,23.631342,23.576311
IEP,2023-04-21,23.434149,23.379118
IEP,2023-04-24,23.745991,23.406632
IEP,2023-04-25,23.603827,23.580895
IEP,2023-04-26,23.402044,23.392872
IEP,2023-04-27,23.29657,23.278226
IEP,2023-04-28,23.291981,23.273637
IEP,2023-05-01,23.122303,23.090202
IEP,2023-05-02,18.508848,16.876253
IEP,2023-05-03,14.936401,14.454878
IEP,2023-05-04,13.799091,12.973623
IEP,2023-05-05,17.486187,15.018951
IEP,2023-05-08,16.784534,16.509379
IEP,2023-05-09,17.412811,16.582756
IEP,2023-05-10,14.775894,13.812847
IEP,2023-05-11,14.514494,13.780744
IEP,2023-05-12,16.234226,15.023537
IEP,2023-05-15,15.647225,15.317039
IEP,2023-05-16,15.688495,15.422511
IEP,2023-05-17,15.904034,15.555501
IEP,2023-05-18,15.91321,15.693085
IEP,2023-05-19,15.679617,15.154042
IEP,2023-05-22,13.971504,13.411866
IEP,2023-05-23,13.450797,12.973888
IEP,2023-05-24,11.650219,11.436096
IEP,2023-05-25,10.039433,8.774163
IEP,2023-05-26,10.049167,9.2802716
IEP,2023-05-30,10.891059,9.7863811
IEP,2023-05-31,10.983518,10.54554
IEP,2023-06-01,10.61367,10.433613
IEP,2023-06-02,10.735331,10.555273
IEP,2023-06-05,11.148977,10.813194
IEP,2023-06-06,11.694017,11.02245
IEP,2023-06-07,13.15881,11.776745
IEP,2023-06-08,13.514062,12.681903
IEP,2023-06-09,13.621122,13.309671
IEP,2023-06-12,14.278087,13.630852
IEP,2023-06-13,14.866925,14.599272
IEP,2023-06-14,14.24889,13.406998
IEP,2023-06-15,13.927706,13.762247
IEP,2023-06-16,13.59679,12.998219
IEP,2023-06-20,13.820642,12.973884
IEP,2023-06-21,13.299937,13.261006
IEP,2023-06-22,13.071217,12.915491
IEP,2023-06-23,13.348601,12.90089
IEP,2023-06-26,12.978752,12.657568
IEP,2023-06-27,13.071217,12.803563
IEP,2023-06-28,13.479995,13.017684
IEP,2023-06-29,13.786579,13.348601
IEP,2023-06-30,14.127231,13.830378
IEP,2023-07-03,14.107765,14.044502
IEP,2023-07-05,14.136961,14.000702
IEP,2023-07-06,14.175893,13.869309
IEP,2023-07-07,14.044502,13.990971
IEP,2023-07-10,16.881624,15.329236
IEP,2023-07-11,16.740499,16.424181
IEP,2023-07-12,15.888878,15.723419
IEP,2023-07-13,15.981339,15.825614
IEP,2023-07-14,15.932673,15.528759
IEP,2023-07-17,15.90834,15.58229
IEP,2023-07-18,15.621222,15.3925
IEP,2023-07-19,15.270837,15.241639
IEP,2023-07-20,14.866925,14.745265
IEP,2023-07-21,15.227041,14.540875
IEP,2023-07-24,15.854809,15.183242
IEP,2023-07-25,15.981339,15.582293
IEP,2023-07-26,16.073797,15.874274
IEP,2023-07-27,15.986203,15.874276
IEP,2023-07-28,16.385246,16.059197
IEP,2023-07-31,16.871893,16.166263
IEP,2023-08-01,16.424181,16.380383
IEP,2023-08-02,16.200325,16.068931
IEP,2023-08-03,15.903477,15.825614
IEP,2023-08-04,12.209857,9.9956346
IEP,2023-08-07,11.513959,10.998118
IEP,2023-08-08,11.445829,10.978652
IEP,2023-08-09,11.557756,11.343634
IEP,2023-08-10,12.024933,11.591821
IEP,2023-08-11,12.093064,11.932472
IEP,2023-08-14,11.75728,11.723216
IEP,2023-08-15,11.552892,11.509094
IEP,2023-08-16,11.265771,11.207374
IEP,2023-08-17,11.265773,10.91483
IEP,2023-08-18,11.301374,10.970776
IEP,2023-08-21,10.568973,10.324838
IEP,2023-08-22,9.902689,9.8060533
IEP,2023-08-23,10.568973,9.5161435
IEP,2023-08-24,10.182426,10.106135
IEP,2023-08-25,9.9688101,9.9230349
IEP,2023-08-28,9.892519,9.8263988
IEP,2023-08-29,10.106134,9.8111391
IEP,2023-08-30,10.385873,9.9891545
IEP,2023-08-31,10.218031,10.218031
IEP,2023-09-01,10.28415,10.177342
IEP,2023-09-05,10.095963,10.065446
IEP,2023-09-06,10.177341,10.050187
IEP,2023-09-07,10.350271,10.07562
IEP,2023-09-08,10.675781,10.304494
IEP,2023-09-11,11.103014,10.685952
IEP,2023-09-12,11.17422,11.036895
IEP,2023-09-13,10.711384,10.574059
IEP,2023-09-14,10.548628,10.518111
IEP,2023-09-15,10.635093,10.228203
IEP,2023-09-18,10.487596,10.3757
IEP,2023-09-19,10.513025,10.314667
IEP,2023-09-20,10.360441,10.350269
IEP,2023-09-21,10.329926,10.243461
IEP,2023-09-22,10.121394,10.121394
IEP,2023-09-25,10.192599,10.004412
IEP,2023-09-26,10.121394,10.029844
IEP,2023-09-27,10.03493,9.968811
IEP,2023-09-28,10.223115,10.004411
IEP,2023-09-29,10.06036,10.06036
IEP,2023-10-02,9.9077768,9.8518301
IEP,2023-10-03,9.572093,9.4601985
IEP,2023-10-04,9.2821836,9.1550304
IEP,2023-10-05,9.3940773,9.1194269
IEP,2023-10-06,9.572093,9.2872701
IEP,2023-10-09,9.5212288,9.4245931
IEP,2023-10-10,9.6280403,9.4652844
IEP,2023-10-11,9.2770958,9.1957178
IEP,2023-10-12,9.1143398,8.8803775
IEP,2023-10-13,9.1550303,8.9770156
IEP,2023-10-16,9.1346836,8.9719277
IEP,2023-10-17,9.0380478,8.9821001
IEP,2023-10-18,9.0838223,8.9312379
IEP,2023-10-19,8.8244314,8.8193452
IEP,2023-10-20,8.9108953,8.7023642
IEP,2023-10-23,8.8346033,8.7989996
IEP,2023-10-24,9.0278749,8.8447741
IEP,2023-10-25,8.8244314,8.8193452
IEP,2023-10-26,8.7379675,8.7125363
IEP,2023-10-27,8.697278,8.6921918
IEP,2023-10-30,8.539608,8.2802154
IEP,2023-10-31,8.3921099,8.3158182
IEP,2023-11-01,8.3209047,8.2191818
IEP,2023-11-02,8.7481394,8.1581487
IEP,2023-11-03,9.892519,9.3635612
IEP,2023-11-06,10.080705,9.7755368
IEP,2023-11-07,10.192599,9.9230342
IEP,2023-11-08,9.8620005,9.831484
IEP,2023-11-09,9.6789026,9.5720934
IEP,2023-11-10,9.9382935,9.4449385
IEP,2023-11-13,9.7806244,9.7348492
IEP,2023-11-14,9.8569155,9.7958825
IEP,2023-11-15,9.9535503,9.8925174
IEP,2023-11-16,9.2513876,9.2192278
IEP,2023-11-17,9.2567492,9.2567492
IEP,2023-11-20,8.8547487,8.8065085
IEP,2023-11-21,8.8011484,8.6403483
IEP,2023-11-22,9.0209093,8.7529084
IEP,2023-11-24,9.2513876,8.9619462
IEP,2023-11-27,9.2460289,9.1495484
IEP,2023-11-28,9.2192297,9.0852293
IEP,2023-11-29,9.1602688,9.1173887
IEP,2023-11-30,9.0423498,8.972669
IEP,2023-12-01,9.1441889,9.031629
IEP,2023-12-04,9.0369892,9.0048284
IEP,2023-12-05,8.8869085,8.8601089
IEP,2023-12-06,8.8065081,8.8011479
IEP,2023-12-07,8.7314663,8.6832261
IEP,2023-12-08,8.7529078,8.7207479
IEP,2023-12-11,8.7421885,8.645708
IEP,2023-12-12,8.4795456,8.3937854
IEP,2023-12-13,8.4313059,8.0453851
IEP,2023-12-14,8.4205866,8.2276262
IEP,2023-12-15,8.313386,8.040025
IEP,2023-12-18,8.254426,8.157946
IEP,2023-12-19,8.3669853,8.216905
IEP,2023-12-20,8.4313059,8.2544254
IEP,2023-12-21,9.0852289,8.5277867
IEP,2023-12-22,9.4818707,9.1120292
IEP,2023-12-26,9.4389896,9.4229092
IEP,2023-12-27,9.1120291,9.0637888
IEP,2023-12-28,9.2513876,9.1656274
IEP,2023-12-29,9.21387,9.0101888
IEP,2024-01-02,9.4604301,9.1656296
IEP,2024-01-03,9.4282684,9.2728275
IEP,2024-01-04,9.6105089,9.337148
IEP,2024-01-05,9.5086689,9.4657888
IEP,2024-01-08,9.637311,9.4336308
IEP,2024-01-09,9.5997915,9.5569114
IEP,2024-01-10,9.2996302,9.2728295
IEP,2024-01-11,9.1763496,9.112029
IEP,2024-01-12,9.1709909,9.1281108
IEP,2024-01-16,9.578351,9.224589
IEP,2024-01-17,9.6212311,9.4550698
IEP,2024-01-18,9.5033102,9.41755
IEP,2024-01-19,9.3800297,9.2781891
IEP,2024-01-22,9.4389896,9.3157085
IEP,2024-01-23,9.4818707,9.3853902
IEP,2024-01-24,9.4550705,9.4229107
IEP,2024-01-25,9.6051502,9.3907498
IEP,2024-01-26,9.5461893,9.5301099
IEP,2024-01-29,9.4550705,9.4389911
IEP,2024-01-30,9.7337914,9.3532306
IEP,2024-01-31,9.782032,9.7391519
IEP,2024-02-01,9.9642725,9.7927521
IEP,2024-02-02,9.8570709,9.819551
IEP,2024-02-05,9.9803524,9.7659509
IEP,2024-02-06,10.071473,9.8624317
IEP,2024-02-07,9.9910707,9.8785109
IEP,2024-02-08,10.334114,9.9267526
IEP,2024-02-09,10.242994,10.146514
IEP,2024-02-12,10.360912,10.237632
IEP,2024-02-13,10.687875,10.387713
IEP,2024-02-14,10.902274,10.859394
IEP,2024-02-15,11.250675,11.041635
IEP,2024-02-16,11.373957,11.186357
IEP,2024-02-20,11.545478,11.475797
IEP,2024-02-21,10.462754,9.9535522
IEP,2024-02-22,10.596754,10.435953
IEP,2024-02-23,10.634274,10.360913
IEP,2024-02-26,10.264434,10.259074
IEP,2024-02-27,10.355553,10.242993
IEP,2024-02-28,10.280512,10.033951
IEP,2024-02-29,10.725393,10.200112
IEP,2024-03-01,10.703953,10.537793
IEP,2024-03-04,10.543153,10.532433
IEP,2024-03-05,10.355553,10.318033
IEP,2024-03-06,10.543153,10.355552
IEP,2024-03-07,10.569952,10.510993
IEP,2024-03-08,10.214235,10.00532
IEP,2024-03-11,9.835928,9.7399401
IEP,2024-03-12,9.5987825,9.4915017
IEP,2024-03-13,9.8698072,9.5536123
IEP,2024-03-14,9.7907562,9.6495977
IEP,2024-03-15,9.8641615,9.7004181
IEP,2024-03-18,9.6891241,9.6213686
IEP,2024-03-19,9.6665392,9.6044291
IEP,2024-03-20,9.813344,9.5536127
IEP,2024-03-21,9.6270142,9.5987829
IEP,2024-03-22,9.6100769,9.5649062
IEP,2024-03-25,9.6891241,9.5987827
IEP,2024-03-26,9.6439533,9.6100756
IEP,2024-03-27,9.5987825,9.5705513
IEP,2024-03-28,9.6044283,9.5592576
IEP,2024-04-01,9.5818434,9.491502
IEP,2024-04-02,9.4915018,9.3334049
IEP,2024-04-03,9.6100769,9.4576254
IEP,2024-04-04,9.6100769,9.6044304
IEP,2024-04-05,9.6891241,9.5705514
IEP,2024-04-08,9.7286482,9.6552462
IEP,2024-04-09,9.8867455,9.6947697
IEP,2024-04-10,9.813344,9.7342955
IEP,2024-04-11,9.8698072,9.756881
IEP,2024-04-12,9.773819,9.700417
IEP,2024-04-15,9.7455864,9.581842
IEP,2024-04-16,9.6439533,9.5931362
IEP,2024-04-17,9.6044283,9.5536111
IEP,2024-04-18,9.5366726,9.48021
IEP,2024-04-19,9.5987825,9.4745634
IEP,2024-04-22,9.4124527,9.4011598
IEP,2024-04-23,9.5987825,9.4519775
IEP,2024-04-24,9.7455864,9.6044278
IEP,2024-04-25,9.7512341,9.5705513
IEP,2024-04-26,9.7399406,9.6608922
IEP,2024-04-29,9.9093313,9.7004172
IEP,2024-04-30,9.9601488,9.8359297
IEP,2024-05-01,9.8246365,9.7794658
IEP,2024-05-02,9.7907562,9.6157199
IEP,2024-05-03,9.7964058,9.6834785
IEP,2024-05-06,9.8020525,9.7399424
IEP,2024-05-07,9.6947708,9.6383072
IEP,2024-05-08,10.479613,9.7964063
IEP,2024-05-09,10.180358,10.174711
IEP,2024-05-10,10.152124,10.033552
IEP,2024-05-13,10.372332,10.163416
IEP,2024-05-14,10.496552,10.417504
IEP,2024-05-15,10.276343,10.21988
IEP,2024-05-16,10.338454,10.202942
IEP,2024-05-17,10.051772,9.9801012
IEP,2024-05-20,9.9502382,9.902458
IEP,2024-05-21,9.812871,9.8009256
IEP,2024-05-22,9.8725967,9.7053654
IEP,2024-05-23,9.7292557,9.6934197
IEP,2024-05-24,9.9741297,9.794953
IEP,2024-05-28,9.9144039,9.842733
IEP,2024-05-29,9.7710638,9.6575854
IEP,2024-05-30,9.9024601,9.783009
IEP,2024-05-31,9.8606501,9.7650896
IEP,2024-06-03,9.7889795,9.7531447
IEP,2024-06-04,9.76509,9.6934191
WELL,2022-10-10,52.395039,52.385907
WELL,2022-10-11,53.125668,51.618753
WELL,2022-10-12,52.888222,51.98407
WELL,2022-10-13,54.038956,51.600492
WELL,2022-10-14,52.824291,52.732964
WELL,2022-10-17,54.778725,53.171348
WELL,2022-10-18,55.408882,54.824382
WELL,2022-10-19,54.185078,54.00242
WELL,2022-10-20,53.865433,53.518384
WELL,2022-10-21,52.860821,52.248919
WELL,2022-10-24,52.522907,51.746618
WELL,2022-10-25,55.125771,52.796899
WELL,2022-10-26,55.1623,54.952242
WELL,2022-10-27,54.742188,54.495601
WELL,2022-10-28,56.166908,54.477336
WELL,2022-10-31,55.746792,55.399743
WELL,2022-11-01,54.888313,54.669127
WELL,2022-11-02,53.75584,53.710177
WELL,2022-11-03,53.335728,52.148457
WELL,2022-11-04,55.6646,53.62798
WELL,2022-11-07,56.130367,55.463671
WELL,2022-11-08,60.742447,59.208131
WELL,2022-11-09,60.733322,60.468469
WELL,2022-11-10,63.9846,62.240233
WELL,2022-11-11,65.37281,64.212937
WELL,2022-11-14,64.194672,64.057678
WELL,2022-11-15,63.847622,63.116993
WELL,2022-11-16,62.285908,62.057587
WELL,2022-11-17,61.484184,60.525797
WELL,2022-11-18,62.461002,61.32753
WELL,2022-11-21,62.829601,61.640833
WELL,2022-11-22,63.447033,62.553152
WELL,2022-11-23,63.907791,63.023128
WELL,2022-11-25,64.073662,63.576037
WELL,2022-11-28,61.410446,61.087914
WELL,2022-11-29,63.769562,61.567116
WELL,2022-11-30,65.455956,63.235083
WELL,2022-12-01,65.41909,65.022834
WELL,2022-12-02,65.502037,64.193472
WELL,2022-12-05,64.681877,64.460706
WELL,2022-12-06,62.848038,62.599229
WELL,2022-12-07,59.899158,58.99606
WELL,2022-12-08,60.544216,59.926796
WELL,2022-12-09,61.438095,60.166393
WELL,2022-12-12,60.571877,59.889943
WELL,2022-12-13,61.060284,60.055817
WELL,2022-12-14,62.064732,60.811457
WELL,2022-12-15,61.852795,61.07871
WELL,2022-12-16,59.272511,58.590584
WELL,2022-12-19,58.701168,58.139037
WELL,2022-12-20,58.562946,57.705927
WELL,2022-12-21,58.949986,58.636667
WELL,2022-12-22,59.466038,58.056105
WELL,2022-12-23,59.963661,58.78411
WELL,2022-12-27,60.765381,59.816211
WELL,2022-12-28,59.751698,59.558178
WELL,2022-12-29,60.664021,59.668771
WELL,2022-12-30,60.405991,59.687195
WELL,2023-01-03,61.69611,60.341474
WELL,2023-01-04,63.437813,62.193755
WELL,2023-01-05,62.101593,61.456528
WELL,2023-01-06,64.304031,62.110804
WELL,2023-01-09,63.834064,63.723486
WELL,2023-01-10,63.576042,62.626872
WELL,2023-01-11,66.193161,64.07365
WELL,2023-01-12,66.441986,65.962796
WELL,2023-01-13,65.566536,65.271648
WELL,2023-01-17,66.082581,65.474378
WELL,2023-01-18,66.027275,65.760032
WELL,2023-01-19,66.027275,65.695525
WELL,2023-01-20,67.1147,65.69555
WELL,2023-01-23,68.450912,66.534138
WELL,2023-01-24,69.003822,67.73212
WELL,2023-01-25,68.063873,67.64919
WELL,2023-01-26,68.358757,67.851915
WELL,2023-01-27,69.289497,67.704473
WELL,2023-01-30,68.672073,68.616784
WELL,2023-01-31,69.151268,68.063868
WELL,2023-02-01,69.003822,67.759764
WELL,2023-02-02,70.284752,68.948543
WELL,2023-02-03,69.870079,68.48779
WELL,2023-02-06,68.672073,67.897995
WELL,2023-02-07,69.04068,67.962497
WELL,2023-02-08,69.114418,68.469353
WELL,2023-02-09,68.183662,67.833485
WELL,2023-02-10,69.372437,67.778201
WELL,2023-02-13,69.934578,69.372447
WELL,2023-02-14,69.80555,69.252636
WELL,2023-02-15,69.777893,68.930092
WELL,2023-02-16,71.925064,67.92564
WELL,2023-02-17,71.326065,71.058822
WELL,2023-02-21,70.791588,69.87928
WELL,2023-02-22,69.685753,69.575167
WELL,2023-02-23,70.192596,69.197347
WELL,2023-02-24,68.994614,68.156022
WELL,2023-02-27,69.003899,68.492901
WELL,2023-02-28,68.864548,68.678724
WELL,2023-03-01,67.907562,66.439597
WELL,2023-03-02,69.078239,67.554524
WELL,2023-03-03,69.970154,69.403405
WELL,2023-03-06,69.858665,69.59852
WELL,2023-03-07,68.725166,68.530057
WELL,2023-03-08,69.421997,68.362829
WELL,2023-03-09,67.312958,67.247921
WELL,2023-03-10,63.020535,62.918333
WELL,2023-03-13,64.302673,61.989228
WELL,2023-03-14,66.486053,65.176033
WELL,2023-03-15,66.198029,64.980916
WELL,2023-03-16,65.826385,64.497779
WELL,2023-03-17,63.875294,63.717349
WELL,2023-03-20,64.22834,63.791671
WELL,2023-03-21,64.469917,64.154028
WELL,2023-03-22,61.478226,61.413189
WELL,2023-03-23,61.097309,61.004401
WELL,2023-03-24,62.695351,60.558429
WELL,2023-03-27,63.066978,62.723218
WELL,2023-03-28,63.893871,62.295834
WELL,2023-03-29,64.999504,64.739359
WELL,2023-03-30,65.919296,65.176024
WELL,2023-03-31,66.606834,65.296807
WELL,2023-04-03,66.644012,66.095843
WELL,2023-04-04,65.389725,65.111
WELL,2023-04-05,65.556953,65.157442
WELL,2023-04-06,66.476768,65.491923
WELL,2023-04-10,67.656708,65.88214
WELL,2023-04-11,69.068932,68.390696
WELL,2023-04-12,69.338371,69.124683
WELL,2023-04-13,69.21759,68.121258
WELL,2023-04-14,68.83667,68.437166
WELL,2023-04-17,69.905113,68.864531
WELL,2023-04-18,70.100227,69.356955
WELL,2023-04-19,70.843529,69.542794
WELL,2023-04-20,70.499748,69.914421
WELL,2023-04-21,70.267464,69.728594
WELL,2023-04-24,69.988754,69.180439
WELL,2023-04-25,70.973579,69.468443
WELL,2023-04-26,70.769188,70.37897
WELL,2023-04-27,72.460129,70.797048
WELL,2023-04-28,73.602921,72.432259
WELL,2023-05-01,72.710999,72.580926
WELL,2023-05-02,71.865509,71.317346
WELL,2023-05-03,72.023468,71.029336
WELL,2023-05-04,71.447411,70.546187
WELL,2023-05-05,73.175552,71.391684
WELL,2023-05-08,70.917847,70.79706
WELL,2023-05-09,72.766739,70.611238
WELL,2023-05-10,73.751572,72.422965
WELL,2023-05-11,73.537888,72.645957
WELL,2023-05-12,73.677231,73.212683
WELL,2023-05-15,75.02552,73.574263
WELL,2023-05-16,72.591156,72.544345
WELL,2023-05-17,72.572426,71.52377
WELL,2023-05-18,71.982567,71.598688
WELL,2023-05-19,71.664223,71.270979
WELL,2023-05-22,71.617386,71.448852
WELL,2023-05-23,71.317787,71.242882
WELL,2023-05-24,69.501373,69.39838
WELL,2023-05-25,68.930222,67.853478
WELL,2023-05-26,68.855324,68.209276
WELL,2023-05-30,68.471436,68.190551
WELL,2023-05-31,69.857155,68.58379
WELL,2023-06-01,69.857155,68.611877
WELL,2023-06-02,70.933907,70.428305
WELL,2023-06-05,71.242882,70.606206
WELL,2023-06-06,73.639801,71.570584
WELL,2023-06-07,75.297035,73.855136
WELL,2023-06-08,74.716537,74.004949
WELL,2023-06-09,75.933723,74.482467
WELL,2023-06-12,76.598495,75.680928
WELL,2023-06-13,76.729568,76.308238
WELL,2023-06-14,76.345703,76.177169
WELL,2023-06-15,75.044243,74.351385
WELL,2023-06-16,75.287689,74.885081
WELL,2023-06-20,74.173485,73.602343
WELL,2023-06-21,73.958138,73.04057
WELL,2023-06-22,73.461891,72.37579
WELL,2023-06-23,71.420776,71.027533
WELL,2023-06-26,74.501183,71.561209
WELL,2023-06-27,75.596664,74.136042
WELL,2023-06-28,74.959984,74.566741
WELL,2023-06-29,75.268959,74.416932
WELL,2023-06-30,75.737106,74.379478
WELL,2023-07-03,76.280159,75.231503
WELL,2023-07-05,76.008621,75.549838
WELL,2023-07-06,75.175316,73.396349
WELL,2023-07-07,74.725899,74.370108
WELL,2023-07-10,74.126678,73.330827
WELL,2023-07-11,75.74649,74.473125
WELL,2023-07-12,74.613571,74.576118
WELL,2023-07-13,75.709023,74.285846
WELL,2023-07-14,74.885086,74.089227
WELL,2023-07-17,74.229683,74.173507
WELL,2023-07-18,73.592995,72.937589
WELL,2023-07-19,75.297035,73.761508
WELL,2023-07-20,76.785759,74.903799
WELL,2023-07-21,77.066635,76.570399
WELL,2023-07-24,77.403725,76.963664
WELL,2023-07-25,77.656517,77.328807
WELL,2023-07-26,77.937393,77.066636
WELL,2023-07-27,76.046089,76.018001
WELL,2023-07-28,75.849464,75.371951
WELL,2023-07-31,76.916855,75.596672
WELL,2023-08-01,79.21077,76.355066
WELL,2023-08-02,78.246384,77.974857
WELL,2023-08-03,78.452377,76.252079
WELL,2023-08-04,77.132187,76.785761
WELL,2023-08-07,79.388664,77.431799
WELL,2023-08-08,79.856819,77.974859
WELL,2023-08-09,80.025352,78.911156
WELL,2023-08-10,79.538483,79.266963
WELL,2023-08-11,78.892448,78.555381
WELL,2023-08-14,79.486595,78.269963
WELL,2023-08-15,78.534042,78.307694
WELL,2023-08-16,78.515182,78.109638
WELL,2023-08-17,77.138222,77.119355
WELL,2023-08-18,76.581772,76.006465
WELL,2023-08-21,75.751823,75.563201
WELL,2023-08-22,75.308548,75.101059
WELL,2023-08-23,76.393143,75.299114
WELL,2023-08-24,75.789543,75.704658
WELL,2023-08-25,76.421448,75.836715
WELL,2023-08-28,76.666649,76.544045
WELL,2023-08-29,78.335999,76.393162
WELL,2023-08-30,78.194527,77.751257
WELL,2023-08-31,78.166206,77.920999
WELL,2023-09-01,77.93988,77.572062
WELL,2023-09-05,76.261116,75.836713
WELL,2023-09-06,77.317421,76.251685
WELL,2023-09-07,77.855003,77.317422
WELL,2023-09-08,77.902153,77.421157
WELL,2023-09-11,78.97731,78.071911
WELL,2023-09-12,78.835846,78.458602
WELL,2023-09-13,77.883293,77.704097
WELL,2023-09-14,79.703522,78.845274
WELL,2023-09-15,79.571487,79.052766
WELL,2023-09-18,79.967598,78.967887
WELL,2023-09-19,78.97731,78.97731
WELL,2023-09-20,80.410858,79.430007
WELL,2023-09-21,78.97731,78.798121
WELL,2023-09-22,78.119072,77.996461
WELL,2023-09-25,78.458588,77.590907
WELL,2023-09-26,76.47802,76.421435
WELL,2023-09-27,75.638641,75.468879
WELL,2023-09-28,75.883858,75.780113
WELL,2023-09-29,77.260803,76.770381
WELL,2023-10-02,77.081635,76.081917
WELL,2023-10-03,74.799255,73.922149
WELL,2023-10-04,77.006187,75.035052
WELL,2023-10-05,78.279411,76.883583
WELL,2023-10-06,76.845856,75.968749
WELL,2023-10-09,77.449448,76.204523
WELL,2023-10-10,78.911293,77.421153
WELL,2023-10-11,80.929573,79.354556
WELL,2023-10-12,80.165657,79.514898
WELL,2023-10-13,80.307121,79.778966
WELL,2023-10-16,80.797546,79.722384
WELL,2023-10-17,81.636932,80.231678
WELL,2023-10-18,80.882431,80.061909
WELL,2023-10-19,79.147079,78.98675
WELL,2023-10-20,79.118782,78.854708
WELL,2023-10-23,78.269966,78.034185
WELL,2023-10-24,79.496033,78.769822
WELL,2023-10-25,77.96817,77.8267
WELL,2023-10-26,78.317131,78.251113
WELL,2023-10-27,76.723251,76.666666
WELL,2023-10-30,77.213669,76.204525
WELL,2023-10-31,78.854698,77.845555
WELL,2023-11-01,80.571205,78.345429
WELL,2023-11-02,82.806404,81.108776
WELL,2023-11-03,83.419434,83.211952
WELL,2023-11-06,83.127068,82.400864
WELL,2023-11-07,80.778687,80.731527
WELL,2023-11-08,81.457741,80.61836
WELL,2023-11-09,79.826118,79.741241
WELL,2023-11-10,81.089928,80.109076
WELL,2023-11-13,81.184898,80.149543
WELL,2023-11-14,82.581207,82.486215
WELL,2023-11-15,81.954292,81.916297
WELL,2023-11-16,82.419731,82.030291
WELL,2023-11-17,83.103638,82.191769
WELL,2023-11-20,84.110489,82.904157
WELL,2023-11-21,84.290947,83.445568
WELL,2023-11-22,84.252953,83.483565
WELL,2023-11-24,85.126831,83.683033
WELL,2023-11-27,85.601761,84.870361
WELL,2023-11-28,84.832359,84.490408
WELL,2023-11-29,83.778015,83.578545
WELL,2023-11-30,84.632919,83.094144
WELL,2023-12-01,84.974861,84.072493
WELL,2023-12-04,85.316818,83.825531
WELL,2023-12-05,85.373795,84.841873
WELL,2023-12-06,83.037132,82.894651
WELL,2023-12-07,83.122612,82.590683
WELL,2023-12-08,83.32209,82.45771
WELL,2023-12-11,83.654533,82.90414
WELL,2023-12-12,84.15799,83.455092
WELL,2023-12-13,86.295166,83.81602
WELL,2023-12-14,87.264038,86.409159
WELL,2023-12-15,86.238182,85.297818
WELL,2023-12-18,85.620758,84.898859
WELL,2023-12-19,85.763252,85.563782
WELL,2023-12-20,84.091492,84.053496
WELL,2023-12-21,85.4403,83.749543
WELL,2023-12-22,85.449791,85.259821
WELL,2023-12-26,85.924721,85.012852
WELL,2023-12-27,86.485146,85.668262
WELL,2023-12-28,86.58963,85.991211
WELL,2023-12-29,85.649261,85.544776
WELL,2024-01-02,85.715759,85.288323
WELL,2024-01-03,84.452438,84.309957
WELL,2024-01-04,84.252953,83.882506
WELL,2024-01-05,84.081993,83.493082
WELL,2024-01-08,85.307312,83.873022
WELL,2024-01-09,85.098343,84.195975
WELL,2024-01-10,86.18119,85.098339
ESTA,2022-08-22,62.139999,61.400002
ESTA,2022-08-23,62.52,61.93
ESTA,2022-08-24,65.040001,63.299999
ESTA,2022-08-25,67.459999,65.150002
ESTA,2022-08-26,65.32,64.589996
ESTA,2022-08-29,63.549999,63.450001
ESTA,2022-08-30,61.700001,61.689999
ESTA,2022-08-31,62.18,61.5
ESTA,2022-09-01,60.349998,59.23
ESTA,2022-09-02,61.459999,59.619999
ESTA,2022-09-06,60.75,60.52
ESTA,2022-09-07,64.279999,60.77
ESTA,2022-09-08,64.389999,62.200001
ESTA,2022-09-09,65.489998,64.849998
ESTA,2022-09-12,66.989998,65.190002
ESTA,2022-09-13,64.410004,63.740002
ESTA,2022-09-14,63.849998,63.130001
ESTA,2022-09-15,62.049999,61.950001
ESTA,2022-09-16,58.779999,55.939999
ESTA,2022-09-19,58.470001,56.049999
ESTA,2022-09-20,58.790001,57
ESTA,2022-09-21,58.139999,58.139999
ESTA,2022-09-22,55.470001,54.82
ESTA,2022-09-23,52.259998,51.98
ESTA,2022-09-26,50.450001,50.360001
ESTA,2022-09-27,50.84,49.720001
ESTA,2022-09-28,53.34,50.630001
ESTA,2022-09-29,52.900002,50.450001
ESTA,2022-09-30,54.610001,52.900002
ESTA,2022-10-03,56.389999,54.459999
ESTA,2022-10-04,57.560001,57.360001
ESTA,2022-10-05,58.419998,56.23
ESTA,2022-10-06,57.310001,55.389999
ESTA,2022-10-07,55.330002,55.330002
ESTA,2022-10-10,54.41,54.189999
ESTA,2022-10-11,56.279999,52.349998
ESTA,2022-10-12,55.959999,55
ESTA,2022-10-13,57.48,53.959999
ESTA,2022-10-14,55.77,55.169998
ESTA,2022-10-17,57.209999,54.73
ESTA,2022-10-18,56.349998,55.790001
ESTA,2022-10-19,51.130001,44.029999
ESTA,2022-10-20,51.099998,47.07
ESTA,2022-10-21,51.939999,49.5
ESTA,2022-10-24,53.029999,51.27
ESTA,2022-10-25,55.470001,52.93
ESTA,2022-10-26,55.75,54.669998
ESTA,2022-10-27,55.860001,54.66
ESTA,2022-10-28,56.619999,55.610001
ESTA,2022-10-31,56.389999,55.59
ESTA,2022-11-01,56.869999,55.900002
ESTA,2022-11-02,56.450001,55.93
ESTA,2022-11-03,54.25,54.080002
ESTA,2022-11-04,54.09,53.139999
ESTA,2022-11-07,53.150002,52.860001
ESTA,2022-11-08,49.950001,49.93
ESTA,2022-11-09,51.169998,48.689999
ESTA,2022-11-10,55.369999,53
ESTA,2022-11-11,60.080002,55.360001
ESTA,2022-11-14,64.190002,58.130001
ESTA,2022-11-15,63.360001,61.389999
ESTA,2022-11-16,62.43,61.189999
ESTA,2022-11-17,59.939999,59.93
ESTA,2022-11-18,61.049999,60.310001
ESTA,2022-11-21,62.619999,60.599998
ESTA,2022-11-22,61.200001,60.060001
ESTA,2022-11-23,63.73,61.240002
ESTA,2022-11-25,63.029999,62.650002
ESTA,2022-11-28,60.799999,60.540001
ESTA,2022-11-29,60.27,59.27
ESTA,2022-11-30,63.759998,60.279999
ESTA,2022-12-01,67.57,63.549999
ESTA,2022-12-02,71,66.349998
ESTA,2022-12-05,68.769997,67.599998
ESTA,2022-12-06,67.68,67.040001
ESTA,2022-12-07,68.75,67.610001
ESTA,2022-12-08,68.550003,67.699997
ESTA,2022-12-09,68.940002,67.510002
ESTA,2022-12-12,71.489998,68.260002
ESTA,2022-12-13,72.940002,71.800003
ESTA,2022-12-14,70.720001,70.720001
ESTA,2022-12-15,66.910004,66.589996
ESTA,2022-12-16,67.389999,65.489998
ESTA,2022-12-19,65.300003,63.82
ESTA,2022-12-20,65.379997,64.480003
ESTA,2022-12-21,64.370003,64.32
ESTA,2022-12-22,63.220001,62.709999
ESTA,2022-12-23,62.98,61.830002
ESTA,2022-12-27,60.119999,60.119999
ESTA,2022-12-28,60.450001,58.41
ESTA,2022-12-29,64.879997,60.59
ESTA,2022-12-30,65.650002,62.599998
ESTA,2023-01-03,62.720001,62.18
ESTA,2023-01-04,65.040001,62.98
ESTA,2023-01-05,64.220001,63.439999
ESTA,2023-01-06,63.810001,63.41
ESTA,2023-01-09,61.439999,59.740002
ESTA,2023-01-10,61.919998,61.18
ESTA,2023-01-11,64.370003,61.610001
ESTA,2023-01-12,69.150002,63.5
ESTA,2023-01-13,69.290001,68.220001
ESTA,2023-01-17,69.889999,68.199997
ESTA,2023-01-18,69.580002,66.860001
ESTA,2023-01-19,65.690002,65.309998
ESTA,2023-01-20,68.739998,65.110001
ESTA,2023-01-23,68.209999,68.029999
ESTA,2023-01-24,67.370003,67.360001
ESTA,2023-01-25,68.440002,65.150002
ESTA,2023-01-26,67.389999,66.550003
ESTA,2023-01-27,66.019997,66.019997
ESTA,2023-01-30,67.220001,65.309998
ESTA,2023-01-31,68.040001,66.5
ESTA,2023-02-01,68.519997,67.239998
ESTA,2023-02-02,71.029999,69
ESTA,2023-02-03,70.849998,68
ESTA,2023-02-06,69.480003,68.410004
ESTA,2023-02-07,68.870003,66.629997
ESTA,2023-02-08,66.970001,66.330002
ESTA,2023-02-09,67.540001,67.349998
ESTA,2023-02-10,68,66.760002
ESTA,2023-02-13,68.419998,67.610001
ESTA,2023-02-14,72.059998,68.400002
ESTA,2023-02-15,72.669998,70.389999
ESTA,2023-02-16,69.370003,69.309998
ESTA,2023-02-17,70.629997,68.5
ESTA,2023-02-21,69.410004,68.440002
ESTA,2023-02-22,67.879997,66.730003
ESTA,2023-02-23,69.620003,67.68
ESTA,2023-02-24,66.82,65.860001
ESTA,2023-02-27,67.040001,65.5
ESTA,2023-02-28,71.660004,68.639999
ESTA,2023-03-01,72.949997,70.559998
ESTA,2023-03-02,69.900002,69.699997
ESTA,2023-03-03,73.709999,69
ESTA,2023-03-06,74.470001,73.690002
ESTA,2023-03-07,71.870003,71.410004
ESTA,2023-03-08,70.910004,70.510002
ESTA,2023-03-09,70.599998,70.309998
ESTA,2023-03-10,66.879997,65.800003
ESTA,2023-03-13,67.690002,64.959999
ESTA,2023-03-14,68.489998,67.900002
ESTA,2023-03-15,68.010002,66.220001
ESTA,2023-03-16,70.540001,66.690002
ESTA,2023-03-17,69.550003,69.099998
ESTA,2023-03-20,70,66.279999
ESTA,2023-03-21,70.449997,69.550003
ESTA,2023-03-22,67.779999,67.779999
ESTA,2023-03-23,69.25,68.529999
ESTA,2023-03-24,70.949997,68.510002
ESTA,2023-03-27,69.82,69.809998
ESTA,2023-03-28,68.669998,68.150002
ESTA,2023-03-29,67,66.599998
ESTA,2023-03-30,67.82,67.169998
ESTA,2023-03-31,67.739998,67.290001
ESTA,2023-04-03,71.839996,67.139999
ESTA,2023-04-04,69.290001,68.730003
ESTA,2023-04-05,70.059998,68.900002
ESTA,2023-04-06,71,69.029999
ESTA,2023-04-10,70.519997,69.639999
ESTA,2023-04-11,74.25,71.32
ESTA,2023-04-12,74.809998,74
ESTA,2023-04-13,75.099998,74.459999
ESTA,2023-04-14,73.269997,72.870003
ESTA,2023-04-17,74.650002,71.510002
ESTA,2023-04-18,74.93,74.139999
ESTA,2023-04-19,75.889999,73.970001
ESTA,2023-04-20,74.919998,72.080002
ESTA,2023-04-21,74.910004,73.769997
ESTA,2023-04-24,73.360001,72.940002
ESTA,2023-04-25,72,71.349998
ESTA,2023-04-26,70.800003,69.019997
ESTA,2023-04-27,68.440002,67.900002
ESTA,2023-04-28,69.690002,67.75
ESTA,2023-05-01,71.279999,69.709999
ESTA,2023-05-02,67.559998,66.599998
ESTA,2023-05-03,67.160004,67.089996
ESTA,2023-05-04,66.900002,65.650002
ESTA,2023-05-05,67.699997,66.940002
ESTA,2023-05-08,67.690002,66.290001
ESTA,2023-05-09,68.919998,64
ESTA,2023-05-10,71.470001,68.779999
ESTA,2023-05-11,70.120003,69.849998
ESTA,2023-05-12,66.629997,66.080002
ESTA,2023-05-15,68.910004,66.650002
ESTA,2023-05-16,68.120003,67.68
ESTA,2023-05-17,69.050003,67.510002
ESTA,2023-05-18,69.349998,68.559998
ESTA,2023-05-19,68.620003,67.93
ESTA,2023-05-22,68.209999,66.889999
ESTA,2023-05-23,68.669998,67.57
ESTA,2023-05-24,66.690002,65.589996
ESTA,2023-05-25,64.889999,63.439999
ESTA,2023-05-26,64.849998,64.400002
ESTA,2023-05-30,64.32,63.650002
ESTA,2023-05-31,64.519997,62.450001
ESTA,2023-06-01,64.449997,63.779999
ESTA,2023-06-02,66.440002,64.5
ESTA,2023-06-05,66.93,65.690002
ESTA,2023-06-06,66.720001,66.260002
ESTA,2023-06-07,66.389999,65.029999
ESTA,2023-06-08,67.949997,65.169998
ESTA,2023-06-09,68.57,66.010002
ESTA,2023-06-12,70.099998,68.019997
ESTA,2023-06-13,70.650002,70.449997
ESTA,2023-06-14,68.059998,67.839996
ESTA,2023-06-15,67.839996,66.400002
ESTA,2023-06-16,65.239998,64.220001
ESTA,2023-06-20,66.760002,64.18
ESTA,2023-06-21,65.18,63.650002
ESTA,2023-06-22,66.489998,64.360001
ESTA,2023-06-23,64.699997,64.43
ESTA,2023-06-26,64.290001,63.709999
ESTA,2023-06-27,67.57,63.779999
ESTA,2023-06-28,68.480003,66.129997
ESTA,2023-06-29,69.68,68.300003
ESTA,2023-06-30,68.610001,67.849998
ESTA,2023-07-03,67.059998,66.260002
ESTA,2023-07-05,66.120003,65.68
ESTA,2023-07-06,63.919998,63.869999
ESTA,2023-07-07,63.639999,63.18
ESTA,2023-07-10,67.279999,62.740002
ESTA,2023-07-11,66.940002,66.779999
ESTA,2023-07-12,67.790001,66.879997
ESTA,2023-07-13,69.93,67.190002
ESTA,2023-07-14,70.389999,68.940002
ESTA,2023-07-17,71.190002,70.190002
ESTA,2023-07-18,70.540001,70.080002
ESTA,2023-07-19,69.949997,69.699997
ESTA,2023-07-20,68.830002,68.5
ESTA,2023-07-21,70.389999,69.300003
ESTA,2023-07-24,70.120003,69.790001
ESTA,2023-07-25,69.379997,69.379997
ESTA,2023-07-26,68.559998,67.949997
ESTA,2023-07-27,70.309998,68.839996
ESTA,2023-07-28,72.769997,70.199997
ESTA,2023-07-31,72.010002,71.190002
ESTA,2023-08-01,70.330002,70.330002
ESTA,2023-08-02,67.290001,67.260002
ESTA,2023-08-03,67.220001,66.889999
ESTA,2023-08-04,67.589996,67.25
ESTA,2023-08-07,63.34,63.259998
ESTA,2023-08-08,61.279999,61.009998
ESTA,2023-08-09,58.049999,57.310001
ESTA,2023-08-10,56.91,55.740002
ESTA,2023-08-11,55.759998,55.32
ESTA,2023-08-14,56.860001,54.599998
ESTA,2023-08-15,56.200001,55.630001
ESTA,2023-08-16,53.009998,52.740002
ESTA,2023-08-17,52.5,51.459999
ESTA,2023-08-18,52.740002,51.919998
ESTA,2023-08-21,55.060001,52.560001
ESTA,2023-08-22,55.470001,53.889999
ESTA,2023-08-23,54.779999,54.48
ESTA,2023-08-24,55.27,54.18
ESTA,2023-08-25,55.02,54.25
ESTA,2023-08-28,54.93,54.23
ESTA,2023-08-29,57.509998,55
ESTA,2023-08-30,58.09,57.509998
ESTA,2023-08-31,60.369999,58.540001
ESTA,2023-09-01,59.5,59.5
ESTA,2023-09-05,57.349998,57.220001
ESTA,2023-09-06,57.459999,56.639999
ESTA,2023-09-07,55.599998,55.439999
ESTA,2023-09-08,53.990002,53.630001
ESTA,2023-09-11,54.32,53.860001
ESTA,2023-09-12,53.490002,53.040001
ESTA,2023-09-13,52.700001,51.98
ESTA,2023-09-14,52.669998,52.48
ESTA,2023-09-15,51.990002,50.650002
ESTA,2023-09-18,52.060001,51.630001
ESTA,2023-09-19,50.619999,50.580002
ESTA,2023-09-20,49.220001,49.209999
ESTA,2023-09-21,48.220001,47.450001
ESTA,2023-09-22,48.669998,47.48
ESTA,2023-09-25,47.849998,47.689999
ESTA,2023-09-26,48.259998,47.02
ESTA,2023-09-27,49.75,48.630001
ESTA,2023-09-28,50.32,49.09
ESTA,2023-09-29,49.07,48.52
ESTA,2023-10-02,45.389999,45.279999
ESTA,2023-10-03,42.540001,42.290001
ESTA,2023-10-04,41.060001,40.330002
ESTA,2023-10-05,41.5,39.049999
ESTA,2023-10-06,40.919998,40.389999
ESTA,2023-10-09,41.139999,39.52
ESTA,2023-10-10,41.16,40.939999
ESTA,2023-10-11,39,38.150002
ESTA,2023-10-12,33.34,33.32
ESTA,2023-10-13,34.389999,32.02
ESTA,2023-10-16,39.290001,35
ESTA,2023-10-17,40.029999,38.799999
ESTA,2023-10-18,37.110001,36.869999
ESTA,2023-10-19,34.939999,34.360001
ESTA,2023-10-20,34.009998,33.029999
ESTA,2023-10-23,33.599998,33.470001
ESTA,2023-10-24,33.119999,32.580002
ESTA,2023-10-25,30.91,30.82
ESTA,2023-10-26,30.299999,30.27
ESTA,2023-10-27,31.52,30.299999
ESTA,2023-10-30,31.65,31.43
ESTA,2023-10-31,29.280001,29.139999
ESTA,2023-11-01,31.549999,28.690001
ESTA,2023-11-02,34.209999,31.75
ESTA,2023-11-03,35.310001,34.810001
ESTA,2023-11-06,33.93,33.279999
ESTA,2023-11-07,32.700001,31.719999
ESTA,2023-11-08,25.120001,16.959999
ESTA,2023-11-09,22.780001,22.309999
ESTA,2023-11-10,21.68,19.84
ESTA,2023-11-13,22.049999,21.6
ESTA,2023-11-14,25.809999,22.75
ESTA,2023-11-15,23.27,23.120001
ESTA,2023-11-16,23.17,22.4
ESTA,2023-11-17,22,21.85
ESTA,2023-11-20,22,21.540001
ESTA,2023-11-21,24.209999,21.26
ESTA,2023-11-22,25.129999,24.02
BINI,2022-02-07,7.5262497e+14,7.3574998e+14
BINI,2022-02-08,7.1887498e+14,6.9862502e+14
BINI,2022-02-09,6.3450001e+14,6.2099999e+14
BINI,2022-02-10,5.8387497e+14,5.7374998e+14
BINI,2022-02-11,4.5224999e+14,4.2187501e+14
BINI,2022-02-14,3.6112501e+14,3.54375e+14
BINI,2022-02-15,3.4762499e+14,3.4087501e+14
BINI,2022-02-16,2.93625e+14,2.7e+14
BINI,2022-02-17,2.6325e+14,2.59875e+14
BINI,2022-02-18,2.1262501e+14,2.05875e+14
BINI,2022-02-22,2.05875e+14,1.99125e+14
BINI,2022-02-23,2.1262501e+14,2.0925e+14
BINI,2022-02-24,2.0925e+14,1.755e+14
BINI,2022-02-25,2.3287501e+14,2.19375e+14
BINI,2022-02-28,5.7037501e+14,3.2062501e+14
BINI,2022-03-01,3.4762499e+14,2.9025e+14
BINI,2022-03-02,3.3075e+14,3.0712499e+14
BINI,2022-03-03,3.0037501e+14,2.93625e+14
BINI,2022-03-04,2.6662499e+14,2.4637499e+14
BINI,2022-03-07,3.5775001e+14,2.5649999e+14
BINI,2022-03-08,4.185e+14,3.4424998e+14
BINI,2022-03-09,3.8812499e+14,3.74625e+14
BINI,2022-03-10,3.6112501e+14,3.3750001e+14
BINI,2022-03-11,4.55625e+14,3.1725001e+14
BINI,2022-03-14,5.9737499e+14,5.1975e+14
BINI,2022-03-15,5.4e+14,5.2987501e+14
BINI,2022-03-16,5.9062498e+14,5.1299999e+14
BINI,2022-03-17,8.2349998e+14,6.7162497e+14
BINI,2022-03-18,9.7875003e+14,7.3912502e+14
BINI,2022-03-21,1.083375e+15,9.5174999e+14
BINI,2022-03-22,1.117125e+15,9.5512503e+14
BINI,2022-03-23,1.049625e+15,1.036125e+15
BINI,2022-03-24,1.0125e+15,9.8887502e+14
BINI,2022-03-25,7.9312497e+14,7.6275002e+14
BINI,2022-03-28,8.2687502e+14,8.1000003e+14
BINI,2022-03-29,7.9312497e+14,7.5262497e+14
BINI,2022-03-30,1.022625e+15,7.4249999e+14
BINI,2022-03-31,1.00575e+15,9.6862498e+14
BINI,2022-04-01,9.6862498e+14,8.8762499e+14
BINI,2022-04-04,9.6525001e+14,9.6187497e+14
BINI,2022-04-05,9.18e+14,9.0112501e+14
BINI,2022-04-06,8.94375e+14,8.2687502e+14
BINI,2022-04-07,8.0325002e+14,7.6612499e+14
BINI,2022-04-08,8.4712499e+14,7.2562499e+14
BINI,2022-04-11,8.9774997e+14,8.3700001e+14
BINI,2022-04-12,8.3362503e+14,8.1674997e+14
BINI,2022-04-13,8.1000003e+14,7.8637502e+14
BINI,2022-04-14,7.2900003e+14,7.1212497e+14
BINI,2022-04-18,6.2099999e+14,5.9400002e+14
BINI,2022-04-19,5.7037501e+14,5.6699997e+14
BINI,2022-04-20,4.7587499e+14,4.5224999e+14
BINI,2022-04-21,4.7249999e+14,4.4887498e+14
BINI,2022-04-22,4.995e+14,4.4887498e+14
BINI,2022-04-25,4.6912498e+14,4.59e+14
BINI,2022-04-26,4.35375e+14,4.2187501e+14
BINI,2022-04-27,4.55625e+14,4.2187501e+14
BINI,2022-04-28,4.59e+14,4.3875e+14
BINI,2022-04-29,4.4550001e+14,4.3199999e+14
BINI,2022-05-02,4.35375e+14,4.0500001e+14
BINI,2022-05-03,4.4887498e+14,4.2187501e+14
BINI,2022-05-04,4.35375e+14,4.0837499e+14
BINI,2022-05-05,4.4212501e+14,4.15125e+14
BINI,2022-05-06,4.0500001e+14,3.94875e+14
BINI,2022-05-09,3.6450002e+14,3.4762499e+14
BINI,2022-05-10,3.2062501e+14,3.1725001e+14
BINI,2022-05-11,2.7e+14,2.6662499e+14
BINI,2022-05-12,2.93625e+14,2.5649999e+14
BINI,2022-05-13,3.34125e+14,3.105e+14
BINI,2022-05-16,3.94875e+14,3.34125e+14
BINI,2022-05-17,3.8475002e+14,3.6450002e+14
BINI,2022-05-18,3.54375e+14,3.4762499e+14
BINI,2022-05-19,3.4424998e+14,3.3075e+14
BINI,2022-05-20,3.7124999e+14,3.3075e+14
BINI,2022-05-23,3.54375e+14,3.3750001e+14
BINI,2022-05-24,3.3750001e+14,3.2062501e+14
BINI,2022-05-25,3.4424998e+14,3.34125e+14
BINI,2022-05-26,3.3075e+14,3.3075e+14
BINI,2022-05-27,3.2737499e+14,3.2062501e+14
BINI,2022-05-31,4.7249999e+14,3.94875e+14
BINI,2022-06-01,4.7925e+14,4.7249999e+14
BINI,2022-06-02,4.15125e+14,4.0500001e+14
BINI,2022-06-03,4.2862499e+14,4.185e+14
BINI,2022-06-06,4.6575001e+14,4.55625e+14
BINI,2022-06-07,4.5224999e+14,4.3199999e+14
BINI,2022-06-08,4.3199999e+14,4.185e+14
BINI,2022-06-09,4.0500001e+14,3.9825e+14
BINI,2022-06-10,3.8475002e+14,3.78e+14
BINI,2022-06-13,3.54375e+14,3.3750001e+14
BINI,2022-06-14,3.6112501e+14,3.4424998e+14
BINI,2022-06-15,3.9149999e+14,3.6450002e+14
BINI,2022-06-16,4.2187501e+14,3.7124999e+14
BINI,2022-06-17,4.4550001e+14,4.0837499e+14
BINI,2022-06-21,5.1299999e+14,4.6912498e+14
BINI,2022-06-22,5.4e+14,5.0962502e+14
BINI,2022-06-23,4.9274999e+14,4.59e+14
BINI,2022-06-24,4.9274999e+14,4.6237501e+14
BINI,2022-06-27,4.4212501e+14,4.3875e+14
BINI,2022-06-28,4.1174999e+14,3.9149999e+14
BINI,2022-06-29,3.8137501e+14,3.7124999e+14
BINI,2022-06-30,3.4424998e+14,3.4424998e+14
BINI,2022-07-01,3.6450002e+14,3.0374999e+14
BINI,2022-07-05,3.34125e+14,3.2737499e+14
BINI,2022-07-06,3.4424998e+14,3.3750001e+14
BINI,2022-07-07,3.6112501e+14,3.2737499e+14
BINI,2022-07-08,3.94875e+14,3.5099999e+14
BINI,2022-07-11,4.1174999e+14,3.9825e+14
BINI,2022-07-12,3.74625e+14,3.6787499e+14
BINI,2022-07-13,3.6787499e+14,3.5775001e+14
BINI,2022-07-14,3.54375e+14,3.4762499e+14
BINI,2022-07-15,3.6450002e+14,3.5775001e+14
BINI,2022-07-18,3.5775001e+14,3.54375e+14
BINI,2022-07-19,3.6787499e+14,3.4424998e+14
BINI,2022-07-20,3.6787499e+14,3.5775001e+14
BINI,2022-07-21,3.74625e+14,3.5775001e+14
BINI,2022-07-22,3.4424998e+14,3.3750001e+14
BINI,2022-07-25,3.4424998e+14,3.3750001e+14
BINI,2022-07-26,2.93625e+14,2.7674999e+14
BINI,2022-07-27,2.93625e+14,2.7674999e+14
BINI,2022-07-28,2.73375e+14,2.7e+14
BINI,2022-07-29,2.6662499e+14,2.5649999e+14
BINI,2022-08-01,2.93625e+14,2.5649999e+14
BINI,2022-08-02,3.105e+14,2.80125e+14
BINI,2022-08-03,3.105e+14,3.0712499e+14
BINI,2022-08-04,2.8349999e+14,2.73375e+14
BINI,2022-08-05,2.8687499e+14,2.80125e+14
BINI,2022-08-08,2.7e+14,2.6325e+14
BINI,2022-08-09,2.6662499e+14,2.6325e+14
BINI,2022-08-10,2.73375e+14,2.6325e+14
BINI,2022-08-11,2.7674999e+14,2.6662499e+14
BINI,2022-08-12,2.80125e+14,2.6325e+14
BINI,2022-08-15,3.0712499e+14,2.8687499e+14
BINI,2022-08-16,3.0037501e+14,2.7674999e+14
BINI,2022-08-17,2.8349999e+14,2.80125e+14
BINI,2022-08-18,2.73375e+14,2.7e+14
BINI,2022-08-19,2.53125e+14,2.53125e+14
BINI,2022-08-22,2.39625e+14,2.3624999e+14
BINI,2022-08-23,2.295e+14,2.2612499e+14
BINI,2022-08-24,2.3624999e+14,2.3287501e+14
BINI,2022-08-25,2.2612499e+14,2.1262501e+14
BINI,2022-08-26,2.16e+14,2.1262501e+14
BINI,2022-08-29,2.0925e+14,2.05875e+14
BINI,2022-08-30,2.16e+14,2.0250001e+14
BINI,2022-08-31,2.2612499e+14,2.1262501e+14
BINI,2022-09-01,2.16e+14,2.05875e+14
BINI,2022-09-02,2.1262501e+14,2.05875e+14
BINI,2022-09-06,2.2275001e+14,2.0250001e+14
BINI,2022-09-07,2.2612499e+14,2.16e+14
BINI,2022-09-08,2.05875e+14,2.0250001e+14
BINI,2022-09-09,1.89e+14,1.78875e+14
BINI,2022-09-12,1.9575e+14,1.8225001e+14
BINI,2022-09-13,1.8225001e+14,1.78875e+14
BINI,2022-09-14,1.78875e+14,1.755e+14
BINI,2022-09-15,1.8225001e+14,1.78875e+14
BINI,2022-09-16,1.6875e+14,1.6875e+14
BINI,2022-09-19,1.5525e+14,1.5525e+14
BINI,2022-09-20,1.485e+14,1.45125e+14
BINI,2022-09-21,1.38375e+14,1.35e+14
BINI,2022-09-22,1.24875e+14,1.215e+14
BINI,2022-09-23,1.35e+14,1.11375e+14
BINI,2022-09-26,1.1475e+14,1.1475e+14
BINI,2022-09-27,1.11375e+14,1.08e+14
BINI,2022-09-28,1.215e+14,1.08e+14
BINI,2022-09-29,1.1475e+14,1.11375e+14
BINI,2022-09-30,1.11375e+14,1.08e+14
BINI,2022-10-03,1.08e+14,1.04625e+14
BINI,2022-10-04,1.215e+14,1.11375e+14
BINI,2022-10-05,1.1475e+14,1.08e+14
BINI,2022-10-06,1.11375e+14,1.11375e+14
BINI,2022-10-07,1.0125e+14,1.0125e+14
BINI,2022-10-10,8.7749999e+13,8.0999996e+13
BINI,2022-10-11,8.4375002e+13,8.4375002e+13
BINI,2022-10-12,8.4375002e+13,8.0999996e+13
BINI,2022-10-13,8.0999996e+13,7.7624999e+13
BINI,2022-10-14,7.7624999e+13,7.7624999e+13
BINI,2022-10-17,7.7624999e+13,7.7624999e+13
BINI,2022-10-18,7.4250002e+13,7.0874997e+13
BINI,2022-10-19,1.1475e+14,7.4250002e+13
BINI,2022-10-20,1.18125e+14,1.1475e+14
BINI,2022-10-21,1.2825e+14,1.08e+14
BINI,2022-10-24,1.6875e+14,1.5187499e+14
BINI,2022-10-25,1.7212499e+14,1.5525e+14
BINI,2022-10-26,1.8225001e+14,1.58625e+14
BINI,2022-10-27,1.8225001e+14,1.755e+14
BINI,2022-10-28,1.755e+14,1.58625e+14
BINI,2022-10-31,1.6199999e+14,1.58625e+14
BINI,2022-11-01,1.35e+14,1.31625e+14
BINI,2022-11-02,1.215e+14,1.18125e+14
BINI,2022-11-03,1.0125e+14,1.0125e+14
BINI,2022-11-04,9.4500001e+13,9.1125004e+13
BINI,2022-11-07,9.1125004e+13,8.4375002e+13
BINI,2022-11-08,9.4500001e+13,8.7749999e+13
BINI,2022-11-09,9.1125004e+13,9.1125004e+13
BINI,2022-11-10,1.11375e+14,9.1125004e+13
BINI,2022-11-11,1.04625e+14,9.7874998e+13
BINI,2022-11-14,1.0125e+14,9.7874998e+13
BINI,2022-11-15,9.7874998e+13,9.7874998e+13
BINI,2022-11-16,9.1125004e+13,8.7749999e+13
BINI,2022-11-17,9.1125004e+13,9.1125004e+13
BINI,2022-11-18,9.1125004e+13,9.1125004e+13
BINI,2022-11-21,8.7749999e+13,8.4375002e+13
BINI,2022-11-22,7.7624999e+13,7.7624999e+13
BINI,2022-11-23,6.75e+13,6.75e+13
BINI,2022-11-25,6.75e+13,6.4124998e+13
BINI,2022-11-28,6.4124998e+13,6.4124998e+13
BINI,2022-11-29,6.75e+13,6.4124998e+13
BINI,2022-11-30,6.4124998e+13,6.0750001e+13
BINI,2022-12-01,7.4250002e+13,7.0874997e+13
BINI,2022-12-02,6.75e+13,6.75e+13
BINI,2022-12-05,6.75e+13,6.4124998e+13
BINI,2022-12-06,6.4124998e+13,6.4124998e+13
BINI,2022-12-07,6.4124998e+13,6.0750001e+13
BINI,2022-12-08,6.4124998e+13,6.4124998e+13
BINI,2022-12-09,6.75e+13,6.4124998e+13
BINI,2022-12-12,6.4124998e+13,6.4124998e+13
BINI,2022-12-13,7.0874997e+13,6.75e+13
BINI,2022-12-14,8.7749999e+13,7.7624999e+13
BINI,2022-12-15,1.04625e+14,9.1125004e+13
BINI,2022-12-16,1.0125e+14,9.4500001e+13
BINI,2022-12-19,9.1125004e+13,8.7749999e+13
BINI,2022-12-20,7.7624999e+13,7.4250002e+13
BINI,2022-12-21,7.4250002e+13,7.0874997e+13
BINI,2022-12-22,7.7624999e+13,7.7624999e+13
BINI,2022-12-23,7.7624999e+13,7.4250002e+13
BINI,2022-12-27,7.4250002e+13,7.0874997e+13
BINI,2022-12-28,7.0874997e+13,6.75e+13
BINI,2022-12-29,8.7749999e+13,7.4250002e+13
BINI,2022-12-30,9.7874998e+13,8.7749999e+13
BINI,2023-01-03,1.08e+14,9.7874998e+13
BINI,2023-01-04,1.1475e+14,9.4500001e+13
BINI,2023-01-05,1.4174999e+14,1.1475e+14
BINI,2023-01-06,1.2825e+14,1.24875e+14
BINI,2023-01-09,1.24875e+14,1.11375e+14
BINI,2023-01-10,1.2825e+14,1.215e+14
BINI,2023-01-11,1.35e+14,1.2825e+14
BINI,2023-01-12,1.31625e+14,1.215e+14
BINI,2023-01-13,1.215e+14,1.18125e+14
BINI,2023-01-17,1.0125e+14,1.0125e+14
BINI,2023-01-18,9.4500001e+13,9.4500001e+13
BINI,2023-01-19,9.1125004e+13,8.4375002e+13
BINI,2023-01-20,1.0125e+14,8.7749999e+13
BINI,2023-01-23,1.0125e+14,1.0125e+14
BINI,2023-01-24,9.7874998e+13,9.7874998e+13
BINI,2023-01-25,1.18125e+14,9.4500001e+13
BINI,2023-01-26,1.08e+14,1.08e+14
BINI,2023-01-27,1.11375e+14,1.08e+14
BINI,2023-01-30,1.11375e+14,1.08e+14
BINI,2023-01-31,1.1475e+14,1.11375e+14
BINI,2023-02-01,1.18125e+14,1.11375e+14
BINI,2023-02-02,1.2825e+14,1.215e+14
BINI,2023-02-03,1.38375e+14,1.31625e+14
BINI,2023-02-06,1.4174999e+14,1.38375e+14
BINI,2023-02-07,1.38375e+14,1.24875e+14
BINI,2023-02-08,1.31625e+14,1.31625e+14
BINI,2023-02-09,1.215e+14,1.18125e+14
BINI,2023-02-10,1.215e+14,1.11375e+14
BINI,2023-02-13,1.2825e+14,1.215e+14
BINI,2023-02-14,1.2825e+14,1.24875e+14
BINI,2023-02-15,1.1475e+14,1.1475e+14
BINI,2023-02-16,9.7874998e+13,9.7874998e+13
BINI,2023-02-17,9.1125004e+13,8.7749999e+13
BINI,2023-02-21,8.4375002e+13,8.0999996e+13
BINI,2023-02-22,8.7749999e+13,8.4375002e+13
BINI,2023-02-23,8.0999996e+13,7.7624999e+13
BINI,2023-02-24,7.7624999e+13,7.7624999e+13
BINI,2023-02-27,7.4250002e+13,7.0874997e+13
BINI,2023-02-28,7.7624999e+13,7.0874997e+13
BINI,2023-03-01,7.4250002e+13,7.4250002e+13
BINI,2023-03-02,7.0874997e+13,7.0874997e+13
BINI,2023-03-03,7.4250002e+13,7.0874997e+13
BINI,2023-03-06,7.7624999e+13,7.7624999e+13
BINI,2023-03-07,7.0874997e+13,7.0874997e+13
BINI,2023-03-08,6.4124998e+13,6.4124998e+13
BINI,2023-03-09,6.0750001e+13,6.0750001e+13
BINI,2023-03-10,5.7375e+13,5.3999999e+13
BINI,2023-03-13,5.3999999e+13,5.0625002e+13
BINI,2023-03-14,5.3999999e+13,5.0625002e+13
BINI,2023-03-15,5.0625002e+13,4.3874999e+13
BINI,2023-03-16,5.0625002e+13,4.7250001e+13
BINI,2023-03-17,4.7250001e+13,4.3874999e+13
BINI,2023-03-20,4.3874999e+13,4.3874999e+13
BINI,2023-03-21,4.7250001e+13,4.3874999e+13
BINI,2023-03-22,4.0499998e+13,4.0499998e+13
BINI,2023-03-23,3.7125001e+13,3.7125001e+13
BINI,2023-03-24,3.7125001e+13,3.375e+13
BINI,2023-03-27,3.375e+13,3.375e+13
BINI,2023-03-28,3.0375001e+13,3.0375001e+13
BINI,2023-03-29,3.375e+13,3.375e+13
BINI,2023-03-30,4.0499998e+13,3.7125001e+13
BINI,2023-03-31,4.3874999e+13,4.3874999e+13
BINI,2023-04-03,3.7125001e+13,3.7125001e+13
BINI,2023-04-04,3.7125001e+13,3.375e+13
BINI,2023-04-05,3.375e+13,3.375e+13
BINI,2023-04-06,3.375e+13,3.375e+13
BINI,2023-04-10,3.7125001e+13,3.375e+13
BINI,2023-04-11,3.7125001e+13,3.7125001e+13
BINI,2023-04-12,3.7125001e+13,3.375e+13
BINI,2023-04-13,3.375e+13,3.375e+13
BINI,2023-04-14,3.375e+13,3.375e+13
BINI,2023-04-17,3.375e+13,3.375e+13
BINI,2023-04-18,3.0375001e+13,3.0375001e+13
BINI,2023-04-19,3.0375001e+13,3.0375001e+13
BINI,2023-04-20,2.6999999e+13,2.6999999e+13
BINI,2023-04-21,3.375e+13,3.375e+13
BINI,2023-04-24,3.375e+13,3.0375001e+13
BINI,2023-04-25,3.0375001e+13,2.6999999e+13
BINI,2023-04-26,2.6999999e+13,2.6999999e+13
BINI,2023-04-27,2.3625e+13,2.3625e+13
BINI,2023-04-28,2.6999999e+13,2.3625e+13
BINI,2023-05-01,2.3625e+13,2.3625e+13
BINI,2023-05-02,2.6999999e+13,2.3625e+13
BINI,2023-05-03,2.0249999e+13,2.0249999e+13
BINI,2023-05-04,1.9844999e+13,1.701e+13
BINI,2023-05-05,2.0249999e+13,1.9169999e+13
BINI,2023-05-08,1.9979999e+13,1.8629999e+13
BINI,2023-05-09,1.9439999e+13,1.8494999e+13
BINI,2023-05-10,1.8764999e+13,1.8494999e+13
NTRA,2022-01-10,74.419998,69.309998
NTRA,2022-01-11,76.540001,73.169998
NTRA,2022-01-12,73.599998,73.540001
NTRA,2022-01-13,68.349998,68.099998
NTRA,2022-01-14,67.370003,63.91
NTRA,2022-01-18,61.080002,61.029999
NTRA,2022-01-19,61.169998,61.02
NTRA,2022-01-20,63.07,62.93
NTRA,2022-01-21,62.740002,61.685001
NTRA,2022-01-24,64.400002,58.02
NTRA,2022-01-25,62.880001,60.939999
NTRA,2022-01-26,63.240002,62.895
NTRA,2022-01-27,61.900002,61.73
NTRA,2022-01-28,65.470001,60.25
NTRA,2022-01-31,70.650002,65.629997
NTRA,2022-02-01,72.809998,69.18
NTRA,2022-02-02,71.199997,70.040001
NTRA,2022-02-03,68.260002,67.800003
NTRA,2022-02-04,69.75,67.790001
NTRA,2022-02-07,69.980003,69.410004
NTRA,2022-02-08,70.199997,67.860001
NTRA,2022-02-09,73.419998,71.809998
NTRA,2022-02-10,71.050003,70.129997
NTRA,2022-02-11,69.580002,68.769997
NTRA,2022-02-14,67.199997,67.07
NTRA,2022-02-15,70.110001,67.559998
NTRA,2022-02-16,71.5,68.964996
NTRA,2022-02-17,65.699997,65.339996
NTRA,2022-02-18,63.889999,63.419998
NTRA,2022-02-22,62.990002,62.380001
NTRA,2022-02-23,60.759998,60.740002
NTRA,2022-02-24,65.230003,57.188999
NTRA,2022-02-25,66.940002,63.150002
NTRA,2022-02-28,65.75,64.900002
NTRA,2022-03-01,64.360001,63.82
NTRA,2022-03-02,63.139999,61.369999
NTRA,2022-03-03,60.049999,59.25
NTRA,2022-03-04,56.48,56.075001
NTRA,2022-03-07,52.529999,52.450001
NTRA,2022-03-08,54.75,52.200001
NTRA,2022-03-09,36.799999,26.1
NTRA,2022-03-10,42.610001,39.650002
NTRA,2022-03-11,38.98,38.790001
NTRA,2022-03-14,35.889999,34.450001
NTRA,2022-03-15,30.32,28.92
NTRA,2022-03-16,35.02,31.16
NTRA,2022-03-17,37.509998,34.209999
NTRA,2022-03-18,39.630001,37
NTRA,2022-03-21,39.25,38.509998
NTRA,2022-03-22,41.59,39.099998
NTRA,2022-03-23,38.849998,38.810001
NTRA,2022-03-24,40.650002,37.049999
NTRA,2022-03-25,39.700001,39.154999
NTRA,2022-03-28,40.25,38.685001
NTRA,2022-03-29,42.43,40.279999
NTRA,2022-03-30,41.450001,40.919998
NTRA,2022-03-31,40.68,40.5
NTRA,2022-04-01,42.900002,40.669998
NTRA,2022-04-04,44.540001,42.740002
NTRA,2022-04-05,42.799999,42.459999
NTRA,2022-04-06,42.290001,40.5
NTRA,2022-04-07,42.360001,40.275002
NTRA,2022-04-08,42.860001,41.23
NTRA,2022-04-11,40.779999,40.575001
NTRA,2022-04-12,40.02,39.799999
NTRA,2022-04-13,41.650002,39.91
NTRA,2022-04-14,39.52,39.07
NTRA,2022-04-18,37.939999,37.599998
NTRA,2022-04-19,37.41,35.48
NTRA,2022-04-20,38.099998,37.080002
NTRA,2022-04-21,36.650002,36.610001
NTRA,2022-04-22,36.290001,35.549999
NTRA,2022-04-25,39.669998,36.029999
NTRA,2022-04-26,37.41,37.330002
NTRA,2022-04-27,36.220001,35.919998
NTRA,2022-04-28,36.34,33.889999
NTRA,2022-04-29,35.119999,35.040001
NTRA,2022-05-02,37.560001,34.700001
NTRA,2022-05-03,35.950001,35.91
NTRA,2022-05-04,36.810001,33.310001
NTRA,2022-05-05,34.099998,33.279999
NTRA,2022-05-06,36.080002,32.939999
NTRA,2022-05-09,29.790001,29.43
NTRA,2022-05-10,30.01,28.139999
NTRA,2022-05-11,28.129999,27.725
NTRA,2022-05-12,28.91,27.35
NTRA,2022-05-13,34.200001,29.209999
NTRA,2022-05-16,33.919998,33.294998
NTRA,2022-05-17,36.669998,33.84
NTRA,2022-05-18,35.93,35.400002
NTRA,2022-05-19,38.970001,35.610001
NTRA,2022-05-20,39.959999,37.259998
NTRA,2022-05-23,39.049999,37.900002
NTRA,2022-05-24,37.34,36.775002
NTRA,2022-05-25,37.529999,35.075001
NTRA,2022-05-26,39.119999,36.720001
NTRA,2022-05-27,41.189999,39.375
NTRA,2022-05-31,36.689999,36.099998
NTRA,2022-06-01,35.459999,34.619999
NTRA,2022-06-02,38.939999,35.099998
NTRA,2022-06-03,36.98,35.919998
NTRA,2022-06-06,35.77,35.404999
NTRA,2022-06-07,37.150002,35.07
NTRA,2022-06-08,38.869999,37.080002
NTRA,2022-06-09,35.740002,35.639999
NTRA,2022-06-10,34.200001,33.330002
NTRA,2022-06-13,31.690001,31.030001
NTRA,2022-06-14,32.450001,30.459999
NTRA,2022-06-15,33.93,32.77
NTRA,2022-06-16,32.959999,31.889999
NTRA,2022-06-17,33.529999,33.07
NTRA,2022-06-21,33.630001,33.560001
NTRA,2022-06-22,35.5,32.950001
NTRA,2022-06-23,38.849998,35.123001
NTRA,2022-06-24,41.380001,38.209999
NTRA,2022-06-27,39.709999,38.959999
NTRA,2022-06-28,37.720001,37.240002
NTRA,2022-06-29,36.869999,36.18
NTRA,2022-06-30,35.439999,34.810001
NTRA,2022-07-01,36.93,35.139999
NTRA,2022-07-05,38.790001,35.57
NTRA,2022-07-06,37.709999,37.369999
NTRA,2022-07-07,40.330002,37.52
NTRA,2022-07-08,40.48,39.025002
NTRA,2022-07-11,37.59,37.52
NTRA,2022-07-12,38.450001,35.990002
NTRA,2022-07-13,40.369999,36.459999
NTRA,2022-07-14,43.57,39.450001
NTRA,2022-07-15,45.82,43.52
NTRA,2022-07-18,43.580002,43.349998
NTRA,2022-07-19,45.110001,43.82
NTRA,2022-07-20,46.130001,45.279999
NTRA,2022-07-21,46.5,45.799999
NTRA,2022-07-22,44.799999,44.310001
NTRA,2022-07-25,45.240002,43.75
NTRA,2022-07-26,44.889999,44.255001
NTRA,2022-07-27,47.029999,44.52
NTRA,2022-07-28,47.830002,46.209999
NTRA,2022-07-29,47,46.490002
NTRA,2022-08-01,47.759998,45.549999
NTRA,2022-08-02,49.59,47.200001
NTRA,2022-08-03,48.990002,48.299999
NTRA,2022-08-04,50.990002,48.82
NTRA,2022-08-05,51.470001,45.73
NTRA,2022-08-08,52.16,51.055
NTRA,2022-08-09,50.82,50.049999
NTRA,2022-08-10,55.290001,52
NTRA,2022-08-11,53.59,52.73
NTRA,2022-08-12,55.169998,53.490002
NTRA,2022-08-15,56.68,53.869999
NTRA,2022-08-16,55.119999,53.48
NTRA,2022-08-17,52.57,51.509998
NTRA,2022-08-18,52.029999,50.720001
NTRA,2022-08-19,50.369999,49.189999
NTRA,2022-08-22,49.060001,48.584
NTRA,2022-08-23,50.240002,47.805
NTRA,2022-08-24,52.060001,50.209999
NTRA,2022-08-25,52.759998,50.959999
NTRA,2022-08-26,48.540001,48.259998
NTRA,2022-08-29,48.279999,47.009998
NTRA,2022-08-30,47.52,46.860001
NTRA,2022-08-31,49.259998,48.169998
NTRA,2022-09-01,49.049999,46.799999
NTRA,2022-09-02,47.650002,47.040001
NTRA,2022-09-06,47.740002,46.68
NTRA,2022-09-07,50.27,47.860001
NTRA,2022-09-08,51.77,49.259998
NTRA,2022-09-09,52.919998,51.57
NTRA,2022-09-12,53.310001,51.91
NTRA,2022-09-13,50.549999,49.950001
NTRA,2022-09-14,49.380001,48.75
NTRA,2022-09-15,50.689999,49.009998
NTRA,2022-09-16,48.549999,46.818001
NTRA,2022-09-19,48.889999,46.66
NTRA,2022-09-20,48.93,47.619999
NTRA,2022-09-21,48.509998,47.939999
NTRA,2022-09-22,46.169998,45.195
NTRA,2022-09-23,43.639999,43.07
NTRA,2022-09-26,42.549999,42.52
NTRA,2022-09-27,43.119999,42.540001
NTRA,2022-09-28,46.049999,43.349998
NTRA,2022-09-29,44.470001,43.32
NTRA,2022-09-30,43.82,43.720001
NTRA,2022-10-03,44.07,43.040001
NTRA,2022-10-04,47.91,45.5
NTRA,2022-10-05,46.639999,44.93
NTRA,2022-10-06,47.029999,45.650002
NTRA,2022-10-07,42.77,42.689999
NTRA,2022-10-10,40.279999,40.23
NTRA,2022-10-11,40.68,38.09
NTRA,2022-10-12,42.209999,39.970001
NTRA,2022-10-13,42.849998,39.299999
NTRA,2022-10-14,41.509998,41.32
NTRA,2022-10-17,43.41,42.445
NTRA,2022-10-18,43.919998,43.470001
NTRA,2022-10-19,41.540001,41.040001
NTRA,2022-10-20,42.799999,41.259998
NTRA,2022-10-21,43.580002,41.665001
NTRA,2022-10-24,42.669998,41.549999
NTRA,2022-10-25,45.310001,42.759998
NTRA,2022-10-26,46.325001,44.82
NTRA,2022-10-27,46.650002,45.424999
NTRA,2022-10-28,47.66,45.400002
NTRA,2022-10-31,46.959999,46.779999
NTRA,2022-11-01,46.669998,46.389999
NTRA,2022-11-02,45.450001,44.939999
NTRA,2022-11-03,45.040001,43.970001
NTRA,2022-11-04,44.439999,43.610001
NTRA,2022-11-07,42.689999,42.43
NTRA,2022-11-08,42.439999,41.200001
NTRA,2022-11-09,37.07,36.099998
NTRA,2022-11-10,38.130001,35.43
NTRA,2022-11-11,40.439999,37.650002
NTRA,2022-11-14,35.459999,35.355
NTRA,2022-11-15,34.169998,34.001999
NTRA,2022-11-16,36.73,36.200001
NTRA,2022-11-17,35.849998,35.119999
NTRA,2022-11-18,35.619999,35
NTRA,2022-11-21,35.290001,35
NTRA,2022-11-22,35.419998,34.700001
NTRA,2022-11-23,37.23,35.459999
NTRA,2022-11-25,37.580002,36.68
NTRA,2022-11-28,37.509998,36.974998
NTRA,2022-11-29,37.189999,36.580002
NTRA,2022-11-30,41.119999,37.779999
NTRA,2022-12-01,41.25,40.009998
NTRA,2022-12-02,41.84,39.900002
NTRA,2022-12-05,40.389999,40
NTRA,2022-12-06,38.799999,37.860001
NTRA,2022-12-07,38.459999,37.685001
NTRA,2022-12-08,38.759998,37.77
NTRA,2022-12-09,38.139999,38.110001
NTRA,2022-12-12,39.220001,37.389999
NTRA,2022-12-13,40.57,39.43
NTRA,2022-12-14,38.93,37.82
NTRA,2022-12-15,38.139999,37.875
NTRA,2022-12-16,43.32,36.189999
NTRA,2022-12-19,41.040001,40.549999
NTRA,2022-12-20,41.619999,40.860001
NTRA,2022-12-21,41.549999,40.98
NTRA,2022-12-22,42.740002,40.68
NTRA,2022-12-23,41.540001,40.799999
NTRA,2022-12-27,40.32,40.103001
NTRA,2022-12-28,39.84,38.994999
NTRA,2022-12-29,40.630001,39.580002
NTRA,2022-12-30,40.169998,39.119999
NTRA,2023-01-03,38.490002,38.369999
NTRA,2023-01-04,39.880001,38.290001
NTRA,2023-01-05,38.759998,38.009998
NTRA,2023-01-06,36.93,36.849998
NTRA,2023-01-09,36.57,36.400002
NTRA,2023-01-10,37.75,35.02
NTRA,2023-01-11,41.25,37.27
NTRA,2023-01-12,40.75,38.889999
NTRA,2023-01-13,41.82,39.990002
NTRA,2023-01-17,40,39.355
NTRA,2023-01-18,40.98,40.82
NTRA,2023-01-19,39.720001,38.200001
NTRA,2023-01-20,40.91,39.099998
NTRA,2023-01-23,43.23,40.509998
NTRA,2023-01-24,42.939999,42.400002
NTRA,2023-01-25,42,39.48
NTRA,2023-01-26,42.759998,41.290001
NTRA,2023-01-27,43.740002,41.889999
NTRA,2023-01-30,41.98,41.32
NTRA,2023-01-31,42.93,41.759998
NTRA,2023-02-01,43.970001,42.080002
NTRA,2023-02-02,46.549999,44.66
NTRA,2023-02-03,44.790001,44.490002
NTRA,2023-02-06,43.779999,43.32
NTRA,2023-02-07,45.919998,42.84
NTRA,2023-02-08,43.880001,43.689999
NTRA,2023-02-09,44.029999,43.799999
NTRA,2023-02-10,42.77,42.141998
NTRA,2023-02-13,42.700001,41.610001
NTRA,2023-02-14,42.07,40.919998
NTRA,2023-02-15,42.34,41.290001
NTRA,2023-02-16,49.509998,47.25
NTRA,2023-02-17,49.919998,48.695
NTRA,2023-02-21,47.360001,47.18
NTRA,2023-02-22,47.91,46.740002
NTRA,2023-02-23,47.380001,46
NTRA,2023-02-24,47.73,46.169998
NTRA,2023-02-27,47.57,47.095001
NTRA,2023-02-28,48.549999,46.994999
NTRA,2023-03-01,54.279999,48.93
NTRA,2023-03-02,56.470001,52.830002
NTRA,2023-03-03,58.119999,55.882
NTRA,2023-03-06,56.73,56.5
NTRA,2023-03-07,57.25,56
NTRA,2023-03-08,57.73,55.771
NTRA,2023-03-09,57.52,57.189999
NTRA,2023-03-10,54.130001,52.650002
NTRA,2023-03-13,55.18,52.490002
NTRA,2023-03-14,56.43,55.349998
NTRA,2023-03-15,57.040001,55.419998
NTRA,2023-03-16,58.290001,56.634998
NTRA,2023-03-17,56.630001,56.34
NTRA,2023-03-20,56.259998,55.16
NTRA,2023-03-21,56.630001,56
NTRA,2023-03-22,55.68,55.439999
NTRA,2023-03-23,55.700001,55.060001
NTRA,2023-03-24,56.650002,54.32
NTRA,2023-03-27,55.990002,55.540001
NTRA,2023-03-28,54.150002,54.060001
NTRA,2023-03-29,56.900002,54.529999
NTRA,2023-03-30,54.259998,51.755001
NTRA,2023-03-31,55.52,53.900002
NTRA,2023-04-03,54.27,53.099998
NTRA,2023-04-04,53.73,53.41
NTRA,2023-04-05,53,52.740002
NTRA,2023-04-06,51.91,51.57
NTRA,2023-04-10,51.470001,50.759998
NTRA,2023-04-11,51.970001,51.419998
NTRA,2023-04-12,51.169998,50.34
TGLS,2021-10-11,23.520716,23.081434
TGLS,2021-10-12,24.962713,23.396576
TGLS,2021-10-13,24.991356,24.599822
TGLS,2021-10-14,24.905413,24.045947
TGLS,2021-10-15,25.382895,24.867216
TGLS,2021-10-18,25.163254,25.029558
TGLS,2021-10-19,25.000908,24.294236
TGLS,2021-10-20,25.917671,25.067756
TGLS,2021-10-21,25.917671,25.277847
TGLS,2021-10-22,26.099112,25.755325
TGLS,2021-10-25,26.949034,25.898577
TGLS,2021-10-26,27.073177,27.01588
TGLS,2021-10-27,27.015884,26.37606
TGLS,2021-10-28,27.531559,26.872635
TGLS,2021-10-29,27.579308,27.28327
TGLS,2021-11-01,28.496069,27.713
TGLS,2021-11-02,27.493362,26.748491
TGLS,2021-11-03,28.448326,27.225974
TGLS,2021-11-04,28.553368,28.23823
TGLS,2021-11-05,28.219131,27.7512
TGLS,2021-11-08,29.193193,28.266881
TGLS,2021-11-09,29.880766,29.479682
TGLS,2021-11-10,30.663834,29.661122
TGLS,2021-11-11,31.466013,30.797539
TGLS,2021-11-12,30.768887,30.081313
TGLS,2021-11-15,30.778431,30.367797
TGLS,2021-11-16,30.950327,29.126349
TGLS,2021-11-17,31.704742,30.329596
TGLS,2021-11-18,31.036272,30.243653
TGLS,2021-11-19,30.721128,29.985809
TGLS,2021-11-22,31.981676,30.425087
TGLS,2021-11-23,31.914833,30.625636
TGLS,2021-11-24,31.657003,30.463299
TGLS,2021-11-26,29.384184,28.266878
TGLS,2021-11-29,30.138601,29.336433
TGLS,2021-11-30,29.39374,28.448327
TGLS,2021-12-01,28.897158,28.782561
TGLS,2021-12-02,30.85483,28.419675
TGLS,2021-12-03,30.339149,29.661125
TGLS,2021-12-06,29.823467,29.699323
TGLS,2021-12-07,31.34186,30.148157
TGLS,2021-12-08,32.182224,31.103116
TGLS,2021-12-09,20.588985,17.284817
TGLS,2021-12-10,17.829145,17.676352
TGLS,2021-12-13,20.149702,17.953288
TGLS,2021-12-14,21.228806,18.8605
TGLS,2021-12-15,22.136024,19.95871
TGLS,2021-12-16,23.301075,21.964128
TGLS,2021-12-17,23.119633,22.155123
TGLS,2021-12-20,22.833147,21.50575
TGLS,2021-12-21,24.074594,22.985938
TGLS,2021-12-22,25.917671,23.874053
TGLS,2021-12-23,26.03227,25.449743
TGLS,2021-12-27,26.777142,26.070468
TGLS,2021-12-28,25.182354,25.029558
TGLS,2021-12-29,25.306499,24.160544
TGLS,2021-12-30,25.033667,24.727328
TGLS,2021-12-31,25.071955,24.334825
TGLS,2022-01-03,25.119823,25.100677
TGLS,2022-01-04,24.564579,23.741292
TGLS,2022-01-05,23.492393,23.406235
TGLS,2022-01-06,23.951899,22.783979
TGLS,2022-01-07,22.104296,21.769237
TGLS,2022-01-10,22.171303,21.156555
TGLS,2022-01-11,21.797956,20.744915
TGLS,2022-01-12,22.085148,21.797956
TGLS,2022-01-13,21.3193,21.185275
TGLS,2022-01-14,21.290581,20.821499
TGLS,2022-01-18,20.448151,19.739741
TGLS,2022-01-19,18.926023,18.705843
TGLS,2022-01-20,19.174927,18.868586
TGLS,2022-01-21,18.504808,18.322919
TGLS,2022-01-24,19.433401,17.269881
TGLS,2022-01-25,19.42383,18.399506
TGLS,2022-01-26,19.385536,19.031331
TGLS,2022-01-27,19.088764,18.85901
TGLS,2022-01-28,18.887733,17.76768
TGLS,2022-01-31,19.720596,18.533532
TGLS,2022-02-01,20.381144,19.38554
TGLS,2022-02-02,19.711023,19.442976
TGLS,2022-02-03,19.251511,19.060048
TGLS,2022-02-04,19.42383,18.926028
TGLS,2022-02-07,19.816322,19.146204
TGLS,2022-02-08,20.093945,19.174927
TGLS,2022-02-09,20.553453,20.160956
TGLS,2022-02-10,20.60132,19.883337
TGLS,2022-02-11,19.787598,19.586562
TGLS,2022-02-14,19.375961,18.868586
TGLS,2022-02-15,21.194849,19.701445
TGLS,2022-02-16,21.242716,20.697049
TGLS,2022-02-17,20.151381,19.768457
TGLS,2022-02-18,19.471691,19.37596
TGLS,2022-02-22,19.098345,18.00701
TGLS,2022-02-23,17.53793,17.442198
TGLS,2022-02-24,18.657978,16.274276
TGLS,2022-02-25,19.615292,18.399507
TGLS,2022-02-28,19.653584,18.993039
TGLS,2022-03-01,19.088764,18.906875
TGLS,2022-03-02,20.314125,19.165354
TGLS,2022-03-03,21.041679,20.677902
TGLS,2022-03-04,20.888508,20.007782
TGLS,2022-03-07,19.912052,19.739738
TGLS,2022-03-08,20.476868,18.801575
TGLS,2022-03-09,22.592527,20.677906
TGLS,2022-03-10,22.851,21.730947
TGLS,2022-03-11,22.898863,21.635214
TGLS,2022-03-14,22.602095,22.152158
TGLS,2022-03-15,22.630816,21.845821
TGLS,2022-03-16,23.434958,22.64039
TGLS,2022-03-17,24.334829,23.348799
TGLS,2022-03-18,24.77519,24.057208
TGLS,2022-03-21,24.803909,24.487997
TGLS,2022-03-22,24.526287,24.296531
TGLS,2022-03-23,24.746471,24.085927
TGLS,2022-03-24,25.416586,24.679458
TGLS,2022-03-25,25.091105,24.641169
TGLS,2022-03-28,26.057985,24.985799
TGLS,2022-03-29,27.292917,25.780367
TGLS,2022-03-30,24.879778,24.678282
TGLS,2022-03-31,24.217722,24.188936
TGLS,2022-04-01,24.649502,23.728383
TGLS,2022-04-04,24.352053,24.284888
TGLS,2022-04-05,23.757166,23.670811
TGLS,2022-04-06,23.018353,22.365894
TGLS,2022-04-07,22.730507,22.413873
TGLS,2022-04-08,21.68465,21.655865
TGLS,2022-04-11,21.617485,21.214496
TGLS,2022-04-12,21.761414,21.655868
TGLS,2022-04-13,22.797668,21.761411
TGLS,2022-04-14,22.519419,22.40428
TGLS,2022-04-18,22.701719,22.289135
TGLS,2022-04-19,23.027948,22.596174
TGLS,2022-04-20,24.131369,23.075921
TGLS,2022-04-21,22.548197,22.212372
TGLS,2022-04-22,21.118542,20.955427
TGLS,2022-04-25,23.421345,20.005533
TGLS,2022-04-26,21.771006,21.64627
TGLS,2022-04-27,22.135614,21.684651
TGLS,2022-04-28,22.241161,21.415993
TGLS,2022-04-29,21.425587,21.368017
TGLS,2022-05-02,22.471437,21.118546
TGLS,2022-05-03,23.334986,21.444776
TGLS,2022-05-04,22.62496,21.272068
TGLS,2022-05-05,22.097237,21.262473
TGLS,2022-05-06,21.502348,21.272069
TGLS,2022-05-09,19.362663,18.863724
TGLS,2022-05-10,18.892515,18.556691
TGLS,2022-05-11,17.856258,17.635572
TGLS,2022-05-12,19.170767,17.424481
TGLS,2022-05-13,19.602543,19.324288
TGLS,2022-05-16,19.986338,19.535374
TGLS,2022-05-17,21.108953,20.130265
TGLS,2022-05-18,20.168644,20.005529
TGLS,2022-05-19,19.957556,19.756062
TGLS,2022-05-20,19.343475,18.988462
TGLS,2022-05-23,19.353071,19.007651
TGLS,2022-05-24,18.336004,17.980989
TGLS,2022-05-25,18.748589,18.038559
TGLS,2022-05-26,19.794436,19.074812
TGLS,2022-05-27,21.185715,19.669708
TGLS,2022-05-31,20.59082,20.59082
TGLS,2022-06-01,20.696369,20.101482
TGLS,2022-06-02,21.224094,20.610014
TGLS,2022-06-03,20.955431,20.773126
TGLS,2022-06-06,21.454372,20.859483
TGLS,2022-06-07,20.878675,20.830699
TGLS,2022-06-08,20.341354,20.293378
TGLS,2022-06-09,20.254999,20.015125
TGLS,2022-06-10,18.422358,18.316812
TGLS,2022-06-13,16.98311,16.743236
TGLS,2022-06-14,17.184605,16.810401
TGLS,2022-06-15,18.182489,17.347725
TGLS,2022-06-16,16.32106,16.109971
TGLS,2022-06-17,16.714453,16.474578
TGLS,2022-06-21,15.99483,15.678196
TGLS,2022-06-22,16.052399,15.39994
TGLS,2022-06-23,17.155819,16.196321
TGLS,2022-06-24,16.810404,16.570529
TGLS,2022-06-27,17.453262,16.839183
TGLS,2022-06-28,17.002302,16.858378
TGLS,2022-06-29,16.756729,16.015195
TGLS,2022-06-30,16.901186,15.861113
TGLS,2022-07-01,16.901186,16.593016
TGLS,2022-07-05,17.430853,16.371519
TGLS,2022-07-06,16.775991,16.564125
TGLS,2022-07-07,17.09379,16.853032
TGLS,2022-07-08,17.45974,16.775989
TGLS,2022-07-11,16.997488,16.949337
TGLS,2022-07-12,17.536787,16.98786
TGLS,2022-07-13,17.77754,16.939705
TGLS,2022-07-14,17.527157,16.766362
TGLS,2022-07-15,17.902737,17.228615
TGLS,2022-07-18,18.201275,17.970148
TGLS,2022-07-19,18.971704,18.519079
TGLS,2022-07-20,19.443584,18.702051
TGLS,2022-07-21,19.626564,19.125789
TGLS,2022-07-22,19.703602,19.462844
TGLS,2022-07-25,19.828796,19.597669
TGLS,2022-07-26,19.674711,19.549516
TGLS,2022-07-27,20.214008,19.780646
TGLS,2022-07-28,21.109627,20.223639
TGLS,2022-07-29,21.581512,20.685894
TGLS,2022-08-01,21.465948,21.24445
TGLS,2022-08-02,21.47558,21.177041
TGLS,2022-08-03,22.140072,21.302236
TGLS,2022-08-04,22.024509,21.860794
TGLS,2022-08-05,23.170517,21.764493
TGLS,2022-08-08,24.28763,23.488315
TGLS,2022-08-09,24.123911,23.652026
TGLS,2022-08-10,24.720989,24.277994
TGLS,2022-08-11,24.518753,24.40319
TGLS,2022-08-12,24.634319,24.557277
TGLS,2022-08-15,24.45134,23.921674
TGLS,2022-08-16,24.634319,24.412823
TGLS,2022-08-17,24.942488,23.950568
TGLS,2022-08-18,24.653576,24.509122
TGLS,2022-08-19,24.547647,23.825375
TGLS,2022-08-22,23.69055,23.632769
TGLS,2022-08-23,24.046867,23.642395
TGLS,2022-08-24,23.786852,23.786852
TGLS,2022-08-25,23.420895,23.199398
TGLS,2022-08-26,22.226742,22.072657
TGLS,2022-08-29,21.716333,21.523728
TGLS,2022-08-30,21.8319,21.331123
TGLS,2022-08-31,20.974802,20.94591
TGLS,2022-09-01,20.878502,20.16586
TGLS,2022-09-02,21.47558,20.994065
TGLS,2022-09-06,21.138521,20.820721
TGLS,2022-09-07,21.745222,21.099992
TGLS,2022-09-08,21.514101,21.369647
TGLS,2022-09-09,22.679365,21.793377
TGLS,2022-09-12,22.409719,22.313416
TGLS,2022-09-13,22.091915,21.263709
TGLS,2022-09-14,20.560701,20.454767
TGLS,2022-09-15,21.128893,20.300686
TGLS,2022-09-16,20.300682,19.91547
TGLS,2022-09-19,20.483658,20.088816
TGLS,2022-09-20,20.57996,20.069553
TGLS,2022-09-21,20.80146,20.734048
TGLS,2022-09-22,19.934732,19.84806
TGLS,2022-09-23,18.586489,18.066453
TGLS,2022-09-26,18.807983,18.259055
TGLS,2022-09-27,19.193197,18.99096
TGLS,2022-09-28,20.22364,19.000591
TGLS,2022-09-29,20.247803,19.503611
TGLS,2022-09-30,20.286461,20.04484
TGLS,2022-10-03,20.769703,20.518417
TGLS,2022-10-04,22.142107,21.214285
TGLS,2022-10-05,21.581549,20.972666
TGLS,2022-10-06,21.446241,21.436576
TGLS,2022-10-07,20.818026,20.721377
TGLS,2022-10-10,20.68272,20.576408
TGLS,2022-10-11,20.702049,20.479759
TGLS,2022-10-12,19.948191,19.948191
TGLS,2022-10-13,20.228474,19.223331
TGLS,2022-10-14,18.962383,18.962383
TGLS,2022-10-17,19.938526,19.474615
TGLS,2022-10-18,20.296125,20.02551
TGLS,2022-10-19,19.658247,19.513275
TGLS,2022-10-20,19.329645,18.904392
TGLS,2022-10-21,20.199482,19.426297
TGLS,2022-10-24,19.890202,19.735565
TGLS,2022-10-25,20.421766,20.025509
TGLS,2022-10-26,20.083502,19.957858
TGLS,2022-10-27,19.580931,19.580931
TGLS,2022-10-28,20.015844,19.329643
TGLS,2022-10-31,19.841877,19.62925
TGLS,2022-11-01,20.11249,19.716232
TGLS,2022-11-02,19.232994,19.232994
TGLS,2022-11-03,22.837971,21.368919
TGLS,2022-11-04,23.060268,23.002278
TGLS,2022-11-07,22.963617,22.905629
TGLS,2022-11-08,24.31669,22.982946
TGLS,2022-11-09,23.97842,23.891437
TGLS,2022-11-10,23.843113,23.524174
TGLS,2022-11-11,23.659483,23.649818
TGLS,2022-11-14,23.466187,22.95395
TGLS,2022-11-15,23.785126,23.765796
TGLS,2022-11-16,26.085358,24.10407
TGLS,2022-11-17,27.264465,25.515133
TGLS,2022-11-18,28.965473,27.863684
TGLS,2022-11-21,27.738043,27.448097
TGLS,2022-11-22,29.545359,27.554406
TGLS,2022-11-23,27.767035,27.506084
TGLS,2022-11-25,28.298594,27.544737
TGLS,2022-11-28,27.235468,26.916529
TGLS,2022-11-29,27.341784,25.65044
TGLS,2022-11-30,28.027983,26.955187
TGLS,2022-12-01,29.352064,27.844351
TGLS,2022-12-02,30.482847,29.004129
TGLS,2022-12-05,29.487371,29.168432
TGLS,2022-12-06,29.439047,28.965471
TGLS,2022-12-07,28.675529,28.559551
TGLS,2022-12-08,29.448708,28.820495
TGLS,2022-12-09,28.772177,28.57888
TGLS,2022-12-12,28.897816,27.979659
TGLS,2022-12-13,30.0576,28.975139
TGLS,2022-12-14,30.927431,29.680668
TGLS,2022-12-15,28.404909,28.12463
TGLS,2022-12-16,30.279888,28.027985
TGLS,2022-12-19,28.830168,28.714189
TGLS,2022-12-20,29.139435,27.061499
TGLS,2022-12-21,29.603348,29.158767
TGLS,2022-12-22,28.772177,28.221282
TGLS,2022-12-23,29.178099,28.801169
TGLS,2022-12-27,29.999609,28.8205
TGLS,2022-12-28,28.772177,28.752847
TGLS,2022-12-29,29.813765,29.183965
TGLS,2022-12-30,29.813765,29.077383
TGLS,2023-01-03,30.201342,30.094759
TGLS,2023-01-04,30.28854,29.871903
TGLS,2023-01-05,29.03863,28.961116
TGLS,2023-01-06,30.249784,29.125834
TGLS,2023-01-09,29.833145,29.329305
TGLS,2023-01-10,29.697496,29.65874
TGLS,2023-01-11,30.40481,29.329306
TGLS,2023-01-12,30.99585,30.521078
PCT,2021-03-08,21.16,20.799999
PCT,2021-03-09,22.9,21.32
PCT,2021-03-10,24.33,22.709999
PCT,2021-03-11,27.870001,25.25
PCT,2021-03-12,26.35,25.52
PCT,2021-03-15,25.700001,25.135
PCT,2021-03-16,25.75,24.299999
PCT,2021-03-17,28.9,25.950001
PCT,2021-03-18,32.689999,31.1
PCT,2021-03-19,32.32,31
PCT,2021-03-22,32.209999,28.9
PCT,2021-03-23,32.650002,29.371
PCT,2021-03-24,32.07,30.16
PCT,2021-03-25,29.290001,26.9
PCT,2021-03-26,27.76,26.431
PCT,2021-03-29,24.969999,24.65
PCT,2021-03-30,23.620001,22.870001
PCT,2021-03-31,25.5,23.76
PCT,2021-04-01,25.23,23.780001
PCT,2021-04-05,25.73,24.299999
PCT,2021-04-06,25.67,24.799999
PCT,2021-04-07,26.23,25.709999
PCT,2021-04-08,27.1,26.360001
PCT,2021-04-09,27.82,27.097
PCT,2021-04-12,27.99,27.52
PCT,2021-04-13,28.57,27.559999
PCT,2021-04-14,29.02,28.77
PCT,2021-04-15,28.15,27.6
PCT,2021-04-16,25.98,25.879999
PCT,2021-04-19,23.59,23.049999
PCT,2021-04-20,23.15,22.43
PCT,2021-04-21,24.6,22.879999
PCT,2021-04-22,25.879999,24.200001
PCT,2021-04-23,26.43,25.620001
PCT,2021-04-26,27.34,26.277
PCT,2021-04-27,27.34,25.25
PCT,2021-04-28,27.18,26.67
PCT,2021-04-29,26.540001,26.24
PCT,2021-04-30,25.82,25.280001
PCT,2021-05-03,26.200001,25.719999
PCT,2021-05-04,26.01,24.76
PCT,2021-05-05,24.59,24.49
PCT,2021-05-06,14.83,13.55
PCT,2021-05-07,15.18,13.97
PCT,2021-05-10,12.63,12.351
PCT,2021-05-11,13.45,11.43
PCT,2021-05-12,12.59,12.26
PCT,2021-05-13,10.82,10.06
PCT,2021-05-14,12.43,10.7
PCT,2021-05-17,13.86,11.29
PCT,2021-05-18,13.39,13.14
PCT,2021-05-19,14.68,12.501
PCT,2021-05-20,15.85,14.71
PCT,2021-05-21,17.74,15.56
PCT,2021-05-24,16.42,16.15
PCT,2021-05-25,16.01,15.588
PCT,2021-05-26,16.83,16.01
PCT,2021-05-27,17.459999,16.690001
PCT,2021-05-28,17.42,16.93
PCT,2021-06-01,17.610001,16.969999
PCT,2021-06-02,19.690001,18
PCT,2021-06-03,18.940001,18.5
PCT,2021-06-04,20.07,18.65
PCT,2021-06-07,20.93,20.129999
PCT,2021-06-08,22.469999,21.066
PCT,2021-06-09,19.790001,19.629999
PCT,2021-06-10,19.1,18.801001
PCT,2021-06-11,19.65,18.643
PCT,2021-06-14,18.610001,18.559999
PCT,2021-06-15,19.030001,17.85
PCT,2021-06-16,20.549999,19.173
PCT,2021-06-17,22.41,20.200001
PCT,2021-06-18,22.4,21.51
PCT,2021-06-21,22.67,21.540001
PCT,2021-06-22,23.290001,21.309999
PCT,2021-06-23,25.139999,23.200001
PCT,2021-06-24,25.57,24.120001
PCT,2021-06-25,24.18,23.879999
PCT,2021-06-28,23.51,22.870001
PCT,2021-06-29,22.74,22.5
PCT,2021-06-30,23.65,22.639999
PCT,2021-07-01,24.48,23.02
PCT,2021-07-02,22.68,22.120001
PCT,2021-07-06,19.860001,19.709999
PCT,2021-07-07,19.33,18.275
PCT,2021-07-08,19.34,18.49
PCT,2021-07-09,20.219999,19.5
PCT,2021-07-12,19.309999,18.530001
PCT,2021-07-13,19.01,18.280001
PCT,2021-07-14,17.15,16.469999
PCT,2021-07-15,16.5,16.139999
PCT,2021-07-16,15.84,15.82
PCT,2021-07-19,16.42,14.91
PCT,2021-07-20,16.799999,15.85
PCT,2021-07-21,16.74,16.68
PCT,2021-07-22,15.71,15.55
PCT,2021-07-23,15.03,14.65
PCT,2021-07-26,15.49,14.6
PCT,2021-07-27,15.02,14.25
PCT,2021-07-28,16.110001,15.02
PCT,2021-07-29,15.73,15.23
PCT,2021-07-30,14.81,14.13
PCT,2021-08-02,14.48,14.09
PCT,2021-08-03,14.79,13.88
PCT,2021-08-04,14.49,14.02
PCT,2021-08-05,15.81,14.26
PCT,2021-08-06,16.07,15.7
PCT,2021-08-09,16.58,15.8
PCT,2021-08-10,15.83,15.34
PCT,2021-08-11,14.26,14.055
PCT,2021-08-12,15.94,15.4
PCT,2021-08-13,14.42,14.34
PCT,2021-08-16,13.25,13
PCT,2021-08-17,12.61,12.42
PCT,2021-08-18,11.64,11.51
PCT,2021-08-19,10.9,10.85
PCT,2021-08-20,11.98,10.86
PCT,2021-08-23,12.49,11.917
PCT,2021-08-24,12.14,11.92
PCT,2021-08-25,12.97,11.79
PCT,2021-08-26,13.48,13.14
PCT,2021-08-27,14.85,13.43
PCT,2021-08-30,13.95,13.88
PCT,2021-08-31,14.71,13.9
PCT,2021-09-01,15.46,14.56
PCT,2021-09-02,14.65,14.25
PCT,2021-09-03,14.51,14.34
PCT,2021-09-07,14.11,14.07
PCT,2021-09-08,13.27,13.23
PCT,2021-09-09,13.16,12.945
PCT,2021-09-10,12.52,12.46
PCT,2021-09-13,12.9,12.35
PCT,2021-09-14,12.92,12.42
PCT,2021-09-15,12.75,12.3
PCT,2021-09-16,13.2,12.38
PCT,2021-09-17,12.92,12.605
PCT,2021-09-20,12.66,12.25
PCT,2021-09-21,12.76,12.68
PCT,2021-09-22,12.99,12.725
PCT,2021-09-23,14.66,13.655
PCT,2021-09-24,14.09,13.75
PCT,2021-09-27,14.69,14.1
PCT,2021-09-28,13.98,13.66
PCT,2021-09-29,13.84,13.4
PCT,2021-09-30,13.28,12.934
PCT,2021-10-01,12.79,12.71
PCT,2021-10-04,12.06,11.5
PCT,2021-10-05,12.39,12.01
PCT,2021-10-06,12.67,11.99
PCT,2021-10-07,13.83,12.71
PCT,2021-10-08,14.16,13.67
PCT,2021-10-11,14.46,13.591
PCT,2021-10-12,14.32,13.951
PCT,2021-10-13,14.2,13.59
PCT,2021-10-14,13.69,13.46
PCT,2021-10-15,13.93,13.65
PCT,2021-10-18,13.72,13.53
PCT,2021-10-19,13.79,13.55
PCT,2021-10-20,14.12,13.13
PCT,2021-10-21,14.85,13.85
PCT,2021-10-22,14.54,14.28
PCT,2021-10-25,14.76,14.22
PCT,2021-10-26,13.52,13.42
PCT,2021-10-27,13,12.72
PCT,2021-10-28,13.47,12.66
PCT,2021-10-29,13.39,13.213
PCT,2021-11-01,13.8,13.29
PCT,2021-11-02,13.19,12.92
PCT,2021-11-03,13.29,12.965
PCT,2021-11-04,13.07,12.78
PCT,2021-11-05,12.8,12.76
PCT,2021-11-08,13.09,12.91
PCT,2021-11-09,12.22,12.11
PCT,2021-11-10,11.5,11.36
PCT,2021-11-11,9.79,8.7749996
PCT,2021-11-12,9.5100002,9.3000002
PCT,2021-11-15,10.86,9.5500002
PCT,2021-11-16,12.07,11.04
PCT,2021-11-17,13.12,12.51
PCT,2021-11-18,12.95,12.73
PCT,2021-11-19,12.55,12.1
PCT,2021-11-22,13.66,12.93
PCT,2021-11-23,12.33,12.2
PCT,2021-11-24,12.48,12.16
PCT,2021-11-26,12.16,11.66
PCT,2021-11-29,12.35,12.05
PCT,2021-11-30,12.3,11.37
PCT,2021-12-01,11.67,11.66
PCT,2021-12-02,11.37,11.235
PCT,2021-12-03,10.63,10.27
PCT,2021-12-06,10.52,9.8800001
PCT,2021-12-07,11.5,10.9
PCT,2021-12-08,11.53,11.11
PCT,2021-12-09,11.34,11.2
PCT,2021-12-10,11.09,11.02
PCT,2021-12-13,10.46,10.45
PCT,2021-12-14,9.9700003,9.8999996
PCT,2021-12-15,10.28,9.6400003
PCT,2021-12-16,10.09,9.9700003
PCT,2021-12-17,9.5799999,9.1999998
PCT,2021-12-20,8.79,8.7799997
PCT,2021-12-21,9.2299995,8.7110004
PCT,2021-12-22,9.7600002,9.1700001
PCT,2021-12-23,10.16,9.5
PCT,2021-12-27,9.5600004,9.3800001
PCT,2021-12-28,9.1999998,8.9399996
PCT,2021-12-29,9.1099997,8.9399996
PCT,2021-12-30,9.6499996,9.0200005
PCT,2021-12-31,9.5699997,9.25
PCT,2022-01-03,10.22,9.5500002
PCT,2022-01-04,9.8800001,9.7299995
PCT,2022-01-05,9.1000004,8.9899998
PCT,2022-01-06,8.8199997,8.6400003
PCT,2022-01-07,8.6499996,8.6000004
PCT,2022-01-10,8.5699997,8.0100002
PCT,2022-01-11,8.6800003,8.3900003
PCT,2022-01-12,8.7799997,8.54
PCT,2022-01-13,8.1300001,8.0699997
PCT,2022-01-14,7.9200001,7.8000002
PCT,2022-01-18,7.3600001,7.3099999
PCT,2022-01-19,7.1700001,7.0100002
PCT,2022-01-20,6.8899999,6.8899999
PCT,2022-01-21,6.1500001,6.0999999
PCT,2022-01-24,6.27,5.5300002
PCT,2022-01-25,5.8600001,5.71
PCT,2022-01-26,5.5900002,5.4949999
PCT,2022-01-27,5.1999998,5.0799999
PCT,2022-01-28,5.3899999,4.9400001
PCT,2022-01-31,5.9499998,5.3899999
PCT,2022-02-01,6.1500001,5.75
PCT,2022-02-02,5.9200001,5.6100001
PCT,2022-02-03,5.3600001,5.3200002
PCT,2022-02-04,5.8299999,5.3200002
PCT,2022-02-07,5.71,5.6700001
PCT,2022-02-08,5.5799999,5.4499998
PCT,2022-02-09,5.9200001,5.48
PCT,2022-02-10,5.7199998,5.6399999
PCT,2022-02-11,5.3899999,5.3400002
PCT,2022-02-14,5.4099998,5.3299999
PCT,2022-02-15,6.1199999,5.5
PCT,2022-02-16,5.96,5.77
PCT,2022-02-17,6.1799998,5.73
PCT,2022-02-18,6.04,5.9499998
PCT,2022-02-22,5.8899999,5.7800002
PCT,2022-02-23,5.5100002,5.4400001
PCT,2022-02-24,6.04,5.23
PCT,2022-02-25,6.2600002,5.8099999
PCT,2022-02-28,6.96,6.2399998
PCT,2022-03-01,7.2399998,6.54
PCT,2022-03-02,7.0700002,6.9200001
PCT,2022-03-03,7.1399999,6.8299999
PCT,2022-03-04,6.9000001,6.7399998
PCT,2022-03-07,7.1500001,6.895
PCT,2022-03-08,7.7600002,7.0100002
PCT,2022-03-09,8.4700003,7.927
PCT,2022-03-10,9.6099997,8.0600004
PCT,2022-03-11,9.1899996,9.0699997
PCT,2022-03-14,8.4099998,8.3299999
PCT,2022-03-15,8.8299999,8.1899996
PCT,2022-03-16,9.8599997,8.9899998
PCT,2022-03-17,10.05,9.6599998
PCT,2022-03-18,9.4300003,9.3500004
PCT,2022-03-21,8.7299995,8.5799999
PCT,2022-03-22,8.5799999,8.4799995
PCT,2022-03-23,7.7199998,7.6100001
PCT,2022-03-24,8,7.3400002
PCT,2022-03-25,7.5799999,7.4400001
PCT,2022-03-28,7.4899998,7.3600001
PCT,2022-03-29,8.6099997,7.5500002
PCT,2022-03-30,8.3599997,8.2299995
PCT,2022-03-31,8,7.9699998
PCT,2022-04-01,8,7.8699999
PCT,2022-04-04,8.79,8.0299997
PCT,2022-04-05,8.3000002,8.1700001
PCT,2022-04-06,8.0900002,7.8600001
PCT,2022-04-07,8.0299997,7.7199998
PCT,2022-04-08,7.3600001,7.3299999
PCT,2022-04-11,7.5999999,7.1599998
PCT,2022-04-12,8,7.6599998
PCT,2022-04-13,8.3199997,7.8000002
PCT,2022-04-14,8.54,8.2700005
PCT,2022-04-18,8.8199997,8.3620005
PCT,2022-04-19,9.0100002,8.5799999
PCT,2022-04-20,8.6700001,8.4099998
PCT,2022-04-21,8.5699997,8.3500004
PCT,2022-04-22,8.04,7.8699999
PCT,2022-04-25,8.4300003,7.8499999
PCT,2022-04-26,8.2299995,8.0799999
PCT,2022-04-27,7.9000001,7.71
PCT,2022-04-28,7.8499999,7.52
PCT,2022-04-29,7.8000002,7.6290002
PCT,2022-05-02,7.6799998,7.4400001
PCT,2022-05-03,8.1199999,7.6100001
PCT,2022-05-04,8.3800001,7.77
PCT,2022-05-05,8.3199997,8.0699997
PCT,2022-05-06,8.3100004,7.8800001
PCT,2022-05-09,7.5900002,7.4000001
PCT,2022-05-10,6.8000002,6.79
PCT,2022-05-11,6.3099999,6.0840001
PCT,2022-05-12,7.21,6.1199999
PCT,2022-05-13,8.2200003,7.1300001
PCT,2022-05-16,8.25,8
PCT,2022-05-17,8.6400003,8.2799997
PCT,2022-05-18,9.2200003,8.3620005
PCT,2022-05-19,9.54,8.9200001
PCT,2022-05-20,9.5100002,9.1400003
PCT,2022-05-23,9.8500004,9.1199999
PCT,2022-05-24,8.9300003,8.75
PCT,2022-05-25,9.3299999,8.6750002
PCT,2022-05-26,9.3900003,9.3100004
PCT,2022-05-27,9.3000002,9.1850004
PCT,2022-05-31,8.54,8.3800001
PCT,2022-06-01,8.6599998,8.3400002
PCT,2022-06-02,9.6599998,8.6999998
PCT,2022-06-03,9.6300001,9.2700005
PCT,2022-06-06,9.0100002,8.8400002
PCT,2022-06-07,9.3699999,8.6499996
PCT,2022-06-08,9.3599997,9.0679998
PCT,2022-06-09,8.9700003,8.9200001
EBON,2021-02-05,174.89999,170.10001
EBON,2021-02-08,186.60001,178.5
EBON,2021-02-09,189.89999,180.89999
EBON,2021-02-10,177.3,166.8
EBON,2021-02-11,162.60001,156
EBON,2021-02-12,200.7,168.60001
EBON,2021-02-16,236.39999,210.60001
EBON,2021-02-17,314.39999,236.7
EBON,2021-02-18,338.70001,291
EBON,2021-02-19,331.79999,323.10001
EBON,2021-02-22,252.3,238.8
EBON,2021-02-23,201,174
EBON,2021-02-24,220.8,215.39999
EBON,2021-02-25,223.8,212.10001
EBON,2021-02-26,207,203.39999
EBON,2021-03-01,239.39999,216
EBON,2021-03-02,216.89999,213.3
EBON,2021-03-03,214.5,207.89999
EBON,2021-03-04,176.7,162.60001
EBON,2021-03-05,184.8,144.89999
EBON,2021-03-08,168.60001,162.60001
EBON,2021-03-09,212.7,180.3
EBON,2021-03-10,206.39999,199.5
EBON,2021-03-11,230.7,207.60001
EBON,2021-03-12,312,214.5
EBON,2021-03-15,338.70001,324
EBON,2021-03-16,313.5,291.60001
EBON,2021-03-17,353.39999,291.89999
EBON,2021-03-18,315.89999,310.79999
EBON,2021-03-19,318,315
EBON,2021-03-22,274.20001,273
EBON,2021-03-23,265.20001,258.29999
EBON,2021-03-24,232.8,230.7
EBON,2021-03-25,232.2,200.52
EBON,2021-03-26,234,220.8
EBON,2021-03-29,216,214.05
EBON,2021-03-30,237,208.5
EBON,2021-03-31,238.5,223.8
EBON,2021-04-01,210.89999,201
EBON,2021-04-05,190.5,187.5
EBON,2021-04-06,165.89999,148.5
EBON,2021-04-07,162.3,160.2
EBON,2021-04-08,150.89999,147.89999
EBON,2021-04-09,152.25,150.3
EBON,2021-04-12,143.10001,131.39999
EBON,2021-04-13,152.10001,139.5
EBON,2021-04-14,140.10001,139.5
EBON,2021-04-15,126.6,121.8
EBON,2021-04-16,144.60001,125.4
EBON,2021-04-19,129.89999,122.7
EBON,2021-04-20,124.8,118.5
EBON,2021-04-21,128.39999,117.6
EBON,2021-04-22,127.5,124.5
EBON,2021-04-23,125.7,120.3
EBON,2021-04-26,130.8,124.8
EBON,2021-04-27,134.7,129
EBON,2021-04-28,132.89999,128.10001
EBON,2021-04-29,123.9,121.8
EBON,2021-04-30,122.7,120.9
EBON,2021-05-03,114.6,110.4
EBON,2021-05-04,109.5,105
EBON,2021-05-05,112.8,108
EBON,2021-05-06,99.300003,96.599998
EBON,2021-05-07,103.5,99.599998
EBON,2021-05-10,92.099998,91.800003
EBON,2021-05-11,90.300003,77.699997
EBON,2021-05-12,86.699997,86.099998
EBON,2021-05-13,72.300003,71.099998
EBON,2021-05-14,82.5,74.099998
EBON,2021-05-17,90.300003,77.699997
EBON,2021-05-18,95.400002,85.5
EBON,2021-05-19,86.099998,82.5
EBON,2021-05-20,85.800003,82.949997
EBON,2021-05-21,79.199997,78.900002
EBON,2021-05-24,77.099998,73.199997
EBON,2021-05-25,79.5,74.400002
EBON,2021-05-26,89.699997,78.599998
EBON,2021-05-27,92.400002,87.900002
EBON,2021-05-28,86.699997,86.099998
EBON,2021-06-01,102.3,86.639999
EBON,2021-06-02,99.599998,96.300003
EBON,2021-06-03,104.4,96.599998
EBON,2021-06-04,100.2,98.160004
EBON,2021-06-07,99.300003,96.300003
EBON,2021-06-08,102,96.300003
EBON,2021-06-09,107.1,103.5
EBON,2021-06-10,101.7,100.5
EBON,2021-06-11,102,100.05
EBON,2021-06-14,112.5,104.1
EBON,2021-06-15,111.3,108.9
EBON,2021-06-16,111.6,107.7
EBON,2021-06-17,111.6,109.2
EBON,2021-06-18,109.8,106.8
EBON,2021-06-21,100.5,96.900002
EBON,2021-06-22,92.400002,87.599998
EBON,2021-06-23,93,93
EBON,2021-06-24,94.5,92.400002
EBON,2021-06-25,92.699997,91.800003
EBON,2021-06-28,97.5,93.300003
EBON,2021-06-29,95.400002,94.800003
EBON,2021-06-30,92.400002,92.400002
EBON,2021-07-01,90,89.699997
EBON,2021-07-02,86.099998,85.199997
EBON,2021-07-06,86.400002,84.629997
EBON,2021-07-07,83.099998,81.300003
EBON,2021-07-08,78.599998,77.160004
EBON,2021-07-09,78.599998,77.699997
EBON,2021-07-12,77.699997,76.5
EBON,2021-07-13,73.199997,72.300003
EBON,2021-07-14,70.800003,70.5
EBON,2021-07-15,69.900002,66.300003
EBON,2021-07-16,65.099998,64.800003
EBON,2021-07-19,63.900002,58.5
EBON,2021-07-20,67.800003,60
EBON,2021-07-21,69.900002,68.699997
EBON,2021-07-22,65.099998,65.099998
EBON,2021-07-23,64.5,62.700001
EBON,2021-07-26,74.699997,67.199997
EBON,2021-07-27,64.199997,62.400002
EBON,2021-07-28,70.5,66.300003
EBON,2021-07-29,65.400002,65.099998
EBON,2021-07-30,66.300003,64.5
EBON,2021-08-02,69,66.089996
EBON,2021-08-03,66.599998,65.099998
EBON,2021-08-04,67.5,66.900002
EBON,2021-08-05,72.599998,65.400002
EBON,2021-08-06,77.099998,70.800003
EBON,2021-08-09,84.599998,81.449997
EBON,2021-08-10,79.800003,78
EBON,2021-08-11,81.300003,78.900002
EBON,2021-08-12,75.900002,73.800003
EBON,2021-08-13,73.5,73.199997
EBON,2021-08-16,68.400002,68.400002
EBON,2021-08-17,65.699997,63.900002
EBON,2021-08-18,68.099998,63.900002
EBON,2021-08-19,65.099998,64.5
EBON,2021-08-20,67.199997,66
EBON,2021-08-23,72.599998,69
EBON,2021-08-24,75.599998,71.400002
EBON,2021-08-25,74.400002,72.300003
EBON,2021-08-26,71.699997,71.099998
EBON,2021-08-27,75.900002,72
EBON,2021-08-30,75.599998,72.599998
EBON,2021-08-31,76.800003,75
EBON,2021-09-01,80.099998,74.400002
EBON,2021-09-02,81.900002,81.599998
EBON,2021-09-03,81.900002,81.599998
EBON,2021-09-07,75.599998,75.300003
EBON,2021-09-08,72,70.199997
EBON,2021-09-09,72.599998,71.400002
EBON,2021-09-10,71.400002,71.25
EBON,2021-09-13,69.900002,69.300003
EBON,2021-09-14,69.300003,68.099998
EBON,2021-09-15,71.099998,67.800003
EBON,2021-09-16,68.699997,65.550003
EBON,2021-09-17,69.900002,67.199997
EBON,2021-09-20,63.599998,62.700001
EBON,2021-09-21,62.549999,62.400002
EBON,2021-09-22,66.300003,62.549999
EBON,2021-09-23,70.199997,66.900002
EBON,2021-09-24,65.099998,62.700001
EBON,2021-09-27,66.300003,64.5
EBON,2021-09-28,61.200001,61.200001
EBON,2021-09-29,55.799999,54.900002
EBON,2021-09-30,57,55.799999
EBON,2021-10-01,57.599998,56.700001
EBON,2021-10-04,57.299999,55.799999
EBON,2021-10-05,59.099998,57.299999
EBON,2021-10-06,59.099998,58.5
EBON,2021-10-07,56.400002,56.400002
EBON,2021-10-08,54,53.400002
EBON,2021-10-11,53.099998,51.900002
EBON,2021-10-12,50.700001,48.599998
EBON,2021-10-13,54,49.200001
EBON,2021-10-14,54.900002,53.400002
EBON,2021-10-15,59.099998,55.5
EBON,2021-10-18,58.799999,57.75
EBON,2021-10-19,59.400002,57
EBON,2021-10-20,66,58.799999
EBON,2021-10-21,63.900002,61.799999
EBON,2021-10-22,61.5,59.400002
EBON,2021-10-25,62.700001,60.599998
EBON,2021-10-26,63.599998,62.700001
EBON,2021-10-27,61.5,60.299999
EBON,2021-10-28,65.099998,63
EBON,2021-10-29,65.099998,62.400002
EBON,2021-11-01,65.699997,63.900002
EBON,2021-11-02,65.099998,63.900002
EBON,2021-11-03,66,63.599998
EBON,2021-11-04,65.099998,63.299999
EBON,2021-11-05,62.700001,61.5
EBON,2021-11-08,67.800003,64.5
EBON,2021-11-09,69.900002,64.949997
EBON,2021-11-10,62.099998,61.5
EBON,2021-11-11,60.599998,60.299999
EBON,2021-11-12,62.400002,57
EBON,2021-11-15,60,58.5
EBON,2021-11-16,58.200001,57.599998
EBON,2021-11-17,56.400002,55.799999
EBON,2021-11-18,53.700001,52.5
EBON,2021-11-19,53.099998,52.799999
EBON,2021-11-22,48.599998,48.599998
EBON,2021-11-23,48.299999,46.5
EBON,2021-11-24,50.400002,46.349998
EBON,2021-11-26,45.599998,45
EBON,2021-11-29,45.900002,45
EBON,2021-11-30,44.099998,41.400002
EBON,2021-12-01,43.200001,42
EBON,2021-12-02,43.200001,41.099998
EBON,2021-12-03,39,38.700001
EBON,2021-12-06,37.799999,32.700001
EBON,2021-12-07,42.599998,37.799999
EBON,2021-12-08,42.900002,39.900002
EBON,2021-12-09,39.900002,39.299999
EBON,2021-12-10,39.900002,39
EBON,2021-12-13,37.200001,36
EBON,2021-12-14,44.700001,35.099998
EBON,2021-12-15,41.099998,39.599998
EBON,2021-12-16,37.799999,37.5
EBON,2021-12-17,34.5,33.299999
EBON,2021-12-20,31.5,31.5
EBON,2021-12-21,32.400002,32.099998
EBON,2021-12-22,33.900002,31.799999
EBON,2021-12-23,35.700001,32.759998
EBON,2021-12-27,35.700001,34.5
EBON,2021-12-28,32.099998,32.099998
EBON,2021-12-29,28.5,27.93
EBON,2021-12-30,29.4,25.23
EBON,2021-12-31,30.9,28.92
EBON,2022-01-03,31.799999,30.540001
EBON,2022-01-04,31.200001,30.6
EBON,2022-01-05,34.200001,30.6
EBON,2022-01-06,31.200001,29.700001
EBON,2022-01-07,30.9,30.299999
EBON,2022-01-10,28.200001,27.299999
EBON,2022-01-11,30.9,28.35
EBON,2022-01-12,31.799999,30.9
EBON,2022-01-13,29.129999,29.1
EBON,2022-01-14,29.940001,28.799999
EBON,2022-01-18,28.290001,28.200001
EBON,2022-01-19,26.25,26.129999
EBON,2022-01-20,26.1,25.799999
EBON,2022-01-21,23.16,23.16
EBON,2022-01-24,24.809999,21
EBON,2022-01-25,24.15,23.1
EBON,2022-01-26,32.700001,24.959999
EBON,2022-01-27,26.370001,26.1
EBON,2022-01-28,26.1,25.5
EBON,2022-01-31,27.299999,25.559999
EBON,2022-02-01,34.799999,28.620001
EBON,2022-02-02,36,31.200001
EBON,2022-02-03,35.099998,33.599998
EBON,2022-02-04,37.5,33.900002
EBON,2022-02-07,38.700001,38.400002
EBON,2022-02-08,39.599998,37.5
EBON,2022-02-09,41.400002,39.599998
EBON,2022-02-10,47.099998,40.650002
EBON,2022-02-11,39.599998,39.299999
EBON,2022-02-14,44.099998,38.700001
EBON,2022-02-15,46.799999,44.009998
EBON,2022-02-16,46.200001,42.299999
EBON,2022-02-17,42,41.099998
EBON,2022-02-18,39.599998,39.299999
EBON,2022-02-22,37.799999,36.599998
EBON,2022-02-23,37.799999,37.5
EBON,2022-02-24,37.200001,31.5
EBON,2022-02-25,36.900002,36.599998
EBON,2022-02-28,37.5,35.099998
EBON,2022-03-01,37.799999,37.5
EBON,2022-03-02,38.700001,37.200001
EBON,2022-03-03,35.700001,35.099998
EBON,2022-03-04,33,32.700001
EBON,2022-03-07,32.400002,31.200001
EBON,2022-03-08,32.099998,30.6
EBON,2022-03-09,35.700001,33.900002
EBON,2022-03-10,33.599998,33
EBON,2022-03-11,31.200001,30.6
EBON,2022-03-14,31.200001,29.219999
EBON,2022-03-15,30.299999,28.799999
EBON,2022-03-16,33.900002,31.5
EBON,2022-03-17,33.900002,32.700001
EBON,2022-03-18,39.299999,32.700001
EBON,2022-03-21,39,38.099998
EBON,2022-03-22,39.299999,38.700001
EBON,2022-03-23,39.900002,37.799999
EBON,2022-03-24,42.599998,38.400002
EBON,2022-03-25,42.450001,40.200001
EBON,2022-03-28,44.099998,42.900002
EBON,2022-03-29,43.5,42.450001
EBON,2022-03-30,39.900002,39.299999
EBON,2022-03-31,34.799999,33.900002
EBON,2022-04-01,37.799999,35.25
EBON,2022-04-04,38.099998,36
EBON,2022-04-05,36.900002,36.299999
EBON,2022-04-06,35.400002,34.77
EBON,2022-04-07,35.400002,33.599998
EBON,2022-04-08,33.299999,32.700001
EBON,2022-04-11,31.799999,31.5
EBON,2022-04-12,30.299999,29.610001
EBON,2022-04-13,33,30.15
EBON,2022-04-14,31.5,31.200001
EBON,2022-04-18,30.6,29.700001
EBON,2022-04-19,31.799999,30.299999
EBON,2022-04-20,31.799999,30.9
EBON,2022-04-21,28.200001,28.08
EBON,2022-04-22,28.049999,27.33
EBON,2022-04-25,28.799999,27
EBON,2022-04-26,27,26.25
EBON,2022-04-27,26.43,26.43
EBON,2022-04-28,28.110001,26.700001
EBON,2022-04-29,27.9,27.57
EBON,2022-05-02,30.6,27.9
EBON,2022-05-03,30.299999,29.1
EBON,2022-05-04,30.6,27.9
EBON,2022-05-05,25.92,23.4
EBON,2022-05-06,25.799999,24
EBON,2022-05-09,24.24,23.129999
EBON,2022-05-10,22.77,22.5
CLOV,2020-12-07,10.94,10.56
CLOV,2020-12-08,11.18,11.045
CLOV,2020-12-09,11.27,10.85
CLOV,2020-12-10,11.5,11.27
CLOV,2020-12-11,11.36,11.07
CLOV,2020-12-14,11.23,11.12
CLOV,2020-12-15,11.05,11.05
CLOV,2020-12-16,10.88,10.7
CLOV,2020-12-17,11.02,10.56
CLOV,2020-12-18,12.08,11.07
CLOV,2020-12-21,13.25,12.13
CLOV,2020-12-22,13.45,12.56
CLOV,2020-12-23,14.02,13.61
CLOV,2020-12-24,14.9,14.26
CLOV,2020-12-28,17.07,15.74
CLOV,2020-12-29,16.24,15.35
CLOV,2020-12-30,16,15.79
CLOV,2020-12-31,16.77,15.52
CLOV,2021-01-04,15.61,14.16
CLOV,2021-01-05,15.09,14.81
CLOV,2021-01-06,14.53,14.15
CLOV,2021-01-07,16.02,14.75
CLOV,2021-01-08,15.9,14.55
CLOV,2021-01-11,14.98,14.75
CLOV,2021-01-12,14.62,14.27
CLOV,2021-01-13,14,13.8
CLOV,2021-01-14,14.01,13.57
CLOV,2021-01-15,13.24,13.1
CLOV,2021-01-19,13.75,13.271
CLOV,2021-01-20,13.73,13.61
CLOV,2021-01-21,13.59,13.33
CLOV,2021-01-22,13.55,13.21
CLOV,2021-01-25,13.93,13.61
CLOV,2021-01-26,15.76,13.85
CLOV,2021-01-27,14.25,13.95
CLOV,2021-01-28,14.07,13.5
CLOV,2021-01-29,13.95,13.6
CLOV,2021-02-01,13.81,13.5
CLOV,2021-02-02,13.97,13.91
CLOV,2021-02-03,13.95,13.83
CLOV,2021-02-04,12.23,11.86
CLOV,2021-02-05,12.93,11.3
CLOV,2021-02-08,12.37,12.165
CLOV,2021-02-09,13.16,12.4
CLOV,2021-02-10,12.5,12.34
CLOV,2021-02-11,12.01,11.76
CLOV,2021-02-12,12.08,11.75
CLOV,2021-02-16,11.49,11.4
CLOV,2021-02-17,11.32,11.05
CLOV,2021-02-18,10.83,10.51
CLOV,2021-02-19,10.98,10.55
CLOV,2021-02-22,11.08,10.98
CLOV,2021-02-23,10.13,9.6800003
CLOV,2021-02-24,10.34,10.05
CLOV,2021-02-25,9.71,9.5600004
CLOV,2021-02-26,9.3999996,9.1599998
CLOV,2021-03-01,10.37,9.8100004
CLOV,2021-03-02,9.04,9
CLOV,2021-03-03,8.29,8.0200005
CLOV,2021-03-04,7.29,6.9299998
CLOV,2021-03-05,7.8400002,6.3099999
CLOV,2021-03-08,7.3499999,7.3000002
CLOV,2021-03-09,8.1899996,7.4289999
CLOV,2021-03-10,8.1099997,8
CLOV,2021-03-11,8.6700001,8.3000002
CLOV,2021-03-12,8.9099998,8.2200003
CLOV,2021-03-15,8.875,8.4700003
CLOV,2021-03-16,8.6099997,8.415
CLOV,2021-03-17,8.75,8.25
CLOV,2021-03-18,8.4700003,8.2799997
CLOV,2021-03-19,8.5100002,8.2299995
CLOV,2021-03-22,8.79,8.3599997
CLOV,2021-03-23,8.2700005,8.1099997
CLOV,2021-03-24,7.6700001,7.6399999
CLOV,2021-03-25,7.8200002,7.0100002
CLOV,2021-03-26,7.5900002,7.25
CLOV,2021-03-29,7.3400002,7.1599998
CLOV,2021-03-30,7.1900001,6.895
CLOV,2021-03-31,7.5599999,7.23
CLOV,2021-04-01,7.3800001,7.3210001
CLOV,2021-04-05,7.5,7.2709999
CLOV,2021-04-06,7.6100001,7.4299998
CLOV,2021-04-07,7.3499999,7.29
CLOV,2021-04-08,8.8500004,7.1199999
CLOV,2021-04-09,8.21,8.04
CLOV,2021-04-12,7.8200002,7.6100001
CLOV,2021-04-13,7.8099999,7.6300001
CLOV,2021-04-14,7.4200001,7.4099998
CLOV,2021-04-15,7.3499999,7.1100001
CLOV,2021-04-16,8.8199997,7.23
CLOV,2021-04-19,9.6700001,9.1700001
CLOV,2021-04-20,8.6199999,8.3599997
CLOV,2021-04-21,9.0500002,8.0699997
CLOV,2021-04-22,8.5,8.4799995
CLOV,2021-04-23,8.7700005,8.5100002
CLOV,2021-04-26,9.2200003,8.8400002
CLOV,2021-04-27,9.2399998,9.0200005
CLOV,2021-04-28,10.5,9.3599997
CLOV,2021-04-29,10.17,9.9099998
CLOV,2021-04-30,9.8500004,9.7200003
CLOV,2021-05-03,9.29,9.21
CLOV,2021-05-04,9.0600004,8.5500002
CLOV,2021-05-05,8.8400002,8.7150002
CLOV,2021-05-06,8.2299995,8.1300001
CLOV,2021-05-07,8.6199999,8.25
CLOV,2021-05-10,8.2600002,8.1850004
CLOV,2021-05-11,8.1300001,7.54
CLOV,2021-05-12,7.7800002,7.7129998
CLOV,2021-05-13,7.2600002,7.0799999
CLOV,2021-05-14,7.4699998,7.1849999
CLOV,2021-05-17,6.8200002,6.5900002
CLOV,2021-05-18,6.9699998,6.5999999
CLOV,2021-05-19,6.8400002,6.5190001
CLOV,2021-05-20,7.1300001,6.7600002
CLOV,2021-05-21,6.9299998,6.9200001
CLOV,2021-05-24,6.9200001,6.8200002
CLOV,2021-05-25,7.02,6.9200001
CLOV,2021-05-26,7.3299999,6.9749999
CLOV,2021-05-27,7.8299999,7.1199999
CLOV,2021-05-28,7.6399999,7.5100002
CLOV,2021-06-01,7.73,7.5700002
CLOV,2021-06-02,8.7399998,7.6599998
CLOV,2021-06-03,8.9399996,8.5500002
CLOV,2021-06-04,9,8.9700003
CLOV,2021-06-07,11.92,9.3500004
CLOV,2021-06-08,22.15,16.32
CLOV,2021-06-09,16.92,16.799999
CLOV,2021-06-10,14.34,13.91
CLOV,2021-06-11,15.03,13.43
CLOV,2021-06-14,14.66,13.6
CLOV,2021-06-15,13.77,13.68
CLOV,2021-06-16,12.95,12.5
CLOV,2021-06-17,12.56,12.5
CLOV,2021-06-18,12.04,12.02
CLOV,2021-06-21,11.24,11.16
CLOV,2021-06-22,12.63,11.61
CLOV,2021-06-23,13.83,13.11
CLOV,2021-06-24,13.79,13.512
CLOV,2021-06-25,12.97,12.77
CLOV,2021-06-28,12.8,12.6
CLOV,2021-06-29,13.36,12.54
CLOV,2021-06-30,13.32,13.17
CLOV,2021-07-01,12.33,12.26
CLOV,2021-07-02,11.71,11.3
CLOV,2021-07-06,10,9.96
CLOV,2021-07-07,9.7200003,9.6099997
CLOV,2021-07-08,9.3599997,9.1899996
CLOV,2021-07-09,9.2700005,9.1300001
CLOV,2021-07-12,9.6800003,8.8599997
CLOV,2021-07-13,8.9099998,8.7700005
CLOV,2021-07-14,8.6800003,8.5699997
CLOV,2021-07-15,8.2600002,7.9499998
CLOV,2021-07-16,8.1999998,8.1099997
CLOV,2021-07-19,8.3000002,7.6700001
CLOV,2021-07-20,8.3500004,7.9200001
CLOV,2021-07-21,8.8800001,8.3199997
CLOV,2021-07-22,8.6199999,8.3999996
CLOV,2021-07-23,8.0500002,7.9699998
CLOV,2021-07-26,8.1999998,7.9219999
CLOV,2021-07-27,8.0500002,7.8400002
CLOV,2021-07-28,8.3199997,7.9699998
CLOV,2021-07-29,8.2200003,8.1400003
CLOV,2021-07-30,8.0699997,8.0299997
CLOV,2021-08-02,8.1499996,7.98
CLOV,2021-08-03,8.1199999,8.0299997
CLOV,2021-08-04,7.9200001,7.8800001
CLOV,2021-08-05,8.1300001,7.8499999
CLOV,2021-08-06,8.0699997,7.98
CLOV,2021-08-09,8.8100004,8.0819998
CLOV,2021-08-10,8.4099998,8.1499996
CLOV,2021-08-11,8.1300001,8.0150003
CLOV,2021-08-12,9.0100002,8.5799999
CLOV,2021-08-13,8.2200003,8.1999998
CLOV,2021-08-16,8.4899998,7.9299998
CLOV,2021-08-17,8.1700001,8.0100002
CLOV,2021-08-18,8.0500002,8.0100002
CLOV,2021-08-19,7.5599999,7.4099998
CLOV,2021-08-20,7.75,7.5599999
CLOV,2021-08-23,8.1199999,7.691
CLOV,2021-08-24,8.9200001,8.0749998
CLOV,2021-08-25,8.7299995,8.5450001
CLOV,2021-08-26,8.4899998,8.4300003
CLOV,2021-08-27,8.6099997,8.3409996
CLOV,2021-08-30,8.4799995,8.2700005
CLOV,2021-08-31,8.5799999,8.3100004
CLOV,2021-09-01,8.4700003,8.4200001
CLOV,2021-09-02,8.8699999,8.4300003
CLOV,2021-09-03,8.8400002,8.6199999
CLOV,2021-09-07,10.8,9.0100002
CLOV,2021-09-08,9.4499998,9.1999998
CLOV,2021-09-09,9.3100004,9.3000002
CLOV,2021-09-10,8.5900002,8.5600004
CLOV,2021-09-13,8.3699999,8.2910004
CLOV,2021-09-14,8.3000002,8.2200003
CLOV,2021-09-15,8.1700001,8.0900002
CLOV,2021-09-16,8.1400003,8.0699997
CLOV,2021-09-17,8.3100004,8.0220003
CLOV,2021-09-20,7.8499999,7.7350001
CLOV,2021-09-21,7.77,7.7199998
CLOV,2021-09-22,7.8800001,7.7800002
CLOV,2021-09-23,7.9000001,7.7800002
CLOV,2021-09-24,7.73,7.6399999
CLOV,2021-09-27,8.1000004,7.5700002
CLOV,2021-09-28,7.8600001,7.6100001
CLOV,2021-09-29,7.4000001,7.3600001
CLOV,2021-09-30,7.3899999,7.23
CLOV,2021-10-01,7.4699998,7.25
CLOV,2021-10-04,7.1399999,7.0900002
CLOV,2021-10-05,7.2399998,7.0900002
CLOV,2021-10-06,7.3600001,7.072
CLOV,2021-10-07,7.4000001,7.3000002
CLOV,2021-10-08,7.8499999,7.3200002
CLOV,2021-10-11,8.0600004,7.8899999
CLOV,2021-10-12,8.0200005,7.8000002
CLOV,2021-10-13,8.0500002,7.8499999
CLOV,2021-10-14,8.1199999,7.9499998
CLOV,2021-10-15,7.9099998,7.8299999
CLOV,2021-10-18,7.8899999,7.75
CLOV,2021-10-19,7.9200001,7.6999998
CLOV,2021-10-20,7.8400002,7.8299999
CLOV,2021-10-21,7.8600001,7.8299999
CLOV,2021-10-22,7.5,7.3699999
CLOV,2021-10-25,7.5500002,7.4200001
CLOV,2021-10-26,7.3800001,7.3610001
CLOV,2021-10-27,7.27,7.2649999
CLOV,2021-10-28,7.6100001,7.23
CLOV,2021-10-29,7.5,7.4099998
CLOV,2021-11-01,7.8200002,7.4899998
CLOV,2021-11-02,7.5999999,7.4299998
CLOV,2021-11-03,7.8200002,7.54
CLOV,2021-11-04,7.6900001,7.6199999
CLOV,2021-11-05,7.8699999,7.5300002
CLOV,2021-11-08,8.0299997,7.8299999
CLOV,2021-11-09,7.5300002,7.3699999
CLOV,2021-11-10,7.1799998,7.0700002
CLOV,2021-11-11,7.1500001,7.0999999
CLOV,2021-11-12,7.1599998,7.1100001
CLOV,2021-11-15,7.5599999,7.25
CLOV,2021-11-16,6.9400001,6.6500001
CLOV,2021-11-17,6.4299998,6.3499999
CLOV,2021-11-18,5.6100001,5.54
CLOV,2021-11-19,5.75,5.6700001
CLOV,2021-11-22,5.4299998,5.3899999
CLOV,2021-11-23,5.3000002,5.1500001
CLOV,2021-11-24,5.3600001,5.23
CLOV,2021-11-26,5.4099998,5.2800002
CLOV,2021-11-29,5.0799999,5.0500002
CLOV,2021-11-30,4.96,4.71
CLOV,2021-12-01,4.4699998,4.46
CLOV,2021-12-02,4.5,4.3099999
CLOV,2021-12-03,4.3000002,4.1500001
CLOV,2021-12-06,4.3299999,3.9200001
CLOV,2021-12-07,4.5999999,4.4200001
CLOV,2021-12-08,4.6500001,4.4499998
CLOV,2021-12-09,4.4499998,4.4099998
CLOV,2021-12-10,4.4200001,4.3499999
CLOV,2021-12-13,4.2399998,4.125
CLOV,2021-12-14,4.04,3.97
CLOV,2021-12-15,4.1300001,3.76
CLOV,2021-12-16,3.98,3.97
CLOV,2021-12-17,4.1900001,3.8099999
CLOV,2021-12-20,3.97,3.8900001
CLOV,2021-12-21,4.0999999,3.99
CLOV,2021-12-22,4.0900002,4.04
CLOV,2021-12-23,4.1999998,4.0500002
CLOV,2021-12-27,4.0500002,4.0250001
CLOV,2021-12-28,3.8900001,3.835
CLOV,2021-12-29,3.74,3.7119999
CLOV,2021-12-30,3.8399999,3.6800001
CLOV,2021-12-31,3.72,3.6849999
CLOV,2022-01-03,4.0500002,3.75
CLOV,2022-01-04,3.8800001,3.79
CLOV,2022-01-05,3.5799999,3.573
CLOV,2022-01-06,3.3499999,3.28
CLOV,2022-01-07,3.1600001,3.1300001
CLOV,2022-01-10,3.21,2.99
CLOV,2022-01-11,3.3099999,3.1500001
CLOV,2022-01-12,3.1700001,3.1500001
CLOV,2022-01-13,3.0699999,3.05
CLOV,2022-01-14,3.1099999,2.925
CLOV,2022-01-18,2.8800001,2.8699999
CLOV,2022-01-19,2.78,2.7620001
CLOV,2022-01-20,2.8,2.8
CLOV,2022-01-21,2.53,2.51
CLOV,2022-01-24,2.53,2.1600001
CLOV,2022-01-25,2.4200001,2.3599999
CLOV,2022-01-26,2.3599999,2.325
CLOV,2022-01-27,2.25,2.23
CLOV,2022-01-28,2.3099999,2.1700001
CLOV,2022-01-31,2.5799999,2.3199999
CLOV,2022-02-01,2.79,2.55
CLOV,2022-02-02,2.75,2.635
CLOV,2022-02-03,2.55,2.5350001
CLOV,2022-02-04,2.6500001,2.51
CLOV,2022-02-07,2.6199999,2.6099999
CLOV,2022-02-08,2.76,2.5599999
CLOV,2022-02-09,2.8599999,2.77
CLOV,2022-02-10,2.71,2.6700001
CLOV,2022-02-11,2.5999999,2.5599999
CLOV,2022-02-14,2.4300001,2.4100001
CLOV,2022-02-15,2.5599999,2.47
CLOV,2022-02-16,2.46,2.4000001
CLOV,2022-02-17,2.1800001,2.1199999
CLOV,2022-02-18,2.1099999,2.0799999
CLOV,2022-02-22,2.04,2
CLOV,2022-02-23,2.01,1.95
CLOV,2022-02-24,2.45,2.0799999
CLOV,2022-02-25,2.52,2.4000001
CLOV,2022-02-28,2.72,2.5
CLOV,2022-03-01,2.71,2.6099999
CLOV,2022-03-02,2.6700001,2.5599999
CLOV,2022-03-03,2.3599999,2.3399999
CLOV,2022-03-04,2.2,2.1900001
CLOV,2022-03-07,2.5999999,2.48
CLOV,2022-03-08,2.99,2.444
CLOV,2022-03-09,3.1400001,3.01
CLOV,2022-03-10,3.1199999,3.01
KNDI,2020-09-21,5.9499998,5.6199999
KNDI,2020-09-22,6.1500001,5.7399998
KNDI,2020-09-23,5.5599999,5.5
KNDI,2020-09-24,5.5100002,5.1500001
KNDI,2020-09-25,5.8499999,5.4099998
KNDI,2020-09-28,6.6300001,6.02
KNDI,2020-09-29,7.1799998,6.3499999
KNDI,2020-09-30,6.1999998,6.1300001
KNDI,2020-10-01,6.0999999,5.9499998
KNDI,2020-10-02,6.27,5.8699999
KNDI,2020-10-05,7.1100001,6.25
KNDI,2020-10-06,6.6900001,6.46
KNDI,2020-10-07,7.0900002,6.6599998
KNDI,2020-10-08,7.5799999,6.9000001
KNDI,2020-10-09,7.46,7.2800002
KNDI,2020-10-12,7.8099999,7.3099999
KNDI,2020-10-13,7.4499998,7.3200002
KNDI,2020-10-14,8.04,7.52
KNDI,2020-10-15,7.4099998,7.3600001
KNDI,2020-10-16,7.23,7.1799998
KNDI,2020-10-19,7.3400002,7.02
KNDI,2020-10-20,7.4499998,7.2600002
KNDI,2020-10-21,7.1999998,7.0999999
KNDI,2020-10-22,7.2800002,7.1500001
KNDI,2020-10-23,7.0900002,6.8000002
KNDI,2020-10-26,6.8299999,6.6300001
KNDI,2020-10-27,6.9000001,6.75
KNDI,2020-10-28,6.5,6.3600001
KNDI,2020-10-29,6.8200002,6.3899999
KNDI,2020-10-30,6.2600002,6.1500001
KNDI,2020-11-02,6.7199998,6.4299998
KNDI,2020-11-03,6.9200001,6.5799999
KNDI,2020-11-04,8.21,6.7199998
KNDI,2020-11-05,8.9200001,8.25
KNDI,2020-11-06,9.3900003,9.0799999
KNDI,2020-11-09,7.7800002,7.54
KNDI,2020-11-10,6.02,5.8000002
KNDI,2020-11-11,6.2199998,6.0500002
KNDI,2020-11-12,6.9200001,6.2600002
KNDI,2020-11-13,7.2199998,7.0100002
KNDI,2020-11-16,8.0200005,7.3499999
KNDI,2020-11-17,9.4099998,8.0200005
KNDI,2020-11-18,11.34,9.9099998
KNDI,2020-11-19,14.41,12.2
KNDI,2020-11-20,12.06,11.35
KNDI,2020-11-23,14.93,13
KNDI,2020-11-24,14.44,13.41
KNDI,2020-11-25,14.5,12.9
KNDI,2020-11-27,13.62,13.52
KNDI,2020-11-30,9.7600002,9.7299995
KNDI,2020-12-01,8.5699997,8.1999998
KNDI,2020-12-02,8.3699999,7.02
KNDI,2020-12-03,8.0600004,7.8899999
KNDI,2020-12-04,7.9899998,7.7399998
KNDI,2020-12-07,8.4899998,7.7199998
KNDI,2020-12-08,8.6899996,8.4700003
KNDI,2020-12-09,8.6499996,8.3800001
KNDI,2020-12-10,8.3800001,8.25
KNDI,2020-12-11,8.4700003,8.1000004
KNDI,2020-12-14,7.8200002,7.5999999
KNDI,2020-12-15,8.1499996,7.6500001
KNDI,2020-12-16,8.0299997,7.8200002
KNDI,2020-12-17,8.1899996,7.8000002
KNDI,2020-12-18,8.1099997,7.8899999
KNDI,2020-12-21,7.8800001,7.7199998
KNDI,2020-12-22,7.48,7.3099999
KNDI,2020-12-23,7.3699999,7.1700001
KNDI,2020-12-24,7.1999998,7.1799998
KNDI,2020-12-28,6.8800001,6.8499999
KNDI,2020-12-29,7.1599998,6.8800001
KNDI,2020-12-30,7.3699999,6.8499999
KNDI,2020-12-31,6.9000001,6.7600002
KNDI,2021-01-04,7.3299999,6.8400002
KNDI,2021-01-05,7.23,7.0799999
KNDI,2021-01-06,7.2800002,7.1999998
KNDI,2021-01-07,7.75,7.5
KNDI,2021-01-08,8.5600004,8.0200005
KNDI,2021-01-11,8.1199999,8.0200005
KNDI,2021-01-12,8.8800001,7.8299999
KNDI,2021-01-13,8.4200001,8.2799997
KNDI,2021-01-14,8.3900003,8.2700005
KNDI,2021-01-15,7.9099998,7.75
KNDI,2021-01-19,8.1800003,7.98
KNDI,2021-01-20,8.1899996,7.9000001
KNDI,2021-01-21,8.3100004,7.8699999
KNDI,2021-01-22,8.1800003,8.04
KNDI,2021-01-25,8.3400002,7.96
KNDI,2021-01-26,8.8199997,8.3199997
KNDI,2021-01-27,9.3100004,8.5100002
KNDI,2021-01-28,9.0100002,8.7600002
KNDI,2021-01-29,8.8999996,8.8800001
KNDI,2021-02-01,8.5100002,8.5
KNDI,2021-02-02,8.5699997,8.1300001
KNDI,2021-02-03,8.7299995,8.4300003
KNDI,2021-02-04,8.8699999,8.5699997
KNDI,2021-02-05,8.7600002,8.6000004
KNDI,2021-02-08,9.1899996,8.71
KNDI,2021-02-09,9.4899998,8.7700005
KNDI,2021-02-10,9.1099997,8.8199997
KNDI,2021-02-11,9.1199999,8.8100004
KNDI,2021-02-12,9,8.8299999
KNDI,2021-02-16,8.9499998,8.5299997
KNDI,2021-02-17,8.5500002,8.3400002
KNDI,2021-02-18,8.1099997,7.8200002
KNDI,2021-02-19,8.21,8.1000004
KNDI,2021-02-22,7.7600002,7.6700001
KNDI,2021-02-23,7.1999998,6.5500002
KNDI,2021-02-24,7.5500002,7.0999999
KNDI,2021-02-25,7.1300001,7.0300002
KNDI,2021-02-26,7.0799999,6.77
KNDI,2021-03-01,7.4200001,7.1100001
KNDI,2021-03-02,7.1599998,7.1199999
KNDI,2021-03-03,6.8000002,6.7199998
KNDI,2021-03-04,6.23,5.9499998
KNDI,2021-03-05,6.0999999,5.3299999
KNDI,2021-03-08,6.0500002,5.9000001
KNDI,2021-03-09,6.6199999,6.21
KNDI,2021-03-10,6.6900001,6.5700002
KNDI,2021-03-11,7.1399999,6.8400002
KNDI,2021-03-12,7.0599999,6.73
KNDI,2021-03-15,7.1199999,6.98
KNDI,2021-03-16,6.8499999,6.8400002
KNDI,2021-03-17,7.0700002,6.5599999
KNDI,2021-03-18,6.73,6.6700001
KNDI,2021-03-19,7,6.6199999
KNDI,2021-03-22,6.8000002,6.77
KNDI,2021-03-23,6.4400001,6.3899999
KNDI,2021-03-24,5.8600001,5.8299999
KNDI,2021-03-25,5.9899998,5.6399999
KNDI,2021-03-26,5.9299998,5.5900002
KNDI,2021-03-29,5.5999999,5.5799999
KNDI,2021-03-30,6.02,5.27
KNDI,2021-03-31,6.25,5.9400001
KNDI,2021-04-01,6.4899998,6.3600001
KNDI,2021-04-05,6.23,6.1799998
KNDI,2021-04-06,6.3200002,6.1100001
KNDI,2021-04-07,6.2199998,6.1799998
KNDI,2021-04-08,6.3299999,6.1700001
KNDI,2021-04-09,6.1900001,5.9899998
KNDI,2021-04-12,5.9099998,5.8699999
KNDI,2021-04-13,5.9899998,5.79
KNDI,2021-04-14,5.98,5.98
KNDI,2021-04-15,5.5599999,5.52
KNDI,2021-04-16,5.6199999,5.4000001
KNDI,2021-04-19,5.5300002,5.3899999
KNDI,2021-04-20,5.3899999,5.3099999
KNDI,2021-04-21,5.6900001,5.2199998
KNDI,2021-04-22,5.6199999,5.5799999
KNDI,2021-04-23,5.9000001,5.6300001
KNDI,2021-04-26,6.02,5.8299999
KNDI,2021-04-27,5.8800001,5.7600002
KNDI,2021-04-28,6.0300002,5.8499999
KNDI,2021-04-29,5.8800001,5.75
KNDI,2021-04-30,5.7600002,5.71
KNDI,2021-05-03,5.6900001,5.5500002
KNDI,2021-05-04,5.3699999,5.2800002
KNDI,2021-05-05,5.3899999,5.3099999
KNDI,2021-05-06,5.1999998,5.1100001
KNDI,2021-05-07,5.2600002,5.1999998
KNDI,2021-05-10,4.77,4.73
KNDI,2021-05-11,5.0599999,4.4000001
KNDI,2021-05-12,4.8299999,4.73
KNDI,2021-05-13,4.5300002,4.48
KNDI,2021-05-14,4.9200001,4.6399999
KNDI,2021-05-17,5.0999999,4.8600001
KNDI,2021-05-18,5.1100001,5
KNDI,2021-05-19,5.04,4.8600001
KNDI,2021-05-20,5.1100001,5.04
KNDI,2021-05-21,5.0999999,5.0799999
KNDI,2021-05-24,5.0900002,4.9099998
KNDI,2021-05-25,4.96,4.96
KNDI,2021-05-26,5.4499998,4.9899998
KNDI,2021-05-27,5.5500002,5.3499999
KNDI,2021-05-28,5.4400001,5.3899999
KNDI,2021-06-01,5.5599999,5.4499998
KNDI,2021-06-02,5.75,5.5300002
KNDI,2021-06-03,5.6199999,5.5700002
KNDI,2021-06-04,5.7399998,5.6599998
KNDI,2021-06-07,5.9499998,5.6300001
KNDI,2021-06-08,6.1900001,5.9000001
KNDI,2021-06-09,6.2800002,6.1300001
KNDI,2021-06-10,6.1799998,6.0999999
KNDI,2021-06-11,6.3600001,6.2399998
KNDI,2021-06-14,6.3200002,6.2600002
KNDI,2021-06-15,6.1100001,6.0700002
KNDI,2021-06-16,6.1300001,5.9899998
KNDI,2021-06-17,6.1100001,6.0599999
KNDI,2021-06-18,6.1300001,5.96
KNDI,2021-06-21,6.0599999,5.9299998
KNDI,2021-06-22,5.8800001,5.8299999
KNDI,2021-06-23,6.0999999,5.9699998
KNDI,2021-06-24,6,5.98
KNDI,2021-06-25,6.1999998,5.8800001
KNDI,2021-06-28,6.3499999,6.1300001
KNDI,2021-06-29,6.0999999,6.0500002
KNDI,2021-06-30,5.98,5.9699998
KNDI,2021-07-01,5.9400001,5.8400002
KNDI,2021-07-02,5.79,5.7199998
KNDI,2021-07-06,5.8600001,5.6900001
KNDI,2021-07-07,5.5700002,5.5
KNDI,2021-07-08,5.6599998,5.4000001
KNDI,2021-07-09,5.75,5.5500002
KNDI,2021-07-12,5.7399998,5.6500001
KNDI,2021-07-13,5.6199999,5.5500002
KNDI,2021-07-14,5.21,5.1799998
KNDI,2021-07-15,5.25,5.1300001
KNDI,2021-07-16,5.3400002,5.1999998
KNDI,2021-07-19,5.4400001,5.1199999
KNDI,2021-07-20,5.6199999,5.2800002
KNDI,2021-07-21,5.79,5.6399999
KNDI,2021-07-22,5.5799999,5.5599999
KNDI,2021-07-23,5.4200001,5.29
KNDI,2021-07-26,5.27,5.25
KNDI,2021-07-27,5.0599999,4.9499998
KNDI,2021-07-28,5.3400002,5.1199999
KNDI,2021-07-29,5.4000001,5.2800002
KNDI,2021-07-30,5.3000002,5.27
KNDI,2021-08-02,5.3400002,5.25
KNDI,2021-08-03,5.1300001,5.1100001
KNDI,2021-08-04,4.8400002,4.7399998
KNDI,2021-08-05,4.8699999,4.8000002
KNDI,2021-08-06,4.8699999,4.75
KNDI,2021-08-09,5.4099998,5.0599999
KNDI,2021-08-10,5.5,5.4000001
KNDI,2021-08-11,5.27,5.2399998
KNDI,2021-08-12,5.1599998,5.1199999
KNDI,2021-08-13,5.04,5.02
KNDI,2021-08-16,5.02,4.9699998
KNDI,2021-08-17,4.9299998,4.8099999
KNDI,2021-08-18,4.8099999,4.79
KNDI,2021-08-19,4.5900002,4.5799999
KNDI,2021-08-20,4.6700001,4.5900002
KNDI,2021-08-23,4.8800001,4.6799998
KNDI,2021-08-24,5.0700002,4.9299998
KNDI,2021-08-25,5.02,4.9499998
KNDI,2021-08-26,4.96,4.9099998
KNDI,2021-08-27,5.02,4.96
KNDI,2021-08-30,5,4.8899999
KNDI,2021-08-31,5.02,4.9699998
KNDI,2021-09-01,5.1199999,5
KNDI,2021-09-02,5.1100001,5.0799999
KNDI,2021-09-03,4.9899998,4.9400001
KNDI,2021-09-07,4.9899998,4.96
KNDI,2021-09-08,4.8200002,4.75
KNDI,2021-09-09,4.8400002,4.7600002
KNDI,2021-09-10,4.6199999,4.5999999
KNDI,2021-09-13,4.6700001,4.48
KNDI,2021-09-14,4.52,4.46
KNDI,2021-09-15,4.5300002,4.4000001
KNDI,2021-09-16,4.4899998,4.4200001
KNDI,2021-09-17,4.6199999,4.4499998
KNDI,2021-09-20,4.3299999,4.29
KNDI,2021-09-21,4.4299998,4.3099999
KNDI,2021-09-22,4.4699998,4.4200001
KNDI,2021-09-23,4.5100002,4.4699998
KNDI,2021-09-24,4.4000001,4.3400002
KNDI,2021-09-27,4.5300002,4.3800001
KNDI,2021-09-28,4.46,4.4299998
KNDI,2021-09-29,4.2800002,4.2800002
KNDI,2021-09-30,4.4499998,4.29
KNDI,2021-10-01,4.5100002,4.3499999
KNDI,2021-10-04,4.3099999,4.3000002
KNDI,2021-10-05,4.3499999,4.25
KNDI,2021-10-06,4.2800002,4.2600002
KNDI,2021-10-07,4.3800001,4.27
KNDI,2021-10-08,4.4099998,4.3099999
KNDI,2021-10-11,4.3400002,4.3400002
KNDI,2021-10-12,4.4699998,4.3699999
KNDI,2021-10-13,4.48,4.4200001
KNDI,2021-10-14,4.4299998,4.3499999
KNDI,2021-10-15,4.4299998,4.4099998
KNDI,2021-10-18,4.4099998,4.3499999
KNDI,2021-10-19,4.54,4.3899999
KNDI,2021-10-20,4.6300001,4.5100002
KNDI,2021-10-21,4.5500002,4.4899998
KNDI,2021-10-22,4.3600001,4.3499999
KNDI,2021-10-25,4.48,4.3099999
KNDI,2021-10-26,4.4000001,4.3899999
KNDI,2021-10-27,4.2800002,4.23
KNDI,2021-10-28,4.4699998,4.2600002
KNDI,2021-10-29,4.3800001,4.3499999
KNDI,2021-11-01,4.5999999,4.3699999
KNDI,2021-11-02,4.5100002,4.4000001
KNDI,2021-11-03,4.6599998,4.4899998
KNDI,2021-11-04,4.5599999,4.54
KNDI,2021-11-05,4.54,4.4699998
KNDI,2021-11-08,5.1700001,4.6100001
KNDI,2021-11-09,4.1999998,4.0900002
KNDI,2021-11-10,4.1300001,4.1199999
KNDI,2021-11-11,4.3499999,4.1300001
KNDI,2021-11-12,4.5300002,4.3400002
KNDI,2021-11-15,4.6300001,4.5
KNDI,2021-11-16,4.5700002,4.4099998
KNDI,2021-11-17,4.4000001,4.3699999
KNDI,2021-11-18,4.2399998,4.21
KNDI,2021-11-19,4.1799998,4.1599998
KNDI,2021-11-22,4.1300001,4.0700002
KNDI,2021-11-23,4,3.8900001
KNDI,2021-11-24,3.97,3.8800001
KNDI,2021-11-26,3.95,3.8199999
KNDI,2021-11-29,3.8199999,3.76
KNDI,2021-11-30,3.8099999,3.7
KNDI,2021-12-01,3.5799999,3.53
KNDI,2021-12-02,3.6700001,3.5699999
KNDI,2021-12-03,3.3399999,3.3
KNDI,2021-12-06,3.5,3.3099999
KNDI,2021-12-07,3.76,3.53
KNDI,2021-12-08,3.8599999,3.6800001
KNDI,2021-12-09,3.74,3.73
KNDI,2021-12-10,3.7,3.6700001
KNDI,2021-12-13,3.6500001,3.5899999
KNDI,2021-12-14,3.6400001,3.5799999
KNDI,2021-12-15,3.5999999,3.4300001
KNDI,2021-12-16,3.49,3.48
KNDI,2021-12-17,3.4100001,3.3699999
KNDI,2021-12-20,3.3599999,3.24
KNDI,2021-12-21,3.5,3.3399999
KNDI,2021-12-22,3.4400001,3.4100001
KNDI,2021-12-23,3.49,3.4100001
LOOP,2020-08-14,10.54,10.46
LOOP,2020-08-17,10.6,10.53
LOOP,2020-08-18,10.55,10.5
LOOP,2020-08-19,10.4,10.34
LOOP,2020-08-20,10.33,10.26
LOOP,2020-08-21,10.35,10.23
LOOP,2020-08-24,10.25,10.21
LOOP,2020-08-25,10.38,10.22
LOOP,2020-08-26,10.47,10.296
LOOP,2020-08-27,10.63,10.34
LOOP,2020-08-28,10.82,10.65
LOOP,2020-08-31,11.02,10.821
LOOP,2020-09-01,10.99,10.81
LOOP,2020-09-02,10.97,10.808
LOOP,2020-09-03,10.97,10.91
LOOP,2020-09-04,10.93,10.838
LOOP,2020-09-08,11.57,10.89
LOOP,2020-09-09,12.46,11.62
LOOP,2020-09-10,12.98,12.57
LOOP,2020-09-11,12.73,12.45
LOOP,2020-09-14,13.32,12.505
LOOP,2020-09-15,13.53,13
LOOP,2020-09-16,13.77,13.61
LOOP,2020-09-17,13.61,13.53
LOOP,2020-09-18,13,13
LOOP,2020-09-21,12.81,12.06
LOOP,2020-09-22,12.81,12.74
LOOP,2020-09-23,12.64,12.57
LOOP,2020-09-24,12.15,12.12
LOOP,2020-09-25,12.35,12.17
LOOP,2020-09-28,12.7,12.338
LOOP,2020-09-29,12.85,12.42
LOOP,2020-09-30,13.66,12.73
LOOP,2020-10-01,13.52,13.48
LOOP,2020-10-02,13.28,13.28
LOOP,2020-10-05,13.37,13.33
LOOP,2020-10-06,13.04,13.04
LOOP,2020-10-07,13.49,13.04
LOOP,2020-10-08,12.4,12.32
LOOP,2020-10-09,12.25,12.035
LOOP,2020-10-12,11.61,11.56
LOOP,2020-10-13,7.8299999,7.1100001
LOOP,2020-10-14,7.5500002,6.77
LOOP,2020-10-15,7.6300001,7.25
LOOP,2020-10-16,7.8449998,7.2399998
LOOP,2020-10-19,6.9200001,6.8600001
LOOP,2020-10-20,6.7800002,6.3699999
LOOP,2020-10-21,6.4499998,6.3499999
LOOP,2020-10-22,6.46,6.27
LOOP,2020-10-23,7.25,6.4699998
LOOP,2020-10-26,6.79,6.5500002
LOOP,2020-10-27,6.7199998,6.52
LOOP,2020-10-28,6.1900001,6.1900001
LOOP,2020-10-29,5.8499999,5.6999998
LOOP,2020-10-30,6.04,5.7600002
LOOP,2020-11-02,6.25,6.0599999
LOOP,2020-11-03,6.6900001,6.3499999
LOOP,2020-11-04,6.0799999,5.8299999
LOOP,2020-11-05,6.48,6.1100001
LOOP,2020-11-06,6.3699999,6.2800002
LOOP,2020-11-09,6.5599999,6.3899999
LOOP,2020-11-10,6.52,6.3200002
LOOP,2020-11-11,6.8299999,6.5
LOOP,2020-11-12,6.77,6.5599999
LOOP,2020-11-13,6.7600002,6.7600002
LOOP,2020-11-16,6.75,6.6199999
LOOP,2020-11-17,7.0599999,6.6999998
LOOP,2020-11-18,7.1399999,7.0599999
LOOP,2020-11-19,7.5599999,7.1100001
LOOP,2020-11-20,7.8699999,7.4510002
LOOP,2020-11-23,8,7.73
LOOP,2020-11-24,8.4499998,7.9000001
LOOP,2020-11-25,8.6099997,8.25
LOOP,2020-11-27,8.2200003,8.1599998
LOOP,2020-11-30,8.3599997,8
LOOP,2020-12-01,8.5,8.2700005
LOOP,2020-12-02,8.1800003,8.0100002
LOOP,2020-12-03,8.5100002,8.1099997
LOOP,2020-12-04,9.3000002,8.5500002
LOOP,2020-12-07,9.75,9.1199999
LOOP,2020-12-08,9.7700005,9.6800003
LOOP,2020-12-09,9.7799997,9.4499998
LOOP,2020-12-10,9.79,9.6999998
LOOP,2020-12-11,10.14,9.6700001
LOOP,2020-12-14,9.3199997,9.1630001
LOOP,2020-12-15,7.2399998,7.0900002
LOOP,2020-12-16,7.27,7.25
LOOP,2020-12-17,7.52,6.8699999
LOOP,2020-12-18,7.5300002,7.3299999
LOOP,2020-12-21,7.9299998,7.54
LOOP,2020-12-22,8.4399996,7.9400001
LOOP,2020-12-23,8.4399996,8.3400002
LOOP,2020-12-24,8.2799997,8.0600004
LOOP,2020-12-28,7.9499998,7.8400002
LOOP,2020-12-29,7.8449998,7.6300001
LOOP,2020-12-30,8.1599998,7.8000002
LOOP,2020-12-31,8.3000002,7.96
LOOP,2021-01-04,8.5699997,8.2229996
LOOP,2021-01-05,8.8599997,8.3590002
LOOP,2021-01-06,9.21,8.9200001
LOOP,2021-01-07,9.8999996,9.29
LOOP,2021-01-08,9.4700003,9.3500004
LOOP,2021-01-11,9.1700001,9.0500002
LOOP,2021-01-12,9.54,9.1599998
LOOP,2021-01-13,9.1499996,9.0150003
LOOP,2021-01-14,8.6800003,8.5600004
LOOP,2021-01-15,9.1000004,8.4200001
LOOP,2021-01-19,9.75,9.085
LOOP,2021-01-20,9.5699997,9.5010004
LOOP,2021-01-21,10.09,9.3990002
LOOP,2021-01-22,9.3100004,9.0699997
LOOP,2021-01-25,9.9200001,9.1599998
LOOP,2021-01-26,10.38,9.7679996
LOOP,2021-01-27,11.99,10.31
LOOP,2021-01-28,11.3,11.12
LOOP,2021-01-29,10.48,10.4
LOOP,2021-02-01,10.32,10.05
LOOP,2021-02-02,10.53,10.25
LOOP,2021-02-03,10.64,10.52
LOOP,2021-02-04,10.84,10.3
LOOP,2021-02-05,11.33,10.67
LOOP,2021-02-08,11.93,11.54
LOOP,2021-02-09,12.27,11.8
LOOP,2021-02-10,11.48,11.48
LOOP,2021-02-11,11.87,11.24
LOOP,2021-02-12,11.66,11.31
LOOP,2021-02-16,11.73,11.6
LOOP,2021-02-17,10.43,10.293
LOOP,2021-02-18,10.44,10.14
LOOP,2021-02-19,11.19,10.54
LOOP,2021-02-22,10.7,10.7
LOOP,2021-02-23,10.15,9.5699997
LOOP,2021-02-24,10.1,9.9899998
LOOP,2021-02-25,9.2299995,9.0500002
LOOP,2021-02-26,8.6099997,8.4700003
LOOP,2021-03-01,9.3699999,8.9799995
LOOP,2021-03-02,9.4799995,9.1000004
LOOP,2021-03-03,9.0600004,9.0600004
LOOP,2021-03-04,8.3199997,8.0620003
LOOP,2021-03-05,8.4399996,7.5500002
LOOP,2021-03-08,7.96,7.8600001
LOOP,2021-03-09,8.6199999,8.0100002
LOOP,2021-03-10,8.7600002,8.5100002
LOOP,2021-03-11,8.6700001,8.5109997
LOOP,2021-03-12,8.5200005,8.25
LOOP,2021-03-15,8.79,8.3999996
LOOP,2021-03-16,8.4799995,8.25
LOOP,2021-03-17,8.1199999,7.9499998
LOOP,2021-03-18,7.9299998,7.8600001
LOOP,2021-03-19,8.3100004,7.9130001
LOOP,2021-03-22,8.0299997,7.8299999
LOOP,2021-03-23,8.0900002,7.9200001
LOOP,2021-03-24,7.9699998,7.9200001
LOOP,2021-03-25,8.1700001,7.5999999
LOOP,2021-03-26,8.0299997,7.8600001
LOOP,2021-03-29,7.9200001,7.8860002
LOOP,2021-03-30,7.7199998,7.4899998
LOOP,2021-03-31,8.0100002,7.7490001
LOOP,2021-04-01,8.8599997,8.0500002
LOOP,2021-04-05,8.4200001,8.3400002
LOOP,2021-04-06,8.5100002,8.3199997
LOOP,2021-04-07,8.3000002,8.1700001
LOOP,2021-04-08,8.3599997,8.0900002
LOOP,2021-04-09,8.3500004,8.1400003
LOOP,2021-04-12,8.3199997,8.21
LOOP,2021-04-13,8.5900002,8.1700001
LOOP,2021-04-14,8.7700005,8.5600004
LOOP,2021-04-15,8.5,8.3500004
LOOP,2021-04-16,8.2200003,8.04
LOOP,2021-04-19,8.1700001,8.0349998
LOOP,2021-04-20,8.0500002,7.9899998
LOOP,2021-04-21,8.21,8.0100002
LOOP,2021-04-22,8.1999998,8.1199999
LOOP,2021-04-23,8.3100004,8.1000004
LOOP,2021-04-26,8.4300003,8.21
LOOP,2021-04-27,8.6300001,8.21
LOOP,2021-04-28,8.5100002,8.4209995
LOOP,2021-04-29,8.4499998,8.1000004
LOOP,2021-04-30,8.6199999,8.2600002
LOOP,2021-05-03,8.54,8.3299999
LOOP,2021-05-04,8.21,7.9099998
LOOP,2021-05-05,8.1499996,8
LOOP,2021-05-06,8.1899996,8
LOOP,2021-05-07,8.5299997,8.1999998
LOOP,2021-05-10,8.1099997,8.0200005
LOOP,2021-05-11,8.2700005,7.9699998
LOOP,2021-05-12,7.96,7.9099998
LOOP,2021-05-13,7.71,7.5999999
LOOP,2021-05-14,7.75,7.6999998
LOOP,2021-05-17,7.8099999,7.5
LOOP,2021-05-18,8.4200001,7.6599998
LOOP,2021-05-19,8.1000004,8.033
LOOP,2021-05-20,8.5600004,8.1000004
LOOP,2021-05-21,8.75,8.5699997
LOOP,2021-05-24,8.4799995,8.4700003
LOOP,2021-05-25,8.4200001,8.3599997
LOOP,2021-05-26,8.7600002,8.4399996
LOOP,2021-05-27,9.4300003,8.7200003
LOOP,2021-05-28,9.2299995,9.1300001
LOOP,2021-06-01,9.2799997,8.9099998
LOOP,2021-06-02,9.5100002,9.0900002
LOOP,2021-06-03,9.8699999,9.3400002
LOOP,2021-06-04,11.63,9.9799995
LOOP,2021-06-07,12.86,11.6
LOOP,2021-06-08,13.14,12.51
LOOP,2021-06-09,13.57,13.14
LOOP,2021-06-10,13.75,13.25
LOOP,2021-06-11,11.2,10.82
LOOP,2021-06-14,10.63,10.35
LOOP,2021-06-15,10.22,9.6499996
LOOP,2021-06-16,11.61,10.21
LOOP,2021-06-17,11.89,11.3
LOOP,2021-06-18,12.99,11.7
LOOP,2021-06-21,12.57,12.31
LOOP,2021-06-22,13.19,12.448
LOOP,2021-06-23,15.9,13.75
LOOP,2021-06-24,14.85,14.38
LOOP,2021-06-25,13.07,13.03
LOOP,2021-06-28,13.05,12.63
LOOP,2021-06-29,12.5,12.335
LOOP,2021-06-30,12.33,11.7
LOOP,2021-07-01,11.95,11.65
LOOP,2021-07-02,12.43,11.71
LOOP,2021-07-06,12.27,11.77
LOOP,2021-07-07,12,11.92
LOOP,2021-07-08,12.17,11.51
LOOP,2021-07-09,11.95,11.81
LOOP,2021-07-12,11.86,11.365
LOOP,2021-07-13,11.89,11.79
LOOP,2021-07-14,11.24,10.898
LOOP,2021-07-15,11,10.81
LOOP,2021-07-16,10.31,10.3
LOOP,2021-07-19,10.68,10.02
LOOP,2021-07-20,10.66,10.45
LOOP,2021-07-21,11.08,10.7
LOOP,2021-07-22,11.02,10.81
LOOP,2021-07-23,10.71,10.4
LOOP,2021-07-26,10.75,10.62
LOOP,2021-07-27,10.44,10.14
LOOP,2021-07-28,10.77,10.42
LOOP,2021-07-29,10.89,10.598
LOOP,2021-07-30,10.48,10.32
LOOP,2021-08-02,10.45,10.26
LOOP,2021-08-03,10.52,10.09
LOOP,2021-08-04,10.46,10.2
LOOP,2021-08-05,10.3,10.25
LOOP,2021-08-06,10.28,10.2
LOOP,2021-08-09,10.43,10.14
LOOP,2021-08-10,10.39,10.26
LOOP,2021-08-11,10.4,10.08
LOOP,2021-08-12,10.12,10.01
LOOP,2021-08-13,9.2200003,9.1599998
LOOP,2021-08-16,9.0799999,8.8500004
LOOP,2021-08-17,8.9899998,8.6999998
LOOP,2021-08-18,9.1499996,8.79
LOOP,2021-08-19,8.9499998,8.6520004
LOOP,2021-08-20,9.1800003,8.9200001
LOOP,2021-08-23,9.5900002,8.9680004
LOOP,2021-08-24,9,8.8990002
LOOP,2021-08-25,9.1300001,8.8000002
LOOP,2021-08-26,9.04,8.8000002
LOOP,2021-08-27,9.1099997,8.8500004
LOOP,2021-08-30,8.9899998,8.9200001
LOOP,2021-08-31,9.0699997,8.8699999
LOOP,2021-09-01,9.4899998,8.8500004
LOOP,2021-09-02,10.39,9.243
LOOP,2021-09-03,10.4,10.03
LOOP,2021-09-07,10.52,10.21
LOOP,2021-09-08,10.47,9.9399996
LOOP,2021-09-09,10.82,10.02
LOOP,2021-09-10,10.71,10.52
LOOP,2021-09-13,11.28,10.65
LOOP,2021-09-14,10.27,10.12
LOOP,2021-09-15,10.19,9.8900003
LOOP,2021-09-16,10.29,9.8400002
LOOP,2021-09-17,10.56,10.06
LOOP,2021-09-20,10.5,10.14
LOOP,2021-09-21,11.08,10.63
LOOP,2021-09-22,11.27,10.77
LOOP,2021-09-23,11.81,11.12
LOOP,2021-09-24,11.96,11.64
LOOP,2021-09-27,12.78,11.85
LOOP,2021-09-28,11.86,11.805
LOOP,2021-09-29,11.91,11.64
LOOP,2021-09-30,11.43,11.36
LOOP,2021-10-01,11.61,11.25
LOOP,2021-10-04,11.07,11.005
LOOP,2021-10-05,11.22,11.05
LOOP,2021-10-06,11.1,10.74
LOOP,2021-10-07,11.42,11.4
LOOP,2021-10-08,11.47,11.14
LOOP,2021-10-11,11.45,11.375
LOOP,2021-10-12,11.44,11.25
LOOP,2021-10-13,12.28,11.42
LOOP,2021-10-14,13.12,12.25
LOOP,2021-10-15,12.15,12.04
LOOP,2021-10-18,12.33,12.01
LOOP,2021-10-19,12.88,11.93
LOOP,2021-10-20,12.76,12.595
LOOP,2021-10-21,12.81,12.49
LOOP,2021-10-22,12.95,12.5
LOOP,2021-10-25,13.4,12.989
LOOP,2021-10-26,13.21,12.39
LOOP,2021-10-27,13.75,13.127
LOOP,2021-10-28,14.74,13.73
LOOP,2021-10-29,15.71,14.89
LOOP,2021-11-01,16.6,15.75
LOOP,2021-11-02,17.09,16
LOOP,2021-11-03,17.68,16.860001
LOOP,2021-11-04,16.549999,16.219999
LOOP,2021-11-05,15.75,15.64
LOOP,2021-11-08,16.790001,15.6
LOOP,2021-11-09,16.780001,16.129999
LOOP,2021-11-10,15.93,15.79
LOOP,2021-11-11,16.139999,15.61
LOOP,2021-11-12,15.98,15.93
LOOP,2021-11-15,15.25,15.2
LOOP,2021-11-16,15,14.74
GRWG,2020-06-22,7.0999999,6.96
GRWG,2020-06-23,7.02,6.9099998
GRWG,2020-06-24,7,6.5900002
GRWG,2020-06-25,7.0599999,6.6900001
GRWG,2020-06-26,6.5300002,6.3299999
GRWG,2020-06-29,6.0599999,6.0100002
GRWG,2020-06-30,6.8400002,6.0300002
GRWG,2020-07-01,6.8800001,6.6500001
GRWG,2020-07-02,6.8000002,6.6599998
GRWG,2020-07-06,6.9499998,6.77
GRWG,2020-07-07,6.8400002,6.8299999
GRWG,2020-07-08,6.8699999,6.5500002
GRWG,2020-07-09,6.71,6.4699998
GRWG,2020-07-10,6.6199999,6.4699998
GRWG,2020-07-13,6.8299999,6.5300002
GRWG,2020-07-14,7.1999998,6.8699999
GRWG,2020-07-15,7.23,6.8299999
GRWG,2020-07-16,7.2800002,7.1100001
GRWG,2020-07-17,7.1999998,6.9299998
GRWG,2020-07-20,7.3899999,7.0999999
GRWG,2020-07-21,7.8400002,7.4000001
GRWG,2020-07-22,7.6999998,7.4200001
GRWG,2020-07-23,7.5500002,7.3600001
GRWG,2020-07-24,7.2600002,7.0300002
GRWG,2020-07-27,7.3200002,7.1199999
GRWG,2020-07-28,7.52,7.2199998
GRWG,2020-07-29,8.5200005,7.7449999
GRWG,2020-07-30,8.6700001,8.3400002
GRWG,2020-07-31,8.4399996,8.1700001
GRWG,2020-08-03,8.8999996,8.4799995
GRWG,2020-08-04,9.1149998,8.8500004
GRWG,2020-08-05,9.1099997,8.9250002
GRWG,2020-08-06,8.6899996,8.4399996
GRWG,2020-08-07,9.0299997,8.5600004
GRWG,2020-08-10,9.2700005,9.1000004
GRWG,2020-08-11,8.6099997,8.5500002
GRWG,2020-08-12,8.7600002,8.5500002
GRWG,2020-08-13,12.5,9.6300001
GRWG,2020-08-14,13.24,11.26
GRWG,2020-08-17,16.16,13.65
GRWG,2020-08-18,17.665001,16.440001
GRWG,2020-08-19,22.02,18.15
GRWG,2020-08-20,18.24,17.9
GRWG,2020-08-21,17.344999,15.55
GRWG,2020-08-24,14.34,13.44
GRWG,2020-08-25,14.92,14.37
GRWG,2020-08-26,14.05,13.3
GRWG,2020-08-27,15.06,14.79
GRWG,2020-08-28,16.344999,15.3
GRWG,2020-08-31,15.955,15.3
GRWG,2020-09-01,16.040001,15.84
GRWG,2020-09-02,15.69,15.27
GRWG,2020-09-03,14.54,13.61
GRWG,2020-09-04,14.245,13.11
GRWG,2020-09-08,13.92,13.5
GRWG,2020-09-09,14.62,13.97
GRWG,2020-09-10,14.165,14.01
GRWG,2020-09-11,13.7,13.39
GRWG,2020-09-14,14.95,13.81
GRWG,2020-09-15,15.53,15.026
GRWG,2020-09-16,16.375,15.633
GRWG,2020-09-17,15.715,15.21
GRWG,2020-09-18,15.97,15.47
GRWG,2020-09-21,16.65,15.3
GRWG,2020-09-22,16.42,15.8
GRWG,2020-09-23,15.18,14.75
GRWG,2020-09-24,14.79,14.25
GRWG,2020-09-25,15.06,14.57
GRWG,2020-09-28,14.68,14.34
GRWG,2020-09-29,16.02,14.79
GRWG,2020-09-30,15.98,15.43
GRWG,2020-10-01,15.37,15.27
GRWG,2020-10-02,15.18,14.52
GRWG,2020-10-05,16.18,15.25
GRWG,2020-10-06,16.030001,15.55
GRWG,2020-10-07,17.360001,16.23
GRWG,2020-10-08,17.889999,16.780001
GRWG,2020-10-09,18.059999,17.73
GRWG,2020-10-12,17.67,17.58
GRWG,2020-10-13,18.41,17.01
GRWG,2020-10-14,17.440001,17.1
GRWG,2020-10-15,17.32,16.521999
GRWG,2020-10-16,17.389999,17.24
GRWG,2020-10-19,18.379999,17.02
GRWG,2020-10-20,18,17.549999
GRWG,2020-10-21,19.09,18.25
GRWG,2020-10-22,20.52,18.549999
GRWG,2020-10-23,20.620001,19.219999
GRWG,2020-10-26,17.969999,17.6
GRWG,2020-10-27,17.85,17.799999
GRWG,2020-10-28,16.5,16.25
GRWG,2020-10-29,17.18,16.25
GRWG,2020-10-30,16.700001,15.84
GRWG,2020-11-02,18.540001,16.950001
GRWG,2020-11-03,18.299999,17.924999
GRWG,2020-11-04,18.98,18.58
GRWG,2020-11-05,23.040001,19.6
GRWG,2020-11-06,22.98,21.799999
GRWG,2020-11-09,21.530001,21.370001
GRWG,2020-11-10,19.43,18.309999
GRWG,2020-11-11,20.940001,18.9
GRWG,2020-11-12,24.299999,21.129999
GRWG,2020-11-13,25.52,23.6
GRWG,2020-11-16,26.57,24.200001
GRWG,2020-11-17,27.73,26.120001
GRWG,2020-11-18,28.889999,28.02
GRWG,2020-11-19,29.459999,28.35
GRWG,2020-11-20,29.16,28.681999
GRWG,2020-11-23,31.5,29.440001
GRWG,2020-11-24,32.91,31.879999
GRWG,2020-11-25,33.529999,30.530001
GRWG,2020-11-27,35.59,33.790001
GRWG,2020-11-30,35.169998,32.639999
GRWG,2020-12-01,33.349998,32.23
GRWG,2020-12-02,35.43,32.25
GRWG,2020-12-03,35.299999,34.400002
GRWG,2020-12-04,35.02,34.43
GRWG,2020-12-07,34.23,33.400002
GRWG,2020-12-08,34.169998,30.32
GRWG,2020-12-09,31.385,30.85
GRWG,2020-12-10,33.200001,30.25
GRWG,2020-12-11,32.740002,32.275002
GRWG,2020-12-14,32.790001,32.700001
GRWG,2020-12-15,34.700001,32.299999
GRWG,2020-12-16,38.709999,34.720001
GRWG,2020-12-17,37.509998,36.18
GRWG,2020-12-18,38.650002,36.849998
GRWG,2020-12-21,40.669998,38
GRWG,2020-12-22,42.150002,40.080002
GRWG,2020-12-23,41.23,41.060001
GRWG,2020-12-24,41.290001,40.581001
GRWG,2020-12-28,39.310001,39.02
GRWG,2020-12-29,38.509998,36.25
GRWG,2020-12-30,41.349998,38.099998
GRWG,2020-12-31,40.220001,39.900002
GRWG,2021-01-04,39.09,37.709999
GRWG,2021-01-05,40.290001,39.02
GRWG,2021-01-06,44.41,41.700001
GRWG,2021-01-07,46.66,45.611
GRWG,2021-01-08,45.32,44
GRWG,2021-01-11,51.560001,45
GRWG,2021-01-12,50.310001,49.349998
GRWG,2021-01-13,47.990002,46.669998
GRWG,2021-01-14,50.48,47.75
GRWG,2021-01-15,51.110001,47.810001
GRWG,2021-01-19,52.310001,49.84
GRWG,2021-01-20,50.18,49.880001
GRWG,2021-01-21,48.799999,48.049999
GRWG,2021-01-22,49.84,48.099998
GRWG,2021-01-25,48.259998,47.009998
GRWG,2021-01-26,48.360001,47.57
GRWG,2021-01-27,44.59,43.32
GRWG,2021-01-28,45.84,44.542999
GRWG,2021-01-29,43.189999,40.57
GRWG,2021-02-01,46.209999,42.200001
GRWG,2021-02-02,51.049999,47.243
GRWG,2021-02-03,55.720001,52
GRWG,2021-02-04,57.41,54.490002
GRWG,2021-02-05,58.139999,55.639999
GRWG,2021-02-08,62.970001,59.200001
GRWG,2021-02-09,64.580002,62.759998
GRWG,2021-02-10,63.189999,58.250999
GRWG,2021-02-11,55.040001,52.259998
GRWG,2021-02-12,56.950001,51.189999
GRWG,2021-02-16,60.580002,57.509998
GRWG,2021-02-17,59.349998,56.054001
GRWG,2021-02-18,55.950001,54.254002
GRWG,2021-02-19,57.709999,56.099998
GRWG,2021-02-22,52.689999,51.799999
GRWG,2021-02-23,50.73,44.009998
GRWG,2021-02-24,50.619999,49.23
GRWG,2021-02-25,45.860001,45.380001
GRWG,2021-02-26,45.630001,44.200001
GRWG,2021-03-01,51.82,47.400002
GRWG,2021-03-02,49.119999,49
GRWG,2021-03-03,43.470001,43.400002
GRWG,2021-03-04,40.049999,37.700001
GRWG,2021-03-05,40.400002,33.02
GRWG,2021-03-08,37.790001,37.599998
GRWG,2021-03-09,44.619999,39.75
GRWG,2021-03-10,45.419998,42.855
GRWG,2021-03-11,48.740002,46.310001
GRWG,2021-03-12,48.950001,45.550999
GRWG,2021-03-15,53.349998,49.490002
GRWG,2021-03-16,51.779999,50.226002
GRWG,2021-03-17,54.150002,48.099998
GRWG,2021-03-18,50.75,50.080002
GRWG,2021-03-19,54.779999,50.049999
GRWG,2021-03-22,55.189999,54.049
GRWG,2021-03-23,52.169998,51.650002
GRWG,2021-03-24,45.810001,45.75
GRWG,2021-03-25,45.73,42.650002
GRWG,2021-03-26,44,42.118999
GRWG,2021-03-29,41.650002,41.18
GRWG,2021-03-30,44.34,40.540001
GRWG,2021-03-31,49.689999,45.169998
GRWG,2021-04-01,50.549999,49.77
GRWG,2021-04-05,50.639999,48.209999
GRWG,2021-04-06,50.25,49.889999
GRWG,2021-04-07,49,48.360001
GRWG,2021-04-08,55.279999,48.73
GRWG,2021-04-09,54.02,51.75
GRWG,2021-04-12,52.349998,50.59
GRWG,2021-04-13,51.650002,49.540001
GRWG,2021-04-14,47.580002,47.400002
GRWG,2021-04-15,46.799999,45.82
GRWG,2021-04-16,47.099998,44.549999
GRWG,2021-04-19,45.34,44.34
GRWG,2021-04-20,43.34,42.16
GRWG,2021-04-21,45.810001,41.509998
GRWG,2021-04-22,44.040001,42.91
GRWG,2021-04-23,45.130001,43.599998
GRWG,2021-04-26,47.080002,44.317001
GRWG,2021-04-27,45.049999,44.580002
GRWG,2021-04-28,45.830002,43.869999
GRWG,2021-04-29,44.610001,43.209999
GRWG,2021-04-30,43.599998,42.830002
GRWG,2021-05-03,43.779999,42.759998
GRWG,2021-05-04,42.18,40.200001
GRWG,2021-05-05,42.220001,41.470001
GRWG,2021-05-06,40.650002,39.43
GRWG,2021-05-07,43.07,40.950001
GRWG,2021-05-10,41.639999,41.078999
GRWG,2021-05-11,39.959999,36.900002
GRWG,2021-05-12,36.564999,36.110001
GRWG,2021-05-13,35.529999,33.91
GRWG,2021-05-14,39.93,37.02
GRWG,2021-05-17,39.18,37.669998
GRWG,2021-05-18,38.709999,38.290001
GRWG,2021-05-19,38.509998,36.509998
GRWG,2021-05-20,38.900002,37.869999
GRWG,2021-05-21,37.32,37.009998
GRWG,2021-05-24,36.869999,36.709999
GRWG,2021-05-25,38.990002,37.009998
GRWG,2021-05-26,42.560001,39.720001
GRWG,2021-05-27,42.32,40.349998
GRWG,2021-05-28,44.41,41.571999
GRWG,2021-06-01,42.34,42.029999
GRWG,2021-06-02,43.009998,41.169998
GRWG,2021-06-03,42.220001,41.799999
GRWG,2021-06-04,42.049999,41.860001
GRWG,2021-06-07,43.830002,41.799999
GRWG,2021-06-08,44.099998,42.57
GRWG,2021-06-09,43.639999,43.400002
GRWG,2021-06-10,41.639999,41.549999
GRWG,2021-06-11,42.380001,41.43
GRWG,2021-06-14,42.709999,41.439999
GRWG,2021-06-15,40,39.580002
GRWG,2021-06-16,40.810001,38.84
GRWG,2021-06-17,40.799999,40.169998
GRWG,2021-06-18,40.290001,39.509998
GRWG,2021-06-21,41.119999,39.970001
GRWG,2021-06-22,42.16,40.610001
GRWG,2021-06-23,43.970001,42.174999
GRWG,2021-06-24,44.68,44.060001
GRWG,2021-06-25,43.41,43.130001
GRWG,2021-06-28,48.419998,44.049999
GRWG,2021-06-29,49.09,46.799999
GRWG,2021-06-30,48.099998,47.536999
GRWG,2021-07-01,49.650002,45.550999
GRWG,2021-07-02,49.029999,47.580002
GRWG,2021-07-06,51.48,48.34
GRWG,2021-07-07,47.23,46.759998
GRWG,2021-07-08,45.57,44.029999
GRWG,2021-07-09,45.82,44.369999
GRWG,2021-07-12,46.209999,44.860001
GRWG,2021-07-13,45.75,45.599998
GRWG,2021-07-14,40.669998,40.610001
GRWG,2021-07-15,39.790001,39.060001
GRWG,2021-07-16,38.080002,37.91
GRWG,2021-07-19,38.470001,36.007
GRWG,2021-07-20,39.860001,37.601002
GRWG,2021-07-21,41.689999,39.5
GRWG,2021-07-22,40.619999,39.900002
GRWG,2021-07-23,39.91,39.791
GRWG,2021-07-26,40.209999,39.119999
GRWG,2021-07-27,39.700001,37.299999
GRWG,2021-07-28,41.919998,40.23
GRWG,2021-07-29,41.639999,40.700001
GRWG,2021-07-30,40.669998,40.029999
GRWG,2021-08-02,40.299999,40.220001
GRWG,2021-08-03,40.91,39.509998
GRWG,2021-08-04,41.139999,39.870998
GRWG,2021-08-05,42.459999,40.759998
GRWG,2021-08-06,42.34,41.721001
GRWG,2021-08-09,43.59,41.580002
GRWG,2021-08-10,43.040001,42.259998
GRWG,2021-08-11,43.07,41.634998
GRWG,2021-08-12,35.720001,34.349998
GRWG,2021-08-13,31.49,30.75
GRWG,2021-08-16,30.620001,30.15
GRWG,2021-08-17,29.33,28.65
GRWG,2021-08-18,29.08,28.66
GRWG,2021-08-19,29.030001,28.51
GRWG,2021-08-20,29.49,28.85
GRWG,2021-08-23,31.07,29.1
GRWG,2021-08-24,32.459999,31.07
GRWG,2021-08-25,31.68,31.4
GRWG,2021-08-26,31.25,30.76
GRWG,2021-08-27,31.16,30.709999
GRWG,2021-08-30,30.57,29.860001
GRWG,2021-08-31,31.99,30.197001
GRWG,2021-09-01,31.969999,31.472
GRWG,2021-09-02,31.540001,31.417
GRWG,2021-09-03,31.799999,30.950001
GRWG,2021-09-07,31.33,31.157
GRWG,2021-09-08,30.1,29.43
GRWG,2021-09-09,30.41,29.9
GRWG,2021-09-10,29.5,29.440001
GRWG,2021-09-13,28.379999,28.139999
GRWG,2021-09-14,25.83,25
GRWG,2021-09-15,26.889999,25.799999
GRWG,2021-09-16,26.99,25.950001
GRWG,2021-09-17,26.969999,26.6
GRWG,2021-09-20,26.15,25.6
GRWG,2021-09-21,25.98,25.65
GRWG,2021-09-22,26.6,26.040001
GRWG,2021-09-23,27.610001,26.85
GRWG,2021-09-24,25.790001,25.43
DLO,2022-09-19,23.843349,23.351106
DLO,2022-09-20,22.811981,22.746349
DLO,2022-09-21,22.783852,22.380682
DLO,2022-09-22,21.83687,21.246177
DLO,2022-09-23,21.208673,20.533595
DLO,2022-09-26,19.727255,19.68975
DLO,2022-09-27,19.16469,18.752142
DLO,2022-09-28,20.355452,18.8084
DLO,2022-09-29,19.314707,19.080305
DLO,2022-09-30,19.239698,19.174066
DLO,2022-10-03,19.989782,18.859966
DLO,2022-10-04,21.986889,20.81488
DLO,2022-10-05,21.91188,21.321187
DLO,2022-10-06,22.249416,21.771237
DLO,2022-10-07,21.077408,20.852382
DLO,2022-10-10,20.542971,20.046977
DLO,2022-10-11,19.680374,19.314708
DLO,2022-10-12,19.624117,18.827151
DLO,2022-10-13,19.183441,18.180202
DLO,2022-10-14,18.348972,18.152076
DLO,2022-10-17,19.127186,18.845904
DLO,2022-10-18,19.670996,18.883406
DLO,2022-10-19,18.892782,18.770894
DLO,2022-10-20,19.183441,18.85528
DLO,2022-10-21,19.483477,18.202704
DLO,2022-10-24,19.436594,18.667757
DLO,2022-10-25,20.533596,19.64287
DLO,2022-10-26,20.271067,19.989783
DLO,2022-10-27,20.449209,20.092919
DLO,2022-10-28,20.599228,19.277202
DLO,2022-10-31,20.90864,20.174494
DLO,2022-11-01,21.921255,21.46933
DLO,2022-11-02,20.43046,20.30857
DLO,2022-11-03,20.496092,19.775071
DLO,2022-11-04,19.230322,18.592749
DLO,2022-11-07,19.239698,18.775582
DLO,2022-11-08,19.061554,18.545871
DLO,2022-11-09,17.917671,17.533252
DLO,2022-11-10,20.308571,19.352211
DLO,2022-11-11,21.461826,20.356389
DLO,2022-11-14,21.133667,20.702367
DLO,2022-11-15,19.896023,19.438471
DLO,2022-11-16,9.8073711,9.6479778
DLO,2022-11-17,9.9386358,8.4694051
DLO,2022-11-18,11.982619,10.201166
DLO,2022-11-21,13.088996,11.673209
DLO,2022-11-22,12.320158,11.607576
DLO,2022-11-23,13.032739,12.198269
DLO,2022-11-25,13.407783,12.723329
DLO,2022-11-28,12.357662,11.982619
DLO,2022-11-29,12.657696,12.113884
DLO,2022-11-30,13.689064,12.6952
DLO,2022-12-01,11.616952,11.063764
DLO,2022-12-02,12.001371,10.754354
DLO,2022-12-05,12.104507,11.616952
DLO,2022-12-06,11.570072,11.354422
DLO,2022-12-07,11.157524,11.07314
DLO,2022-12-08,11.898234,11.157525
DLO,2022-12-09,12.21702,11.851354
DLO,2022-12-12,12.535808,12.020123
DLO,2022-12-13,12.901474,12.807713
DLO,2022-12-14,13.510919,12.582688
DLO,2022-12-15,12.479551,12.33891
DLO,2022-12-16,12.704576,12.338909
DLO,2022-12-19,12.367038,12.160765
DLO,2022-12-20,13.689064,13.060867
DLO,2022-12-21,14.017226,13.220261
DLO,2022-12-22,14.232877,13.689065
DLO,2022-12-23,14.139115,14.045354
DLO,2022-12-27,14.082859,13.539046
DLO,2022-12-28,13.801578,13.764073
DLO,2022-12-29,14.692304,13.726569
DLO,2022-12-30,14.598542,14.307885
DLO,2023-01-03,14.411022,14.167244
DLO,2023-01-04,14.870449,14.467279
DLO,2023-01-05,14.078172,14.064107
DLO,2023-01-06,14.739184,14.026603
DLO,2023-01-09,14.889201,14.832944
DLO,2023-01-10,14.851697,14.579791
DLO,2023-01-11,15.048594,14.570415
DLO,2023-01-12,15.311124,14.757936
DLO,2023-01-13,15.264245,15.08141
DLO,2023-01-17,15.170484,14.971711
DLO,2023-01-18,15.151731,14.945457
DLO,2023-01-19,15.048594,14.401645
DLO,2023-01-20,15.461142,15.123602
DLO,2023-01-23,15.273622,15.207988
DLO,2023-01-24,15.376757,15.170484
DLO,2023-01-25,15.01109,14.618232
DLO,2023-01-26,15.161107,14.997026
DLO,2023-01-27,15.686168,15.142356
DLO,2023-01-30,15.282995,15.207987
DLO,2023-01-31,15.554903,15.301749
DLO,2023-02-01,15.892442,15.264245
DLO,2023-02-02,16.070585,15.920568
DLO,2023-02-03,15.695543,15.442389
DLO,2023-02-06,15.479894,15.301748
DLO,2023-02-07,15.845561,15.207988
DLO,2023-02-08,15.695543,15.592406
DLO,2023-02-09,15.348629,15.329876
DLO,2023-02-10,15.17986,15.039219
DLO,2023-02-13,15.3205,15.048593
DLO,2023-02-14,15.423639,15.095476
DLO,2023-02-15,15.826808,15.282996
DLO,2023-02-16,14.861073,14.823569
DLO,2023-02-17,14.664176,14.532911
DLO,2023-02-21,14.429774,14.00785
DLO,2023-02-22,14.392269,14.289132
DLO,2023-02-23,14.439149,14.242251
DLO,2023-02-24,14.035978,13.92159
DLO,2023-02-27,14.073483,13.951594
DLO,2023-02-28,14.007851,13.970346
DLO,2023-03-01,14.345389,13.91409
DLO,2023-03-02,14.53291,14.064107
DLO,2023-03-03,14.2235,13.548423
DLO,2023-03-06,14.073483,14.064107
DLO,2023-03-07,13.548423,13.454663
DLO,2023-03-08,14.439149,13.567175
DLO,2023-03-09,14.082859,13.98441
DLO,2023-03-10,13.17338,12.91085
DLO,2023-03-13,14.026603,12.64832
DLO,2023-03-14,14.317262,14.026603
DLO,2023-03-15,14.082859,13.989098
DLO,2023-03-16,13.38903,13.304645
DLO,2023-03-17,13.707816,13.192132
DLO,2023-03-20,14.120364,13.473415
DLO,2023-03-21,14.832945,14.092235
DLO,2023-03-22,14.48603,14.467278
DLO,2023-03-23,14.364141,14.148492
DLO,2023-03-24,14.411022,14.139116
DLO,2023-03-27,14.364141,14.307886
DLO,2023-03-28,14.129739,14.115675
DLO,2023-03-29,14.579791,14.279756
DLO,2023-03-30,14.53291,14.39227
DLO,2023-03-31,15.207987,14.542287
DLO,2023-04-03,16.286236,15.039218
DLO,2023-04-04,15.883066,15.56428
DLO,2023-04-05,11.710712,11.148149
DLO,2023-04-06,12.62488,11.579448
DLO,2023-04-10,13.304645,12.413918
DLO,2023-04-11,13.360902,12.988672
DLO,2023-04-12,12.704576,12.67176
DLO,2023-04-13,13.098372,12.573312
DLO,2023-04-14,13.042115,12.779585
DLO,2023-04-17,13.257765,12.882721
DLO,2023-04-18,12.854594,12.657697
DLO,2023-04-19,12.788962,12.712078
DLO,2023-04-20,12.704576,12.573311
DLO,2023-04-21,13.229636,12.488927
DLO,2023-04-24,13.29527,13.060868
DLO,2023-04-25,12.667072,12.657696
DLO,2023-04-26,12.667072,12.657696
DLO,2023-04-27,12.882721,12.667072
DLO,2023-04-28,13.126499,12.835841
DLO,2023-05-01,12.929602,12.760832
DLO,2023-05-02,12.582688,12.540496
DLO,2023-05-03,12.760833,12.413918
DLO,2023-05-04,12.657696,12.563935
DLO,2023-05-05,12.95773,12.779585
DLO,2023-05-08,13.595304,12.953042
DLO,2023-05-09,13.529671,13.398405
DLO,2023-05-10,13.529671,13.370277
DLO,2023-05-11,12.788962,12.545184
DLO,2023-05-12,13.042115,12.627693
DLO,2023-05-15,13.796889,12.948355
DLO,2023-05-16,13.689064,13.417158
DLO,2023-05-17,13.126499,13.117123
DLO,2023-05-18,13.314021,12.929602
DLO,2023-05-19,13.229636,13.117123
DLO,2023-05-22,13.764073,13.304645
DLO,2023-05-23,13.351525,13.276517
DLO,2023-05-24,13.285892,12.854593
DLO,2023-05-25,12.938979,12.863971
DLO,2023-05-26,10.698097,8.4759684
DLO,2023-05-30,11.5982,10.970003
DLO,2023-05-31,10.913748,10.604337
DLO,2023-06-01,10.266798,10.158973
DLO,2023-06-02,9.8073711,9.5729693
DLO,2023-06-05,9.2073021,8.635362
DLO,2023-06-06,9.3479433,8.8885151
DLO,2023-06-07,9.8448744,9.3385666
DLO,2023-06-08,10.885618,9.8823789
DLO,2023-06-09,10.988756,10.773106
DLO,2023-06-12,11.326294,10.941875
DLO,2023-06-13,12.038876,11.345047
DLO,2023-06-14,11.823226,11.485688
DLO,2023-06-15,11.823226,11.570073
DLO,2023-06-16,12.020123,11.856042
DLO,2023-06-20,11.813849,11.673208
DLO,2023-06-21,11.691961,11.537256
DLO,2023-06-22,11.631016,11.415367
DLO,2023-06-23,11.382551,11.368487
DLO,2023-06-26,11.260661,11.241909
DLO,2023-06-27,11.354422,11.260661
DLO,2023-06-28,11.420055,11.260662
DLO,2023-06-29,11.316918,11.251286
DLO,2023-06-30,11.443496,11.260663
DLO,2023-07-03,11.607576,11.326294
DLO,2023-07-05,11.570072,11.438807
DLO,2023-07-06,11.195028,10.866866
DLO,2023-07-07,11.316918,11.195029
DLO,2023-07-10,11.391926,11.157524
DLO,2023-07-11,12.235773,11.428493
DLO,2023-07-12,12.667072,12.423294
DLO,2023-07-13,12.929602,12.498302
DLO,2023-07-14,12.751457,12.638944
DLO,2023-07-17,13.257765,12.704576
DLO,2023-07-18,13.632808,13.182757
DLO,2023-07-19,13.548423,13.379654
DLO,2023-07-20,13.689064,13.365589
DLO,2023-07-21,13.876586,13.492167
DLO,2023-07-24,13.881274,13.773449
DLO,2023-07-25,14.373517,13.979722
DLO,2023-07-26,14.251629,13.909402
DLO,2023-07-27,13.764073,13.745321
DLO,2023-07-28,14.148491,13.867209
DLO,2023-07-31,14.2235,14.017226
DLO,2023-08-01,14.148491,13.96097
DLO,2023-08-02,13.454663,13.351526
DLO,2023-08-03,13.117124,12.976483
DLO,2023-08-04,12.86397,12.817089
DLO,2023-08-07,12.817089,12.751457
DLO,2023-08-08,12.498303,12.357663
DLO,2023-08-09,11.963867,11.931051
DLO,2023-08-10,11.935739,11.710713
DLO,2023-08-11,11.888859,11.736966
DLO,2023-08-14,12.817089,11.570072
DLO,2023-08-15,14.53291,12.090444
DLO,2023-08-16,19.174067,18.292715
DLO,2023-08-17,18.020809,17.732027
DLO,2023-08-18,18.414604,17.63639
DLO,2023-08-21,17.711397,17.56138
DLO,2023-08-22,17.505125,17.439493
DLO,2023-08-23,17.720774,17.448869
DLO,2023-08-24,17.345732,17.195715
DLO,2023-08-25,18.264585,17.392611
DLO,2023-08-28,18.920912,18.25521
DLO,2023-08-29,19.64287,18.705263
DLO,2023-08-30,20.627357,19.504104
DLO,2023-08-31,20.102299,19.877273
DLO,2023-09-01,20.261692,19.71788
DLO,2023-09-05,19.980408,19.82289
DLO,2023-09-06,20.102299,19.87821
DLO,2023-09-07,20.158552,19.474099
DLO,2023-09-08,19.64287,19.226572
DLO,2023-09-11,20.121048,19.717878
DLO,2023-09-12,19.933529,19.746007
DLO,2023-09-13,20.177305,19.750694
DLO,2023-09-14,19.746006,19.361587
DLO,2023-09-15,19.033424,18.864657
DLO,2023-09-18,18.958414,18.770894
DLO,2023-09-19,18.489613,18.245835
DLO,2023-09-20,18.161451,18.161451
DLO,2023-09-21,17.711397,17.401987
DLO,2023-09-22,17.692646,17.617638
DLO,2023-09-25,17.795784,17.401989
DLO,2023-09-26,17.570759,17.401989
DLO,2023-09-27,17.861416,17.284788
DLO,2023-09-28,18.23646,17.833288
DLO,2023-09-29,17.973928,17.880167
DLO,2023-10-02,18.395853,17.870792
DLO,2023-10-03,17.636391,17.411365
DLO,2023-10-04,17.880167,17.552004
DLO,2023-10-05,17.58951,17.017569
DLO,2023-10-06,17.289476,16.858176
DLO,2023-10-09,17.383238,16.811297
DLO,2023-10-10,18.152075,17.355108
DLO,2023-10-11,17.992682,17.711398
DLO,2023-10-12,17.495749,17.11133
DLO,2023-10-13,17.195715,16.895681
DLO,2023-10-16,17.401989,17.045699
DLO,2023-10-17,17.308228,17.130083
DLO,2023-10-18,17.11133,16.708159
DLO,2023-10-19,17.176964,16.908809
DLO,2023-10-20,16.895681,16.567519
DLO,2023-10-23,17.345732,16.661279
DLO,2023-10-24,17.617638,17.37386
DLO,2023-10-25,16.698782,16.229978
DLO,2023-10-26,16.333117,15.892442
DLO,2023-10-27,15.967449,15.901815
DLO,2023-10-30,15.911193,15.733049
DLO,2023-10-31,15.79868,15.742424
DLO,2023-11-01,15.958074,15.442389
DLO,2023-11-02,17.11133,16.267484
DLO,2023-11-03,17.242596,17.073826
DLO,2023-11-06,17.073824,16.764414
DLO,2023-11-07,16.933184,16.848799
DLO,2023-11-08,17.176964,16.642528
DLO,2023-11-09,16.614397,16.515949
DLO,2023-11-10,16.736288,16.379996
DLO,2023-11-13,16.623775,16.596586
DLO,2023-11-14,17.692646,17.139458
DLO,2023-11-15,17.692646,17.401987
DLO,2023-11-16,17.392611,16.56658
DLO,2023-11-17,17.692646,17.261346
DLO,2023-11-20,17.711397,17.589509
DLO,2023-11-21,17.627012,17.345731
DLO,2023-11-22,16.29561,15.104851
DLO,2023-11-24,16.342493,16.136218
DLO,2023-11-27,16.173723,15.873689
DLO,2023-11-28,16.66128,15.969325
DLO,2023-11-29,16.239355,16.239355
DLO,2023-11-30,16.173723,15.904629
DLO,2023-12-01,16.708158,16.027456
DLO,2023-12-04,15.854937,15.751799
DLO,2023-12-05,15.779927,15.62991
DLO,2023-12-06,15.808056,15.704919
DLO,2023-12-07,15.986201,15.590532
DLO,2023-12-08,15.920568,15.779928
DLO,2023-12-11,16.29561,16.070585
DLO,2023-12-12,15.854937,15.70492
DLO,2023-12-13,15.883066,15.531463
DLO,2023-12-14,15.65804,15.433013
DLO,2023-12-15,15.273622,15.057971
DLO,2023-12-18,15.414261,15.292371
DLO,2023-12-19,16.304989,15.601783
DLO,2023-12-20,15.948698,15.826808
SPRU,2021-01-04,160.56,160
SPRU,2021-01-05,167.67999,160
SPRU,2021-01-06,160.24001,158
SPRU,2021-01-07,176.72,164.39999
SPRU,2021-01-08,169.92,167.60001
SPRU,2021-01-11,165.92,162.24001
SPRU,2021-01-12,167.60001,160
SPRU,2021-01-13,176.16,166.08
SPRU,2021-01-14,173.2,170.39999
SPRU,2021-01-15,161.03999,160.39999
SPRU,2021-01-19,158.16,155.75999
SPRU,2021-01-20,151.75999,150.39999
SPRU,2021-01-21,153.52,148.08
SPRU,2021-01-22,168,157.67999
SPRU,2021-01-25,159.67999,151.2
SPRU,2021-01-26,166.48,164.08
SPRU,2021-01-27,155.92,154.64
SPRU,2021-01-28,152.72,151.12
SPRU,2021-01-29,151.84,148.8
SPRU,2021-02-01,161.75999,148.16
SPRU,2021-02-02,161.2,160
SPRU,2021-02-03,156.96001,155.2
SPRU,2021-02-04,163.67999,161.75999
SPRU,2021-02-05,160.64,159.12
SPRU,2021-02-08,163.2,157.67999
SPRU,2021-02-09,165.52,158.8
SPRU,2021-02-10,158.56,156.8
SPRU,2021-02-11,158,153.60001
SPRU,2021-02-12,163.12,152.56
SPRU,2021-02-16,158.96001,158
SPRU,2021-02-17,154.56,153.67999
SPRU,2021-02-18,144.8,144.56
SPRU,2021-02-19,140.56,139.36
SPRU,2021-02-22,129.67999,128.88
SPRU,2021-02-23,116.4,106.48
SPRU,2021-02-24,117.12,114.48
SPRU,2021-02-25,116.32,113.6
SPRU,2021-02-26,113.36,110.448
SPRU,2021-03-01,118.8,114.912
SPRU,2021-03-02,127.6,123.28
SPRU,2021-03-03,110.88,102.48
SPRU,2021-03-04,96,90.800003
SPRU,2021-03-05,89.360001,76
SPRU,2021-03-08,83.839996,82.639999
SPRU,2021-03-09,92.959999,86.400002
SPRU,2021-03-10,95.199997,91.360001
SPRU,2021-03-11,101.84,95.120003
SPRU,2021-03-12,102.32,94.160004
SPRU,2021-03-15,107.12,102.16
SPRU,2021-03-16,103.36,101.6
SPRU,2021-03-17,103.84,97.919998
SPRU,2021-03-18,95.440002,94.160004
SPRU,2021-03-19,96.959999,90.160004
SPRU,2021-03-22,94.480003,93.199997
SPRU,2021-03-23,87.760002,86.480003
SPRU,2021-03-24,79.040001,78.559998
SPRU,2021-03-25,79.279999,74
SPRU,2021-03-26,75.919998,73.440002
SPRU,2021-03-29,73.360001,70.639999
SPRU,2021-03-30,70.559998,65.919998
SPRU,2021-03-31,71.839996,68.800003
SPRU,2021-04-01,63.119999,62.400002
SPRU,2021-04-05,59.919998,58
SPRU,2021-04-06,66.879997,57.759998
SPRU,2021-04-07,68.879997,68.480003
SPRU,2021-04-08,68.559998,65.800003
SPRU,2021-04-09,64.480003,63.040001
SPRU,2021-04-12,59.200001,57.759998
SPRU,2021-04-13,60.16,56
SPRU,2021-04-14,56.959999,56.52
SPRU,2021-04-15,52.880001,51.279999
SPRU,2021-04-16,51.919998,50.240002
SPRU,2021-04-19,51.84,49.52
SPRU,2021-04-20,48.880001,47.279999
SPRU,2021-04-21,54.560001,46.560001
SPRU,2021-04-22,53.599998,52.48
SPRU,2021-04-23,57.119999,52.992001
SPRU,2021-04-26,59.599998,55.360001
SPRU,2021-04-27,56.720001,56.240002
SPRU,2021-04-28,56.959999,55.84
SPRU,2021-04-29,55.439999,54.560001
SPRU,2021-04-30,54.400002,54.240002
SPRU,2021-05-03,52.240002,51.200001
SPRU,2021-05-04,51.200001,48.639999
SPRU,2021-05-05,49.599998,49.439999
SPRU,2021-05-06,48.400002,47.040001
SPRU,2021-05-07,49.439999,48.639999
SPRU,2021-05-10,46,45.360001
SPRU,2021-05-11,48.32,43.439999
SPRU,2021-05-12,46.240002,45.439999
SPRU,2021-05-13,44.799999,43.279999
SPRU,2021-05-14,47.599998,44.560001
SPRU,2021-05-17,49.84,47.200001
SPRU,2021-05-18,54.880001,47.919998
SPRU,2021-05-19,54.799999,51.439999
SPRU,2021-05-20,54.080002,52.080002
SPRU,2021-05-21,54.799999,53.279999
SPRU,2021-05-24,55.040001,52.792
SPRU,2021-05-25,51.84,51.360001
SPRU,2021-05-26,54.48,51.279999
SPRU,2021-05-27,55.919998,53.279999
SPRU,2021-05-28,55.200001,54.560001
SPRU,2021-06-01,58,54.759998
SPRU,2021-06-02,61.68,57.759998
SPRU,2021-06-03,64.160004,60.400002
SPRU,2021-06-04,62.720001,61.439999
SPRU,2021-06-07,66.239998,62.720001
SPRU,2021-06-08,73.519997,67.440002
SPRU,2021-06-09,72.080002,70
SPRU,2021-06-10,69.68,67.519997
SPRU,2021-06-11,68.800003,67.199997
SPRU,2021-06-14,68.160004,67.919998
SPRU,2021-06-15,65.040001,63.200001
SPRU,2021-06-16,66.400002,63.68
SPRU,2021-06-17,63.68,63.279999
SPRU,2021-06-18,63.599998,61.68
SPRU,2021-06-21,62.799999,61
SPRU,2021-06-22,63.919998,61
SPRU,2021-06-23,67.199997,64
SPRU,2021-06-24,70.32,67.760002
SPRU,2021-06-25,69.68,68.68
SPRU,2021-06-28,71.760002,70.559998
SPRU,2021-06-29,67.919998,67.288002
SPRU,2021-06-30,66.639999,65.440002
SPRU,2021-07-01,64.32,62.720001
SPRU,2021-07-02,62.48,62
SPRU,2021-07-06,62.639999,60.560001
SPRU,2021-07-07,63.200001,59.040001
SPRU,2021-07-08,61.599998,59.880001
SPRU,2021-07-09,58,57.279999
SPRU,2021-07-12,55.919998,55.119999
SPRU,2021-07-13,54.240002,53.52
SPRU,2021-07-14,53.599998,52.759998
SPRU,2021-07-15,54.799999,52.639999
SPRU,2021-07-16,53.52,52.799999
SPRU,2021-07-19,54.639999,51.52
SPRU,2021-07-20,54.560001,52.495998
SPRU,2021-07-21,56.560001,54.560001
SPRU,2021-07-22,55.759998,55.599998
SPRU,2021-07-23,53.84,52.880001
SPRU,2021-07-26,54.799999,53.360001
SPRU,2021-07-27,52.880001,51.591999
SPRU,2021-07-28,55.84,53.040001
SPRU,2021-07-29,54.720001,54.720001
SPRU,2021-07-30,55.84,54.080002
SPRU,2021-08-02,55.040001,54.880001
SPRU,2021-08-03,53.200001,52.200001
SPRU,2021-08-04,52.48,51.84
SPRU,2021-08-05,53.360001,51.919998
SPRU,2021-08-06,55.52,53.68
SPRU,2021-08-09,55.360001,54.959999
SPRU,2021-08-10,58.959999,56.240002
SPRU,2021-08-11,56.799999,54.799999
SPRU,2021-08-12,56.799999,55.200001
SPRU,2021-08-13,48.959999,48.48
SPRU,2021-08-16,46.560001,45.919998
SPRU,2021-08-17,45.279999,43.32
SPRU,2021-08-18,44.959999,44.400002
SPRU,2021-08-19,45.119999,43.919998
SPRU,2021-08-20,46.720001,44.848
SPRU,2021-08-23,49.759998,46.880001
SPRU,2021-08-24,53.919998,49.52
SPRU,2021-08-25,53.279999,51.84
SPRU,2021-08-26,53.279999,52.880001
SPRU,2021-08-27,54.48,52.959999
SPRU,2021-08-30,53.84,53.119999
SPRU,2021-08-31,54.400002,53.360001
SPRU,2021-09-01,54.080002,53.040001
SPRU,2021-09-02,54.240002,53.919998
SPRU,2021-09-03,54.32,52.639999
SPRU,2021-09-07,54.16,53.759998
SPRU,2021-09-08,52,50.48
SPRU,2021-09-09,52.32,51.200001
SPRU,2021-09-10,50.400002,50.240002
SPRU,2021-09-13,50.880001,49.200001
SPRU,2021-09-14,49.439999,48.880001
SPRU,2021-09-15,48.880001,48.48
SPRU,2021-09-16,49.759998,47.599998
SPRU,2021-09-17,52.240002,49.52
SPRU,2021-09-20,48.959999,48
SPRU,2021-09-21,49.279999,48.560001
SPRU,2021-09-22,50.32,49.591999
SPRU,2021-09-23,51.599998,49.68
SPRU,2021-09-24,49.52,49.279999
SPRU,2021-09-27,54.720001,49.200001
SPRU,2021-09-28,49.599998,49.52
SPRU,2021-09-29,47.84,47.599998
SPRU,2021-09-30,49.279999,47.360001
SPRU,2021-10-01,49.279999,47.84
SPRU,2021-10-04,45.68,44.959999
SPRU,2021-10-05,45.360001,44.639999
SPRU,2021-10-06,44.560001,43.919998
SPRU,2021-10-07,44.32,44.240002
SPRU,2021-10-08,43.040001,42.880001
SPRU,2021-10-11,41.919998,41.84
SPRU,2021-10-12,43.84,41.84
SPRU,2021-10-13,44.080002,43.119999
SPRU,2021-10-14,44.48,43.799999
SPRU,2021-10-15,43.919998,43.599998
SPRU,2021-10-18,43.919998,43.360001
SPRU,2021-10-19,45.119999,43.688
SPRU,2021-10-20,44.560001,44.080002
SPRU,2021-10-21,44.240002,43.919998
SPRU,2021-10-22,43.040001,42.240002
SPRU,2021-10-25,44.32,42.408001
SPRU,2021-10-26,43.68,43.599998
SPRU,2021-10-27,41.759998,41.720001
SPRU,2021-10-28,44.48,41.439999
SPRU,2021-10-29,43.84,43.759998
SPRU,2021-11-01,44,42.880001
SPRU,2021-11-02,44.48,42.560001
SPRU,2021-11-03,44.799999,43.52
SPRU,2021-11-04,44.240002,43.919998
SPRU,2021-11-05,42.720001,42.32
SPRU,2021-11-08,45.759998,43.200001
SPRU,2021-11-09,43.68,42.959999
SPRU,2021-11-10,42.400002,41.279999
SPRU,2021-11-11,44.560001,42.167999
SPRU,2021-11-12,43.68,43.439999
SPRU,2021-11-15,41.759998,41.360001
SPRU,2021-11-16,41.919998,40.240002
SPRU,2021-11-17,41.279999,40.560001
SPRU,2021-11-18,37.599998,37.119999
SPRU,2021-11-19,38.48,37.599998
SPRU,2021-11-22,37.119999,35.919998
SPRU,2021-11-23,39.599998,38.568001
SPRU,2021-11-24,38.560001,37.119999
SPRU,2021-11-26,37.439999,35.959999
SPRU,2021-11-29,35.52,35.360001
SPRU,2021-11-30,36.32,34.080002
SPRU,2021-12-01,32.720001,32.639999
SPRU,2021-12-02,34,32.400002
SPRU,2021-12-03,31.6,31.120001
SPRU,2021-12-06,33.84,29
SPRU,2021-12-07,34.400002,34
SPRU,2021-12-08,35.200001,33.880001
SPRU,2021-12-09,33.919998,33.439999
SPRU,2021-12-10,33.439999,32.799999
SPRU,2021-12-13,32,31.360001
SPRU,2021-12-14,32.400002,31.360001
SPRU,2021-12-15,32.240002,30.16
SPRU,2021-12-16,30.32,30.08
SPRU,2021-12-17,30.799999,28.639999
SPRU,2021-12-20,29.68,28.48
SPRU,2021-12-21,25.52,24.559999
SPRU,2021-12-22,27.76,25.52
SPRU,2021-12-23,30.48,27.360001
SPRU,2021-12-27,28,28
SPRU,2021-12-28,27.6,26.959999
SPRU,2021-12-29,26.32,26.16
SPRU,2021-12-30,28.4,26
SPRU,2021-12-31,26.48,26.32
SPRU,2022-01-03,26.879999,26.559999
SPRU,2022-01-04,26.16,25.879999
SPRU,2022-01-05,24,24
SPRU,2022-01-06,24.08,23.360001
SPRU,2022-01-07,23.76,23.440001
SPRU,2022-01-10,22.32,21.879999
SPRU,2022-01-11,23.76,22.16
SPRU,2022-01-12,23.040001,22.879999
SPRU,2022-01-13,22.08,21.76
SPRU,2022-01-14,21.84,21.120001
SPRU,2022-01-18,19.68,19.6
SPRU,2022-01-19,18.799999,18.559999
SPRU,2022-01-20,16.799999,16.719999
SPRU,2022-01-21,16.08,15.776
SPRU,2022-01-24,16.879999,14.28
SPRU,2022-01-25,16.559999,15.84
SPRU,2022-01-26,16.24,16.16
SPRU,2022-01-27,14.4,14.4
SPRU,2022-01-28,15.36,14.32
SPRU,2022-01-31,17.120001,15.44
SPRU,2022-02-01,17.6,16.24
SPRU,2022-02-02,16.32,16.16
SPRU,2022-02-03,14.88,14.8
SPRU,2022-02-04,15.52,14.64
SPRU,2022-02-07,14.72,14.64
SPRU,2022-02-08,14.96,14.16
SPRU,2022-02-09,15.28,14.64
SPRU,2022-02-10,14.48,14.32
SPRU,2022-02-11,13.76,13.68
SPRU,2022-02-14,14.16,13.6
SPRU,2022-02-15,14.88,14.488
SPRU,2022-02-16,14.8,14.336
SPRU,2022-02-17,13.92,13.76
SPRU,2022-02-18,13.44,13.2
SPRU,2022-02-22,14.48,13.2
SPRU,2022-02-23,13.04,13.04
SPRU,2022-02-24,14.88,12.16
SPRU,2022-02-25,14.56,13.96
SPRU,2022-02-28,15.6,14.48
SPRU,2022-03-01,14.72,14.48
SPRU,2022-03-02,17.280001,15.288
SPRU,2022-03-03,15.92,15.68
SPRU,2022-03-04,15.2,14.64
SPRU,2022-03-07,15.76,14.88
SPRU,2022-03-08,18.32,15.28
SPRU,2022-03-09,18.719999,18.48
SPRU,2022-03-10,19.6,17.76
SPRU,2022-03-11,17.68,17.6
SPRU,2022-03-14,15.68,15.6
SPRU,2022-03-15,16.24,15.6
SPRU,2022-03-16,17.68,16.48
SPRU,2022-03-17,18.959999,16.84
SPRU,2022-03-18,18.639999,18.48
SPRU,2022-03-21,17.6,17.440001
SPRU,2022-03-22,17.92,17.52
SPRU,2022-03-23,17.200001,17.120001
SPRU,2022-03-24,17.120001,16.639999
SPRU,2022-03-25,15.92,15.68
SPRU,2022-03-28,15.52,15.2
SPRU,2022-03-29,17.68,16
SPRU,2022-03-30,16.719999,16.719999
SPRU,2022-03-31,15.92,15.76
SPRU,2022-04-01,16.24,15.52
SPRU,2022-04-04,16.4,15.76
SPRU,2022-04-05,15.44,15.36
SPRU,2022-04-06,15.12,14.56
NNOX,2020-08-21,21.700001,20.254999
NNOX,2020-08-24,26.700001,23.5
NNOX,2020-08-25,28.9,27.171
NNOX,2020-08-26,27.58,25.75
NNOX,2020-08-27,24.77,24.301001
NNOX,2020-08-28,25.98,25
NNOX,2020-08-31,27.559999,26
NNOX,2020-09-01,35.75,27.65
NNOX,2020-09-02,39.799999,36.5
NNOX,2020-09-03,38.5,36.799999
NNOX,2020-09-04,36.400002,30.23
NNOX,2020-09-08,40.849998,35
NNOX,2020-09-09,44.02,43.119999
NNOX,2020-09-10,48.310001,45.25
NNOX,2020-09-11,64.190002,49
NNOX,2020-09-14,49.209999,48.200001
NNOX,2020-09-15,38,34.900002
NNOX,2020-09-16,36.799999,34.5
NNOX,2020-09-17,28.1,28
NNOX,2020-09-18,34.880001,29.33
NNOX,2020-09-21,28.83,27.629999
NNOX,2020-09-22,30.110001,22.299999
NNOX,2020-09-23,29.309999,27.5
NNOX,2020-09-24,27.190001,25.65
NNOX,2020-09-25,28.48,26.5
NNOX,2020-09-28,26.559999,26.450001
NNOX,2020-09-29,24,23.815001
NNOX,2020-09-30,23.52,22.5
NNOX,2020-10-01,23.969999,23.049999
NNOX,2020-10-02,37.439999,29.370001
NNOX,2020-10-05,39.5,38.060001
NNOX,2020-10-06,35.049999,34.57
NNOX,2020-10-07,39.720001,36.669998
NNOX,2020-10-08,36.740002,36.009998
NNOX,2020-10-09,36.799999,36.139999
NNOX,2020-10-12,35.189999,35
NNOX,2020-10-13,34.240002,33.700001
NNOX,2020-10-14,37.490002,34.080002
NNOX,2020-10-15,36.27,34.599998
NNOX,2020-10-16,35.200001,35
NNOX,2020-10-19,33.200001,33.009998
NNOX,2020-10-20,30.969999,30.26
NNOX,2020-10-21,30.93,29.299999
NNOX,2020-10-22,31.57,30.280001
NNOX,2020-10-23,30.74,30.33
NNOX,2020-10-26,28.92,27.940001
NNOX,2020-10-27,29.17,27.610001
NNOX,2020-10-28,26.66,26.5
NNOX,2020-10-29,29.16,27.6
NNOX,2020-10-30,27.6,26.93
NNOX,2020-11-02,27.379999,27.08
NNOX,2020-11-03,29.129999,27.709999
NNOX,2020-11-04,28.959999,28.299999
NNOX,2020-11-05,31.75,29.450001
NNOX,2020-11-06,34.07,30.200001
NNOX,2020-11-09,34.130001,33.389999
NNOX,2020-11-10,36.110001,34
NNOX,2020-11-11,38.040001,36.5
NNOX,2020-11-12,37.290001,35.52
NNOX,2020-11-13,36.07,35.759998
NNOX,2020-11-16,38.43,36.389999
NNOX,2020-11-17,37.810001,37.450001
NNOX,2020-11-18,36.82,36.700001
NNOX,2020-11-19,38.110001,37.060001
NNOX,2020-11-20,36.740002,36.5
NNOX,2020-11-23,43.299999,37.119999
NNOX,2020-11-24,45,41
NNOX,2020-11-25,46.07,43.599998
NNOX,2020-11-27,52.299999,48.200001
NNOX,2020-11-30,61.299999,49
NNOX,2020-12-01,59.200001,58.25
NNOX,2020-12-02,60.93,50.349998
NNOX,2020-12-03,58.060001,51
NNOX,2020-12-04,57.040001,53
NNOX,2020-12-07,52.709999,51.259998
NNOX,2020-12-08,49.720001,48
NNOX,2020-12-09,44.5,43.759998
NNOX,2020-12-10,48.799999,41.5
NNOX,2020-12-11,46.259998,46.119999
NNOX,2020-12-14,44.630001,44.029999
NNOX,2020-12-15,42.099998,42.099998
NNOX,2020-12-16,44.009998,41.790001
NNOX,2020-12-17,53.470001,44.5
NNOX,2020-12-18,49.630001,48.700001
NNOX,2020-12-21,50.310001,47.5
NNOX,2020-12-22,56.66,51.5
NNOX,2020-12-23,53.990002,51.549999
NNOX,2020-12-24,52.459999,50.567001
NNOX,2020-12-28,47.82,47.5
NNOX,2020-12-29,47.98,46.599998
NNOX,2020-12-30,48.549999,47.799999
NNOX,2020-12-31,45.66,44.75
NNOX,2021-01-04,45.720001,44.549999
NNOX,2021-01-05,45.549999,44.549999
NNOX,2021-01-06,45.880001,45
NNOX,2021-01-07,47.619999,46.200001
NNOX,2021-01-08,53.240002,47.599998
NNOX,2021-01-11,51.619999,50
NNOX,2021-01-12,51.75,48.880001
NNOX,2021-01-13,54.529999,51.759998
NNOX,2021-01-14,52.580002,50.580002
NNOX,2021-01-15,49.68,49.5
NNOX,2021-01-19,53.25,52.068001
NNOX,2021-01-20,52.459999,51
NNOX,2021-01-21,66.209999,51.560001
NNOX,2021-01-22,65.849998,61.509998
NNOX,2021-01-25,66.32,61.880001
NNOX,2021-01-26,85.129997,65.519997
NNOX,2021-01-27,89.389999,78.550003
NNOX,2021-01-28,72.019997,66
NNOX,2021-01-29,75.779999,71.545998
NNOX,2021-02-01,69.529999,65.037003
NNOX,2021-02-02,71.379997,68.800003
NNOX,2021-02-03,68.5,67.580002
NNOX,2021-02-04,65.370003,64.510002
NNOX,2021-02-05,69.769997,65.25
NNOX,2021-02-08,72.410004,68.82
NNOX,2021-02-09,81.970001,66.110001
NNOX,2021-02-10,73.540001,73.5
NNOX,2021-02-11,64.489998,63.5
NNOX,2021-02-12,66.150002,64
NNOX,2021-02-16,60.5,59.599998
NNOX,2021-02-17,59.380001,58.325001
NNOX,2021-02-18,55.5,54.200001
NNOX,2021-02-19,56.849998,54.509998
NNOX,2021-02-22,51.740002,50.5
NNOX,2021-02-23,48.23,43.299999
NNOX,2021-02-24,53.650002,47.299999
NNOX,2021-02-25,46.299999,46
NNOX,2021-02-26,45.27,44.200001
NNOX,2021-03-01,44.82,44.450001
NNOX,2021-03-02,43.009998,41.549999
NNOX,2021-03-03,41.669998,40.27
NNOX,2021-03-04,36.41,35.029999
NNOX,2021-03-05,39.41,32.200001
NNOX,2021-03-08,37.705002,37.560001
NNOX,2021-03-09,40.209999,38.84
NNOX,2021-03-10,39.540001,38.560001
NNOX,2021-03-11,44.400002,40.125
NNOX,2021-03-12,43.970001,42
NNOX,2021-03-15,50.299999,44.5
NNOX,2021-03-16,47.400002,45.599998
NNOX,2021-03-17,48.790001,44.220001
NNOX,2021-03-18,46.330002,46.099998
NNOX,2021-03-19,48.110001,46.099998
NNOX,2021-03-22,47.110001,46.299999
NNOX,2021-03-23,44.139999,43.25
NNOX,2021-03-24,39.27,38.569
NNOX,2021-03-25,40,37.060001
NNOX,2021-03-26,39.509998,37.509998
NNOX,2021-03-29,38.869999,38.028999
NNOX,2021-03-30,38.779999,37.209999
NNOX,2021-03-31,41.450001,39.153999
NNOX,2021-04-01,41.330002,40.599998
NNOX,2021-04-05,48.549999,47.259998
NNOX,2021-04-06,44.759998,43.709999
NNOX,2021-04-07,41.029999,40.400002
NNOX,2021-04-08,40.080002,39.849998
NNOX,2021-04-09,39.279999,38.716999
NNOX,2021-04-12,36.150002,35.639999
NNOX,2021-04-13,36.540001,35.299999
NNOX,2021-04-14,36.040001,35.700001
NNOX,2021-04-15,34.200001,33.279999
NNOX,2021-04-16,33.68,32.639999
NNOX,2021-04-19,32.43,31.799999
NNOX,2021-04-20,30.450001,29.51
NNOX,2021-04-21,33.23,29.25
NNOX,2021-04-22,32.880001,32.209999
NNOX,2021-04-23,33.849998,32.16
NNOX,2021-04-26,34.009998,33.52
NNOX,2021-04-27,35.889999,34.23
NNOX,2021-04-28,35.490002,34.110001
NNOX,2021-04-29,34.119999,33.43
NNOX,2021-04-30,33.549999,33.049999
NNOX,2021-05-03,31.34,31.25
NNOX,2021-05-04,30.360001,29.68
NNOX,2021-05-05,29.4,29.25
NNOX,2021-05-06,29.639999,27.73
NNOX,2021-05-07,29.09,28.815001
NNOX,2021-05-10,26.18,26.120001
NNOX,2021-05-11,21.299999,20.93
NNOX,2021-05-12,22.469999,20.700001
NNOX,2021-05-13,19.799999,19.65
NNOX,2021-05-14,21.91,19.049999
NNOX,2021-05-17,21.57,20.799999
NNOX,2021-05-18,24.27,21.42
NNOX,2021-05-19,23.389999,22.58
NNOX,2021-05-20,24.34,23.4
NNOX,2021-05-21,22.889999,22.719999
NNOX,2021-05-24,22.92,22.614
NNOX,2021-05-25,22.08,21.700001
NNOX,2021-05-26,23.690001,21.700001
NNOX,2021-05-27,26,23.549999
NNOX,2021-05-28,25,24.77
NNOX,2021-06-01,26.709999,24.540001
NNOX,2021-06-02,26.530001,25.688999
NNOX,2021-06-03,27.459999,25.33
NNOX,2021-06-04,27.52,27.120001
NNOX,2021-06-07,28.620001,27.6
NNOX,2021-06-08,28.6,27.568001
NNOX,2021-06-09,29.719999,28.5
NNOX,2021-06-10,28.66,27.804001
NNOX,2021-06-11,29.67,28.889999
NNOX,2021-06-14,29.200001,28.299999
NNOX,2021-06-15,28.25,27.719999
NNOX,2021-06-16,27.98,27.18
NNOX,2021-06-17,30.5,29.629999
NNOX,2021-06-18,30.01,29.25
NNOX,2021-06-21,30.700001,28.799999
NNOX,2021-06-22,30.549999,29.75
NNOX,2021-06-23,30.58,30.139999
NNOX,2021-06-24,29.84,29.450001
NNOX,2021-06-25,31.65,29.799999
NNOX,2021-06-28,33.310001,32.049999
NNOX,2021-06-29,32.889999,32.5
NNOX,2021-06-30,32.049999,31.559999
NNOX,2021-07-01,31.75,31.118999
NNOX,2021-07-02,30.48,30.33
NNOX,2021-07-06,32.049999,30.15
NNOX,2021-07-07,30.469999,29.576
NNOX,2021-07-08,30.02,28.9
NNOX,2021-07-09,31.200001,29.937
NNOX,2021-07-12,31.35,30.655001
NNOX,2021-07-13,29.780001,29.35
NNOX,2021-07-14,30.059999,29.379999
NNOX,2021-07-15,28.379999,27.790001
NNOX,2021-07-16,26.059999,25.860001
NNOX,2021-07-19,26.59,24.799999
NNOX,2021-07-20,27.82,26.209999
NNOX,2021-07-21,28.23,27.299999
NNOX,2021-07-22,27.73,27.450001
NNOX,2021-07-23,27.85,26.52
NNOX,2021-07-26,27.65,26.799999
NNOX,2021-07-27,27.74,26.360001
NNOX,2021-07-28,28.629999,27.200001
NNOX,2021-07-29,28.92,27.799999
NNOX,2021-07-30,28.35,28.059999
NNOX,2021-08-02,29.110001,28
NNOX,2021-08-03,29.290001,28.24
NNOX,2021-08-04,29.059999,28.879999
NNOX,2021-08-05,30.059999,28.6
NNOX,2021-08-06,30.049999,29.780001
NNOX,2021-08-09,30.120001,29.82
NNOX,2021-08-10,26.07,25.139999
NNOX,2021-08-11,26.16,25.441
NNOX,2021-08-12,28.290001,26.129999
NNOX,2021-08-13,27.190001,26.799999
NNOX,2021-08-16,24.98,24.82
NNOX,2021-08-17,23.969999,23.5
NNOX,2021-08-18,23.68,22.860001
NNOX,2021-08-19,21.43,21.309999
NNOX,2021-08-20,22.57,21.110001
NNOX,2021-08-23,22.969999,22.799999
NNOX,2021-08-24,24.200001,23.072001
NNOX,2021-08-25,24.17,23.93
NNOX,2021-08-26,23.790001,23.530001
NNOX,2021-08-27,24.52,23.77
NNOX,2021-08-30,24.18,24.01
NNOX,2021-08-31,24.66,23.889999
NNOX,2021-09-01,25.18,24.389999
NNOX,2021-09-02,25.129999,24.83
NNOX,2021-09-03,25.07,24.65
NNOX,2021-09-07,24.25,24.113001
NNOX,2021-09-08,23.92,23.07
NNOX,2021-09-09,23.620001,23.42
NNOX,2021-09-10,23.120001,22.969999
NNOX,2021-09-13,22.639999,22.32
NNOX,2021-09-14,21.93,21.82
NNOX,2021-09-15,22.459999,21.719999
NNOX,2021-09-16,23.48,22.35
NNOX,2021-09-17,24.33,23.25
NNOX,2021-09-20,22.76,22.4
NNOX,2021-09-21,23.33,22.922001
NNOX,2021-09-22,23.83,23.025
NNOX,2021-09-23,24.27,23.4
NNOX,2021-09-24,24.26,23.879999
NNOX,2021-09-27,25.65,24.040001
NNOX,2021-09-28,24.5,24.32
NNOX,2021-09-29,22.68,22.27
NNOX,2021-09-30,22.5,22.379999
NNOX,2021-10-01,22.870001,21.860001
NNOX,2021-10-04,22.09,21.35
NNOX,2021-10-05,23.42,22.1
NNOX,2021-10-06,22.299999,22.27
NNOX,2021-10-07,22.65,22.370001
NNOX,2021-10-08,21.92,21.889999
NNOX,2021-10-11,21.49,21.440001
NNOX,2021-10-12,22.370001,21.41
NNOX,2021-10-13,22.719999,22.27
NNOX,2021-10-14,23.110001,22.9
NNOX,2021-10-15,22.73,22.52
NNOX,2021-10-18,22.709999,22.299999
NNOX,2021-10-19,23.24,22.799999
NNOX,2021-10-20,23.68,22.91
NNOX,2021-10-21,23.690001,23.200001
NNOX,2021-10-22,22.74,22.51
NNOX,2021-10-25,23.09,22.5
NNOX,2021-10-26,22.549999,22.4
EHTH,2020-02-10,115.61,111.89
EHTH,2020-02-11,115.25,112.79
EHTH,2020-02-12,118.48,114.12
EHTH,2020-02-13,121.39,117.41
EHTH,2020-02-14,124.19,119.84
EHTH,2020-02-18,127.34,123.66
EHTH,2020-02-19,132.25,126
EHTH,2020-02-20,129.17999,126.54
EHTH,2020-02-21,131.52,130.58
EHTH,2020-02-24,118.65,118.01
EHTH,2020-02-25,114.16,110.81
EHTH,2020-02-26,111.75,110.41
EHTH,2020-02-27,110.16,104.57
EHTH,2020-02-28,117.35,104.19
EHTH,2020-03-02,123.87,112.45
EHTH,2020-03-03,119.89,119
EHTH,2020-03-04,146.09,125.11
EHTH,2020-03-05,144.92999,139.3
EHTH,2020-03-06,134.44,129.28
EHTH,2020-03-09,130.75999,119.6
EHTH,2020-03-10,134.00999,128
EHTH,2020-03-11,127.09,123.61
EHTH,2020-03-12,118.51,112.51
EHTH,2020-03-13,122.74,114.39
EHTH,2020-03-16,99.25,95.870003
EHTH,2020-03-17,109.06,87.209999
EHTH,2020-03-18,101,89.919998
EHTH,2020-03-19,103.54,95.470001
EHTH,2020-03-20,102.76,99.110001
EHTH,2020-03-23,108.69,94.809998
EHTH,2020-03-24,125.29,114.59
EHTH,2020-03-25,130.24001,118.17
EHTH,2020-03-26,139.21001,130.14999
EHTH,2020-03-27,134.61,130.14
EHTH,2020-03-30,142.00999,136.17
EHTH,2020-03-31,140.82001,140
EHTH,2020-04-01,133.64,130.11
EHTH,2020-04-02,133.99001,129.03999
EHTH,2020-04-03,128.21001,125.37
EHTH,2020-04-06,130.57001,123.45
EHTH,2020-04-07,116.9,112.5
EHTH,2020-04-08,103.2,93.059998
EHTH,2020-04-09,115.01,100.8
EHTH,2020-04-13,111.83,108.25
EHTH,2020-04-14,120.79,113.5
EHTH,2020-04-15,119.21,116
EHTH,2020-04-16,125,117.12
EHTH,2020-04-17,127.86,122.01
EHTH,2020-04-20,127.27,125.29
EHTH,2020-04-21,119.52,118.79
EHTH,2020-04-22,118.88,118
EHTH,2020-04-23,126.25,118.62
EHTH,2020-04-24,109.31,107.8
EHTH,2020-04-27,105.62,102.5
EHTH,2020-04-28,110.42,104.55
EHTH,2020-04-29,109.12,104.4
EHTH,2020-04-30,106.7,106.38
EHTH,2020-05-01,106.43,104.86
EHTH,2020-05-04,103.28,101.93
EHTH,2020-05-05,108.15,103.8
EHTH,2020-05-06,109.13,107.89
EHTH,2020-05-07,116.04,110.38
EHTH,2020-05-08,116.18,113.78
EHTH,2020-05-11,124.45,114.01
EHTH,2020-05-12,121.74,121.53
EHTH,2020-05-13,118.7,113.23
EHTH,2020-05-14,114.45,112.45
EHTH,2020-05-15,117.76,112.68
EHTH,2020-05-18,126.78,120.65
EHTH,2020-05-19,124.32,124.13
EHTH,2020-05-20,128.17,125.28
EHTH,2020-05-21,133.64,126.15
EHTH,2020-05-22,133.66,131.25999
EHTH,2020-05-26,127.01,125.8
EHTH,2020-05-27,121.18,115.58
EHTH,2020-05-28,127.76,122.06
EHTH,2020-05-29,130.42,123.94
EHTH,2020-06-01,130.42,128.16
EHTH,2020-06-02,131.72,126.03
EHTH,2020-06-03,128.73,127.5
EHTH,2020-06-04,115.74,114.85
EHTH,2020-06-05,118.1,105.24
EHTH,2020-06-08,106.8,106.19
EHTH,2020-06-09,110.1,108.2
EHTH,2020-06-10,109.62,109
EHTH,2020-06-11,107.4,104.71
EHTH,2020-06-12,105.39,102.53
EHTH,2020-06-15,109.93,105.03
EHTH,2020-06-16,110.18,106.58
EHTH,2020-06-17,108.03,107.28
EHTH,2020-06-18,107.98,107.18
EHTH,2020-06-19,108.87,107.62
EHTH,2020-06-22,107.24,105.36
EHTH,2020-06-23,110.64,107.69
EHTH,2020-06-24,103.86,103
EHTH,2020-06-25,100.55,97.800003
EHTH,2020-06-26,91.279999,90.949997
EHTH,2020-06-29,95.269997,87.5
EHTH,2020-06-30,98.239998,94.889999
EHTH,2020-07-01,101.94,98.190002
EHTH,2020-07-02,103.67,102
EHTH,2020-07-06,104.5,103.26
EHTH,2020-07-07,106.24,103.29
EHTH,2020-07-08,105.18,103.44
EHTH,2020-07-09,107.69,102.65
EHTH,2020-07-10,110.98,106.67
EHTH,2020-07-13,109.99,109.07
EHTH,2020-07-14,114,109.46
EHTH,2020-07-15,108.06,107.09
EHTH,2020-07-16,105.31,104.63
EHTH,2020-07-17,106.87,104.51
EHTH,2020-07-20,111.85,107
EHTH,2020-07-21,111.71,109.75
EHTH,2020-07-22,114.86,110.45
EHTH,2020-07-23,114,112.19
EHTH,2020-07-24,79.169998,74.589996
EHTH,2020-07-27,76.269997,75.5
EHTH,2020-07-28,72.529999,72.419998
EHTH,2020-07-29,69.860001,68.989998
EHTH,2020-07-30,72.25,67.669998
EHTH,2020-07-31,69.139999,68.540001
EHTH,2020-08-03,67.589996,66.150002
EHTH,2020-08-04,70.910004,67.889999
EHTH,2020-08-05,71.800003,70.620003
EHTH,2020-08-06,76.43,73.970001
EHTH,2020-08-07,79.459999,76.25
EHTH,2020-08-10,76.529999,76.32
EHTH,2020-08-11,76.940002,76.589996
EHTH,2020-08-12,74.510002,74.089996
EHTH,2020-08-13,75.889999,73.449997
EHTH,2020-08-14,74.290001,72.889999
EHTH,2020-08-17,74.980003,73.809998
EHTH,2020-08-18,76.279999,74.349998
EHTH,2020-08-19,71.239998,70.32
EHTH,2020-08-20,69.839996,69.459999
EHTH,2020-08-21,68.57,67.889999
EHTH,2020-08-24,65.75,64.889999
EHTH,2020-08-25,64.599998,64.029999
EHTH,2020-08-26,62.810001,62.279999
EHTH,2020-08-27,61.810001,61.290001
EHTH,2020-08-28,63.900002,60.400002
EHTH,2020-08-31,63.119999,62.060001
EHTH,2020-09-01,63.59,62.41
EHTH,2020-09-02,67.599998,63.380001
EHTH,2020-09-03,66.400002,63.68
EHTH,2020-09-04,63.900002,61.099998
EHTH,2020-09-08,66.32,63.279999
EHTH,2020-09-09,67.949997,66.010002
EHTH,2020-09-10,71.339996,68.489998
EHTH,2020-09-11,71.779999,70.760002
EHTH,2020-09-14,75.68,72.220001
EHTH,2020-09-15,75.599998,74.25
EHTH,2020-09-16,76.25,75.5
EHTH,2020-09-17,78.279999,74.650002
EHTH,2020-09-18,79.040001,78.139999
EHTH,2020-09-21,77.050003,75.440002
EHTH,2020-09-22,75.669998,75.32
EHTH,2020-09-23,72.43,72.129997
EHTH,2020-09-24,70.440002,70.080002
EHTH,2020-09-25,75,72.900002
EHTH,2020-09-28,74.660004,73.900002
EHTH,2020-09-29,76.139999,73.870003
EHTH,2020-09-30,79,76.07
EHTH,2020-10-01,85.330002,80.150002
EHTH,2020-10-02,88.660004,82.379997
EHTH,2020-10-05,93.300003,89.18
EHTH,2020-10-06,85.550003,84.779999
EHTH,2020-10-07,85.889999,84.290001
EHTH,2020-10-08,85.690002,85.269997
EHTH,2020-10-09,86.040001,85.5
EHTH,2020-10-12,83.480003,83.190002
EHTH,2020-10-13,82.139999,81.269997
EHTH,2020-10-14,81.160004,80.849998
EHTH,2020-10-15,82.190002,80.550003
EHTH,2020-10-16,81.830002,81.260002
EHTH,2020-10-19,82.690002,81.5
EHTH,2020-10-20,83.75,82.470001
EHTH,2020-10-21,81.699997,78.080002
EHTH,2020-10-22,82.019997,79
EHTH,2020-10-23,76.120003,74.25
EHTH,2020-10-26,72.75,72.300003
EHTH,2020-10-27,75,73
EHTH,2020-10-28,74.169998,72.57
EHTH,2020-10-29,68.699997,68.699997
EHTH,2020-10-30,67.110001,66.559998
EHTH,2020-11-02,66.279999,65.489998
EHTH,2020-11-03,69.099998,66.919998
EHTH,2020-11-04,73.93,70.510002
EHTH,2020-11-05,74.089996,73.279999
EHTH,2020-11-06,74.290001,73.349998
EHTH,2020-11-09,73.860001,73.139999
EHTH,2020-11-10,73.870003,69.589996
EHTH,2020-11-11,73.260002,71.529999
EHTH,2020-11-12,70.5,69.839996
EHTH,2020-11-13,71.32,70.150002
EHTH,2020-11-16,73.980003,71.339996
EHTH,2020-11-17,73.510002,72.040001
EHTH,2020-11-18,72.849998,72.699997
EHTH,2020-11-19,74.599998,72.199997
EHTH,2020-11-20,74.580002,73.589996
EHTH,2020-11-23,75.190002,74.709999
EHTH,2020-11-24,75.779999,74.519997
EHTH,2020-11-25,77.5,74.550003
EHTH,2020-11-27,81.099998,77.839996
EHTH,2020-11-30,75.989998,75.330002
EHTH,2020-12-01,71.68,71.580002
EHTH,2020-12-02,75.760002,71.480003
EHTH,2020-12-03,76.139999,75.010002
EHTH,2020-12-04,77.010002,75.57
EHTH,2020-12-07,74.760002,74.309998
EHTH,2020-12-08,76.370003,73.730003
EHTH,2020-12-09,73.160004,72.040001
EHTH,2020-12-10,72.550003,72.209999
EHTH,2020-12-11,70.989998,69.82
EHTH,2020-12-14,70.709999,70.269997
EHTH,2020-12-15,72.620003,69.989998
EHTH,2020-12-16,71.989998,71.589996
EHTH,2020-12-17,72.639999,71.989998
EHTH,2020-12-18,71.480003,71.169998
EHTH,2020-12-21,72.510002,70.050003
EHTH,2020-12-22,71.959999,71.18
EHTH,2020-12-23,73.050003,71.540001
EHTH,2020-12-24,73.900002,72.220001
EHTH,2020-12-28,71.860001,71.019997
EHTH,2020-12-29,71.059998,70.199997
EHTH,2020-12-30,70.260002,68.879997
EHTH,2020-12-31,70.610001,69
EHTH,2021-01-04,69.43,68.809998
EHTH,2021-01-05,70.169998,68.559998
EHTH,2021-01-06,69.989998,69.5
EHTH,2021-01-07,70.199997,69.669998
EHTH,2021-01-08,70,69.379997
EHTH,2021-01-11,70.360001,69.019997
EHTH,2021-01-12,70.650002,69.550003
EHTH,2021-01-13,70.370003,69.660004
EHTH,2021-01-14,70.470001,69.75
EHTH,2021-01-15,71.059998,70.349998
EHTH,2021-01-19,71.940002,71.199997
EHTH,2021-01-20,77.940002,72
EHTH,2021-01-21,81.419998,78.269997
EHTH,2021-01-22,79.739998,78.209999
EHTH,2021-01-25,82.970001,80.419998
EHTH,2021-01-26,85.089996,82.419998
EHTH,2021-01-27,84.639999,82.260002
EHTH,2021-01-28,78.199997,78.029999
EHTH,2021-01-29,47.849998,47.84
EHTH,2021-02-01,49.32,48.540001
EHTH,2021-02-02,49.669998,48.540001
EHTH,2021-02-03,51.529999,48.900002
EHTH,2021-02-04,56,51.119999
EHTH,2021-02-05,57.73,55.860001
EHTH,2021-02-08,57.369999,56.650002
EHTH,2021-02-09,58.73,57.02
EHTH,2021-02-10,58.689999,58.299999
EHTH,2021-02-11,56.490002,55.240002
EHTH,2021-02-12,54.84,54.560001
EHTH,2021-02-16,53.740002,53.73
EHTH,2021-02-17,54.470001,51.529999
EHTH,2021-02-18,54.259998,52.299999
EHTH,2021-02-19,57.68,51.5
EHTH,2021-02-22,58.950001,56.060001
EHTH,2021-02-23,58.07,55.259998
EHTH,2021-02-24,61.130001,58.150002
EHTH,2021-02-25,59.259998,58.200001
EHTH,2021-02-26,59.419998,57.84
EHTH,2021-03-01,58.43,57.509998
EHTH,2021-03-02,56.209999,56.099998
EHTH,2021-03-03,55.700001,54.610001
EHTH,2021-03-04,52.080002,52.02
EHTH,2021-03-05,53,48.900002
EHTH,2021-03-08,51.029999,50.900002
EHTH,2021-03-09,53.799999,52.200001
EHTH,2021-03-10,55.919998,52.900002
EHTH,2021-03-11,60.889999,55.299999
EHTH,2021-03-12,64.25,58.5
EHTH,2021-03-15,65.010002,63.73
EHTH,2021-03-16,64.010002,63
EHTH,2021-03-17,63.939999,61.77
EHTH,2021-03-18,62.240002,62.110001
EHTH,2021-03-19,65.010002,59.990002
EHTH,2021-03-22,68.089996,63.700001
EHTH,2021-03-23,67.639999,66
EHTH,2021-03-24,67.099998,66.169998
EHTH,2021-03-25,68.209999,63
EHTH,2021-03-26,70.040001,67.849998
EHTH,2021-03-29,71.870003,68.610001
EHTH,2021-03-30,72.120003,70.910004
EHTH,2021-03-31,72.730003,71.370003
EHTH,2021-04-01,74.129997,71.18
EHTH,2021-04-05,72.389999,71.650002
EHTH,2021-04-06,72.919998,72.279999
EHTH,2021-04-07,71.099998,70.879997
EHTH,2021-04-08,73.330002,71.510002
EHTH,2021-04-09,73.660004,72.25
EHTH,2021-04-12,71.440002,70.25
EHTH,2021-04-13,72.260002,70.779999
EHTH,2021-04-14,70.07,69.959999
EHTH,2021-04-15,70,69.330002
EHTH,2021-04-16,70.150002,68.669998
EHTH,2021-04-19,68.839996,67.790001
EHTH,2021-04-20,67.309998,66.769997
EHTH,2021-04-21,68.400002,66.269997
EHTH,2021-04-22,66.620003,65.809998
EHTH,2021-04-23,67.279999,64.93
EHTH,2021-04-26,69.230003,67.339996
EHTH,2021-04-27,70.529999,69.230003
EHTH,2021-04-28,71.230003,69.690002
EHTH,2021-04-29,70.150002,70.019997
EHTH,2021-04-30,70.739998,70.080002
EHTH,2021-05-03,67.18,67.050003
EHTH,2021-05-04,67.519997,65.620003
EHTH,2021-05-05,66.690002,66.110001
EHTH,2021-05-06,65.879997,64.150002
EHTH,2021-05-07,68.949997,66.309998
EHTH,2021-05-10,63.790001,63.139999
EHTH,2021-05-11,64.050003,61.299999
EHTH,2021-05-12,61.389999,61.259998
EMWPF,2017-06-05,187,186
EMWPF,2017-06-06,188,181
EMWPF,2017-06-07,180,179
EMWPF,2017-06-08,176,175
EMWPF,2017-06-09,179,177
EMWPF,2017-06-12,189,180
EMWPF,2017-06-13,197,190
EMWPF,2017-06-14,200,195
EMWPF,2017-06-15,206,190.10001
EMWPF,2017-06-16,212,201
EMWPF,2017-06-19,216,212.41
EMWPF,2017-06-20,215,214
EMWPF,2017-06-21,219,216
EMWPF,2017-06-22,212,208
EMWPF,2017-06-23,213,206
EMWPF,2017-06-26,223,209
EMWPF,2017-06-27,233,222
EMWPF,2017-06-28,234,229
EMWPF,2017-06-29,234,229
EMWPF,2017-06-30,229,225
EMWPF,2017-07-03,233,230
EMWPF,2017-07-05,236,229
EMWPF,2017-07-06,231,231
EMWPF,2017-07-07,231,225
EMWPF,2017-07-10,228,223
EMWPF,2017-07-11,233,225
EMWPF,2017-07-12,233,230
EMWPF,2017-07-13,236,230
EMWPF,2017-07-14,236,234
EMWPF,2017-07-17,238,237
EMWPF,2017-07-18,261,237
EMWPF,2017-07-19,278,259
EMWPF,2017-07-20,272,268
EMWPF,2017-07-21,270,211
EMWPF,2017-07-24,269,262.42001
EMWPF,2017-07-25,270,268
EMWPF,2017-07-26,275,268
EMWPF,2017-07-27,261,250
EMWPF,2017-07-28,217,174
EMWPF,2017-07-31,200,195
EMWPF,2017-08-01,192,190
EMWPF,2017-08-02,174,173
EMWPF,2017-08-03,177,166
EMWPF,2017-08-04,164,161
EMWPF,2017-08-07,187,185.5
EMWPF,2017-08-08,188,178
EMWPF,2017-08-09,179,178
EMWPF,2017-08-10,163,163
EMWPF,2017-08-11,145,139.5
EMWPF,2017-08-14,142,134.5
EMWPF,2017-08-15,137,133
EMWPF,2017-08-16,150,138
EMWPF,2017-08-17,148,147
EMWPF,2017-08-18,144,140
EMWPF,2017-08-21,140,137
EMWPF,2017-08-22,145,138
EMWPF,2017-08-23,159,143
EMWPF,2017-08-24,170,156
EMWPF,2017-08-25,183,170
EMWPF,2017-08-28,195,185
EMWPF,2017-08-29,191,188.10001
EMWPF,2017-08-30,202,191
EMWPF,2017-08-31,195,192
EMWPF,2017-09-01,245,194
EMWPF,2017-09-05,229,208
EMWPF,2017-09-06,238,226.326
EMWPF,2017-09-07,232,227
EMWPF,2017-09-08,235,230
EMWPF,2017-09-11,250,235
EMWPF,2017-09-12,257,249
EMWPF,2017-09-13,266,261
EMWPF,2017-09-14,266,256
EMWPF,2017-09-15,265,252
EMWPF,2017-09-18,293,265.89999
EMWPF,2017-09-19,322,285
EMWPF,2017-09-20,303,300.10001
EMWPF,2017-09-21,286,255
EMWPF,2017-09-22,283,265
EMWPF,2017-09-25,271,271
EMWPF,2017-09-26,267,258
EMWPF,2017-09-27,272,265
EMWPF,2017-09-28,271,263
EMWPF,2017-09-29,286,253
EMWPF,2017-10-02,300,278.65601
EMWPF,2017-10-03,291,287
EMWPF,2017-10-04,283,282
EMWPF,2017-10-05,305,280
EMWPF,2017-10-06,286,277
EMWPF,2017-10-09,291,288
EMWPF,2017-10-10,297,286
EMWPF,2017-10-11,296,282
EMWPF,2017-10-12,285,285
EMWPF,2017-10-13,295,278
EMWPF,2017-10-16,291,278.5
EMWPF,2017-10-17,273,263
EMWPF,2017-10-18,278,255
EMWPF,2017-10-19,278,271
EMWPF,2017-10-20,264,259
EMWPF,2017-10-23,251,233
EMWPF,2017-10-24,244,238
EMWPF,2017-10-25,245,241
EMWPF,2017-10-26,244,236
EMWPF,2017-10-27,238,237
EMWPF,2017-10-30,231,228
EMWPF,2017-10-31,245,230.5
EMWPF,2017-11-01,254,237.5
EMWPF,2017-11-02,256,255
EMWPF,2017-11-03,254,252
EMWPF,2017-11-06,252,245
EMWPF,2017-11-07,255,247
EMWPF,2017-11-08,255,248
EMWPF,2017-11-09,261,251.10001
EMWPF,2017-11-10,257,248.10001
EMWPF,2017-11-13,258,251
EMWPF,2017-11-14,255,246
EMWPF,2017-11-15,245,244
EMWPF,2017-11-16,260,247
EMWPF,2017-11-17,260,251
EMWPF,2017-11-20,267,257
EMWPF,2017-11-21,267,260
EMWPF,2017-11-22,265,262
EMWPF,2017-11-24,269,261
EMWPF,2017-11-27,258,256
EMWPF,2017-11-28,261,256
EMWPF,2017-11-29,258,256
EMWPF,2017-11-30,252,249
EMWPF,2017-12-01,255,239
EMWPF,2017-12-04,220,206
EMWPF,2017-12-05,228,222.10001
EMWPF,2017-12-06,215,206
EMWPF,2017-12-07,212,208
EMWPF,2017-12-08,221,208
EMWPF,2017-12-11,219,216
EMWPF,2017-12-12,198,197
EMWPF,2017-12-13,193,188
EMWPF,2017-12-14,201,193.5
EMWPF,2017-12-15,200,196
EMWPF,2017-12-18,193,187
EMWPF,2017-12-19,188,187
EMWPF,2017-12-20,184,184
EMWPF,2017-12-21,195,185
EMWPF,2017-12-22,188,186
EMWPF,2017-12-26,194,189
EMWPF,2017-12-27,196,190
EMWPF,2017-12-28,197,196
EMWPF,2017-12-29,193,189
EMWPF,2018-01-02,209,196
EMWPF,2018-01-03,206,204
EMWPF,2018-01-04,202,201
EMWPF,2018-01-05,198,196
EMWPF,2018-01-08,192,191
EMWPF,2018-01-09,201,194
EMWPF,2018-01-10,204,200
EMWPF,2018-01-11,204,203
EMWPF,2018-01-12,207,199
EMWPF,2018-01-16,208,203
EMWPF,2018-01-17,213,209
EMWPF,2018-01-18,211,206.5
EMWPF,2018-01-19,220,207
EMWPF,2018-01-22,219,209
EMWPF,2018-01-23,218,216
EMWPF,2018-01-24,223,216
EMWPF,2018-01-25,220,217.5
EMWPF,2018-01-26,220,218
EMWPF,2018-01-29,223,218
EMWPF,2018-01-30,223,218
EMWPF,2018-01-31,228,220
EMWPF,2018-02-01,234,226
EMWPF,2018-02-02,229,221
EMWPF,2018-02-05,223,223
EMWPF,2018-02-06,228,218
EMWPF,2018-02-07,230,225
EMWPF,2018-02-08,239,229
EMWPF,2018-02-09,245,228
EMWPF,2018-02-12,246,239
EMWPF,2018-02-13,247,242.10001
EMWPF,2018-02-14,254,242
EMWPF,2018-02-15,252,250
EMWPF,2018-02-16,254,246
EMWPF,2018-02-20,266,261
EMWPF,2018-02-21,262,252
EMWPF,2018-02-22,261,259
EMWPF,2018-02-23,264,254.496
EMWPF,2018-02-26,265,259
EMWPF,2018-02-27,269,259
EMWPF,2018-02-28,264,263
EMWPF,2018-03-01,263,257
EMWPF,2018-03-02,266,258
EMWPF,2018-03-05,263,261
EMWPF,2018-03-06,266,260
EMWPF,2018-03-07,264,262
EMWPF,2018-03-08,263,260
EMWPF,2018-03-09,264,261
EMWPF,2018-03-12,268,263
EMWPF,2018-03-13,265,261
EMWPF,2018-03-14,263,258
EMWPF,2018-03-15,264,261
EMWPF,2018-03-16,261,256
EMWPF,2018-03-19,254,253
EMWPF,2018-03-20,247,246
EMWPF,2018-03-21,253,242
EMWPF,2018-03-22,250,247
EMWPF,2018-03-23,244,244
EMWPF,2018-03-26,251,242
EMWPF,2018-03-27,233,230
EMWPF,2018-03-28,231,226.5
EMWPF,2018-03-29,218,217
EMWPF,2018-04-02,200,197
EMWPF,2018-04-03,213,200
EMWPF,2018-04-04,215,209
EMWPF,2018-04-05,219,214
EMWPF,2018-04-06,216,210
EMWPF,2018-04-09,211,210
EMWPF,2018-04-10,214,210
EMWPF,2018-04-11,213,211
EMWPF,2018-04-12,218,212
EMWPF,2018-04-13,218,214
EMWPF,2018-04-16,220,212
EMWPF,2018-04-17,232,218
EMWPF,2018-04-18,239,230
EMWPF,2018-04-19,239,235
EMWPF,2018-04-20,233,231
EMWPF,2018-04-23,233,230
EMWPF,2018-04-24,226,226
EMWPF,2018-04-25,219,217
EMWPF,2018-04-26,220,214
EMWPF,2018-04-27,221,219
EMWPF,2018-04-30,214,214
EMWPF,2018-05-01,219,206.5
EMWPF,2018-05-02,221,216
EMWPF,2018-05-03,221,218
EMWPF,2018-05-04,221,218
EMWPF,2018-05-07,233,223
EMWPF,2018-05-08,228,227
EMWPF,2018-05-09,228,225
EMWPF,2018-05-10,232,225.5
EMWPF,2018-05-11,228,225
EMWPF,2018-05-14,240,226
EMWPF,2018-05-15,238,238
EMWPF,2018-05-16,240,234
EMWPF,2018-05-17,249,241
EMWPF,2018-05-18,267,248
EMWPF,2018-05-21,270,267
EMWPF,2018-05-22,269,266
EMWPF,2018-05-23,267,261
EMWPF,2018-05-24,264,261
EMWPF,2018-05-25,257,255
EMWPF,2018-05-29,257,253.86
EMWPF,2018-05-30,264,260
EMWPF,2018-05-31,270,265
EMWPF,2018-06-01,276,268
EMWPF,2018-06-04,277,273
EMWPF,2018-06-05,282,273
EMWPF,2018-06-06,282,278
EMWPF,2018-06-07,267,266
EMWPF,2018-06-08,263,256
EMWPF,2018-06-11,260,257
EMWPF,2018-06-12,268,260
EMWPF,2018-06-13,267,265.5
EMWPF,2018-06-14,268,264
EMWPF,2018-06-15,271,266
EMWPF,2018-06-18,276,268
EMWPF,2018-06-19,273,271
EMWPF,2018-06-20,285,271
EMWPF,2018-06-21,281,280
EMWPF,2018-06-22,277,272
EMWPF,2018-06-25,270,269.5
EMWPF,2018-06-26,264,259
EMWPF,2018-06-27,282,252
EMWPF,2018-06-28,275,273
EMWPF,2018-06-29,260,256
EMWPF,2018-07-02,270,257
EMWPF,2018-07-03,272,268
EMWPF,2018-07-05,276,271
EMWPF,2018-07-06,282,272
EMWPF,2018-07-09,290,278
EMWPF,2018-07-10,288,278
EMWPF,2018-07-11,278,278
EMWPF,2018-07-12,279,274
EMWPF,2018-07-13,273,272
EMWPF,2018-07-16,275,271
EMWPF,2018-07-17,278,275
EMWPF,2018-07-18,274,273
EMWPF,2018-07-19,272,272
EMWPF,2018-07-20,268,266
EMWPF,2018-07-23,266,265
EMWPF,2018-07-24,269,264.5
EMWPF,2018-07-25,261,261
EMWPF,2018-07-26,264,254
EMWPF,2018-07-27,265,256
EMWPF,2018-07-30,266,263.5
EMWPF,2018-07-31,269,267
EMWPF,2018-08-01,266,265
EMWPF,2018-08-02,259,257.5
EMWPF,2018-08-03,259,255
EMWPF,2018-08-06,263,258
EMWPF,2018-08-07,264,262
EMWPF,2018-08-08,261,261
EMWPF,2018-08-09,268,263
EMWPF,2018-08-10,268,264
EMWPF,2018-08-13,263,262
EMWPF,2018-08-14,267,265
EMWPF,2018-08-15,258,250
EMWPF,2018-08-16,252,251
EMWPF,2018-08-17,241,237
EMWPF,2018-08-20,242,239
EMWPF,2018-08-21,246,241
EMWPF,2018-08-22,250,246
EMWPF,2018-08-23,262,248
EMWPF,2018-08-24,250,247.5
EMWPF,2018-08-27,259,252
EMWPF,2018-08-28,241,241
EMWPF,2018-08-29,244,240
EMWPF,2018-08-30,218,216
EMWPF,2018-08-31,226,217
EMWPF,2018-09-04,225,223
EMWPF,2018-09-05,223,221
TOON,2020-04-06,2.4000001,2.25
TOON,2020-04-07,2.3900001,2.2
TOON,2020-04-08,2.47,2.3
TOON,2020-04-09,2.5899999,2.3499999
TOON,2020-04-13,2.5599999,2.4100001
TOON,2020-04-14,2.5999999,2.3099999
TOON,2020-04-15,2.5699999,2.48
TOON,2020-04-16,2.8,2.5
TOON,2020-04-17,3.3,2.75
TOON,2020-04-20,2.8099999,2.53
TOON,2020-04-21,2.78,2.5599999
TOON,2020-04-22,2.5799999,2.55
TOON,2020-04-23,2.6199999,2.55
TOON,2020-04-24,2.6900001,2.51
TOON,2020-04-27,2.8499999,2.5999999
TOON,2020-04-28,2.8,2.7
TOON,2020-04-29,2.8199999,2.7
TOON,2020-04-30,2.99,2.79
TOON,2020-05-01,3.1199999,3.05
TOON,2020-05-04,3.27,3.1099999
TOON,2020-05-05,3.1500001,3.0999999
TOON,2020-05-06,4.8000002,3.2
TOON,2020-05-07,8.3500004,6.8200002
TOON,2020-05-08,5.8000002,5.0500002
TOON,2020-05-11,8.0500002,6.3000002
TOON,2020-05-12,7.2800002,7
TOON,2020-05-13,13.1,7.0999999
TOON,2020-05-14,16.299999,11.8
TOON,2020-05-15,15,13.3
TOON,2020-05-18,13.8,12.4
TOON,2020-05-19,13.8,12.7
TOON,2020-05-20,13.9,12.9
TOON,2020-05-21,13.3,12.6
TOON,2020-05-22,13.9,12.9
TOON,2020-05-26,15.4,13.6
TOON,2020-05-27,18.299999,15.4
TOON,2020-05-28,18.1,16.1
TOON,2020-05-29,20.5,19
TOON,2020-06-01,26.200001,23.299999
TOON,2020-06-02,40.200001,29.1
TOON,2020-06-03,79.300003,47.599998
TOON,2020-06-04,68.599998,42.5
TOON,2020-06-05,59.400002,50
TOON,2020-06-08,51.5,45.5
TOON,2020-06-09,39.700001,36.599998
TOON,2020-06-10,45.099998,44.099998
TOON,2020-06-11,34.5,30.299999
TOON,2020-06-12,41.599998,36.700001
TOON,2020-06-15,45.200001,44.099998
TOON,2020-06-16,38.5,37.5
TOON,2020-06-17,31,30
TOON,2020-06-18,27.9,27.799999
TOON,2020-06-19,29.4,27.5
TOON,2020-06-22,25.1,25.1
TOON,2020-06-23,31.299999,25.1
TOON,2020-06-24,27.200001,26.200001
TOON,2020-06-25,26.1,26
TOON,2020-06-26,24.5,21.1
TOON,2020-06-29,23.4,22.5
TOON,2020-06-30,22.5,21.6
TOON,2020-07-01,23.1,22.4
TOON,2020-07-02,35.5,24.700001
TOON,2020-07-06,26.6,25.799999
TOON,2020-07-07,22.799999,21.700001
TOON,2020-07-08,23.450001,23
TOON,2020-07-09,24,23
TOON,2020-07-10,23.5,22.799999
TOON,2020-07-13,22.299999,22
TOON,2020-07-14,23,21.5
TOON,2020-07-15,22.9,22.5
TOON,2020-07-16,22.1,22
TOON,2020-07-17,22.15,21.700001
TOON,2020-07-20,20.9,20.5
TOON,2020-07-21,19.299999,19.200001
TOON,2020-07-22,19.299999,19
TOON,2020-07-23,18.200001,18
TOON,2020-07-24,18.1,17.5
TOON,2020-07-27,17.1,17
TOON,2020-07-28,17.299999,16.200001
TOON,2020-07-29,16.700001,16.5
TOON,2020-07-30,15.9,15.2
TOON,2020-07-31,14.6,14.3
TOON,2020-08-03,17.299999,15.2
TOON,2020-08-04,16.9,16.5
TOON,2020-08-05,16.799999,16.200001
TOON,2020-08-06,16.6,16.5
TOON,2020-08-07,15.9,15.6
TOON,2020-08-10,16.4,16
TOON,2020-08-11,15.8,15.7
TOON,2020-08-12,15.6,15
TOON,2020-08-13,15.8,15.4
TOON,2020-08-14,16,15.6
TOON,2020-08-17,15.5,15.2
TOON,2020-08-18,14.9,14.7
TOON,2020-08-19,13.9,13.1
TOON,2020-08-20,12,11.4
TOON,2020-08-21,12,11.5
TOON,2020-08-24,11.2,11
TOON,2020-08-25,11.4,10.8
TOON,2020-08-26,12,11.2
TOON,2020-08-27,11.8,11.6
TOON,2020-08-28,11.4,11.2
TOON,2020-08-31,10.7,10.5
TOON,2020-09-01,11,10.2
TOON,2020-09-02,11.5,11.1
TOON,2020-09-03,10.6,10.4
TOON,2020-09-04,10.35,9.5
TOON,2020-09-08,10.2,9.6199999
TOON,2020-09-09,10.6,10
TOON,2020-09-10,10.5,10.4
TOON,2020-09-11,10.2,10
TOON,2020-09-14,10.1,9.4899998
TOON,2020-09-15,10.7,9.8000002
TOON,2020-09-16,10.5,10.2
TOON,2020-09-17,10.3,10.1
TOON,2020-09-18,12.35,10.1
TOON,2020-09-21,11.8,11.2
TOON,2020-09-22,11.4,11
TOON,2020-09-23,11.1,11
TOON,2020-09-24,10.4,10.2
TOON,2020-09-25,12.5,11.6
TOON,2020-09-28,11.8,11.6
TOON,2020-09-29,12.9,11.7
TOON,2020-09-30,11.9,11.8
TOON,2020-10-01,12.3,11.8
TOON,2020-10-02,12.1,11.7
TOON,2020-10-05,12,11.9
TOON,2020-10-06,11.6,11.5
TOON,2020-10-07,12.7,11.7
TOON,2020-10-08,12.9,12.8
TOON,2020-10-09,14,13.1
TOON,2020-10-12,15,14.1
TOON,2020-10-13,14.5,14
TOON,2020-10-14,14,14
TOON,2020-10-15,14.3,13.3
TOON,2020-10-16,14.2,14
TOON,2020-10-19,13.2,13
TOON,2020-10-20,13.4,13.1
TOON,2020-10-21,13.3,13.1
TOON,2020-10-22,14.2,13.3
TOON,2020-10-23,15.5,14.2
TOON,2020-10-26,14.4,13.83
TOON,2020-10-27,14.2,14.1
TOON,2020-10-28,12,11.5
TOON,2020-10-29,11.6,11.5
TOON,2020-10-30,10.5,10.2
TOON,2020-11-02,10.4,10.1
TOON,2020-11-03,10.7,10.5
TOON,2020-11-04,10.9,10.7
TOON,2020-11-05,10.8,10.7
TOON,2020-11-06,10.55,10.4
TOON,2020-11-09,10.6,10.5
TOON,2020-11-10,10.3,10.1
TOON,2020-11-11,11.9,10.3
TOON,2020-11-12,11.3,11
TOON,2020-11-13,12.2,11.2
TOON,2020-11-16,12,11.2
TOON,2020-11-17,11.7,11
TOON,2020-11-18,12,11.4
TOON,2020-11-19,11.9,11.5
TOON,2020-11-20,12,11.7
TOON,2020-11-23,12.4,11.6
TOON,2020-11-24,13.5,12.5
TOON,2020-11-25,13.2,12.8
TOON,2020-11-27,14.5,13.2
TOON,2020-11-30,13.9,13.5
TOON,2020-12-01,13.3,13.3
TOON,2020-12-02,14,12.5
TOON,2020-12-03,14.2,13.9
TOON,2020-12-04,13.7,13.6
TOON,2020-12-07,13.9,13.4
TOON,2020-12-08,16.1,14.3
TOON,2020-12-09,15.4,15.2
TOON,2020-12-10,16.4,14.9
TOON,2020-12-11,16,15.4
TOON,2020-12-14,18.299999,16.1
TOON,2020-12-15,16.700001,15.6
TOON,2020-12-16,16.9,16.700001
TOON,2020-12-17,16.1,16.1
TOON,2020-12-18,15.7,15.5
TOON,2020-12-21,16.4,15.7
TOON,2020-12-22,15.7,15.5
TOON,2020-12-23,16,15.1
TOON,2020-12-24,15.6,15.5
TOON,2020-12-28,14.7,14.5
TOON,2020-12-29,13.8,13.6
TOON,2020-12-30,13.8,13.7
TOON,2020-12-31,13.8,13.1
TOON,2021-01-04,13.6,13.4
TOON,2021-01-05,14,13.6
TOON,2021-01-06,13.5,13.2
TOON,2021-01-07,14.3,13.6
TOON,2021-01-08,14.4,14.1
TOON,2021-01-11,14.4,13.8
TOON,2021-01-12,13.9,13.8
TOON,2021-01-13,14.1,13.8
TOON,2021-01-14,14.9,14
TOON,2021-01-15,14.3,14.2
TOON,2021-01-19,13.9,13.7
TOON,2021-01-20,14.1,13.9
TOON,2021-01-21,14.6,14.1
TOON,2021-01-22,15.7,14.4
TOON,2021-01-25,17.799999,16
TOON,2021-01-26,16.9,16.6
TOON,2021-01-27,30.6,16
TOON,2021-01-28,19.700001,18
TOON,2021-01-29,17.799999,17.700001
TOON,2021-02-01,18.6,18.299999
TOON,2021-02-02,18,17.1
TOON,2021-02-03,18.1,17.299999
TOON,2021-02-04,19.5,18.200001
TOON,2021-02-05,18.799999,18.6
TOON,2021-02-08,21,19.5
TOON,2021-02-09,21.4,20.700001
TOON,2021-02-10,20.700001,19.5
TOON,2021-02-11,20.299999,19.799999
TOON,2021-02-12,20.1,19.200001
TOON,2021-02-16,20.799999,20.25
TOON,2021-02-17,20.200001,19.209999
TOON,2021-02-18,18.5,18.299999
TOON,2021-02-19,18.5,18.299999
TOON,2021-02-22,18.700001,18.299999
TOON,2021-02-23,17,14.4
TOON,2021-02-24,17.700001,16.799999
TOON,2021-02-25,16.799999,16.200001
TOON,2021-02-26,17,15.7
TOON,2021-03-01,16.950001,16.6
TOON,2021-03-02,16.5,16.5
TOON,2021-03-03,15.7,15.22
TOON,2021-03-04,19.4,15.8
TOON,2021-03-05,17.700001,15.3
TOON,2021-03-08,17.6,17.1
TOON,2021-03-09,19,17.799999
TOON,2021-03-10,21.5,18.700001
TOON,2021-03-11,21.299999,20.6
TOON,2021-03-12,21.1,20.6
TOON,2021-03-15,23.1,22.4
TOON,2021-03-16,21.6,21.200001
TOON,2021-03-17,22.700001,20.700001
TOON,2021-03-18,22.1,21.799999
TOON,2021-03-19,23.299999,21.700001
TOON,2021-03-22,23.9,23.1
TOON,2021-03-23,26.299999,24.4
TOON,2021-03-24,27.299999,26.1
TOON,2021-03-25,26.6,23.799999
TOON,2021-03-26,25.4,24.4
TOON,2021-03-29,25.950001,25.299999
TOON,2021-03-30,20.700001,18.1
TOON,2021-03-31,19.4,19.200001
TOON,2021-04-01,18.799999,18.299999
TOON,2021-04-05,17.6,17.6
TOON,2021-04-06,18.1,17.299999
TOON,2021-04-07,17.700001,17.700001
TOON,2021-04-08,18.4,17.5
TOON,2021-04-09,17.799999,17.6
TOON,2021-04-12,16.5,16.200001
TOON,2021-04-13,16.6,15.6
TOON,2021-04-14,16.200001,16
TOON,2021-04-15,15.5,15.2
TOON,2021-04-16,15.3,14.2
TOON,2021-04-19,15.5,14.7
TOON,2021-04-20,15,14.5
TOON,2021-04-21,16.700001,14.6
TOON,2021-04-22,16.299999,15.8
TOON,2021-04-23,16.6,15.9
TOON,2021-04-26,18.4,16.799999
TOON,2021-04-27,18.4,17.6
TOON,2021-04-28,18.6,17.700001
TOON,2021-04-29,17.9,17.4
TOON,2021-04-30,17.700001,17.5
TOON,2021-05-03,17.200001,16.799999
TOON,2021-05-04,16.700001,16
TOON,2021-05-05,15.9,15.8
TOON,2021-05-06,16,15.2
TOON,2021-05-07,16.1,15.7
TOON,2021-05-10,15.4,15.3
TOON,2021-05-11,15.7,14.2
TOON,2021-05-12,14.1,14
TOON,2021-05-13,13.7,13.5
TOON,2021-05-14,14.2,13.2
TOON,2021-05-17,15.2,13.8
TOON,2021-05-18,15.7,14.7
TOON,2021-05-19,15.6,14.8
TOON,2021-05-20,15.9,15.2
TOON,2021-05-21,15.9,15.5
TOON,2021-05-24,15.6,15.3
TOON,2021-05-25,15.9,15.2
TOON,2021-05-26,16.6,15.9
TOON,2021-05-27,18.1,16.799999
TOON,2021-05-28,17.6,17.200001
TOON,2021-06-01,18.200001,17.5
TOON,2021-06-02,19.1,18
TOON,2021-06-03,18.299999,18.1
TOON,2021-06-04,18,17.799999
TOON,2021-06-07,19.299999,17.6
TOON,2021-06-08,19.799999,18.799999
TOON,2021-06-09,21.299999,19.700001
TOON,2021-06-10,19.700001,19.1
TOON,2021-06-11,20.5,19.4
TOON,2021-06-14,20.799999,20
TOON,2021-06-15,19.799999,19.700001
TOON,2021-06-16,19.5,18.700001
TOON,2021-06-17,19,18.799999
TOON,2021-06-18,18.799999,18.5
TOON,2021-06-21,18.4,17.799999
TOON,2021-06-22,18.700001,18
TOON,2021-06-23,19.4,18.5
TOON,2021-06-24,19.799999,19.5
TOON,2021-06-25,20.1,19.799999
TOON,2021-06-28,19.5,19.200001
TOON,2021-06-29,18.4,18.4
TOON,2021-06-30,18.4,18.1
TOON,2021-07-01,17.799999,17.799999
TOON,2021-07-02,17.6,17.299999
TOON,2021-07-06,17.4,17.1
TOON,2021-07-07,16.5,16.299999
TOON,2021-07-08,16.5,15.9
TOON,2021-07-09,17.6,16.5
SPY,2002-04-18,72.154327,71.307491
SPY,2002-04-19,72.417343,72.21205
SPY,2002-04-22,71.211288,71.108639
SPY,2002-04-23,70.903328,70.678789
SPY,2002-04-24,70.191216,70.184799
SPY,2002-04-25,70.229675,69.748518
SPY,2002-04-26,68.895279,68.831126
SPY,2002-04-29,68.555305,68.407748
SPY,2002-04-30,69.196815,68.414132
SPY,2002-05-01,70.043633,68.516763
SPY,2002-05-02,69.774208,69.145494
SPY,2002-05-03,69.017189,68.7734
SPY,2002-05-06,67.663551,67.560902
SPY,2002-05-07,67.426147,67.297841
SPY,2002-05-08,69.934593,68.510367
SPY,2002-05-09,69.126236,69.017175
SPY,2002-05-10,67.823929,67.746942
SPY,2002-05-13,69.203217,67.868806
SPY,2002-05-14,70.710854,69.928171
SPY,2002-05-15,70.435005,70.114234
SPY,2002-05-16,70.80069,70.139901
SPY,2002-05-17,71.147118,70.633881
SPY,2002-05-20,70.377243,70.24252
SPY,2002-05-21,69.735733,69.491948
SPY,2002-05-22,69.889656,69.286604
SPY,2002-05-23,70.633865,69.594569
SPY,2002-05-24,69.729332,69.678007
SPY,2002-05-28,69.350807,68.933803
SPY,2002-05-29,68.837547,68.728481
SPY,2002-05-30,68.645103,67.939407
SPY,2002-05-31,68.78624,68.548867
SPY,2002-06-03,66.957832,66.803859
SPY,2002-06-04,67.124641,66.431779
SPY,2002-06-05,67.753349,66.945004
SPY,2002-06-06,66.374062,66.175185
SPY,2002-06-07,66.297035,65.257739
SPY,2002-06-10,66.553688,66.091776
SPY,2002-06-11,65.411697,65.264145
SPY,2002-06-12,65.809441,64.654662
SPY,2002-06-13,65.148674,65.013946
SPY,2002-06-14,65.052429,63.191954
SPY,2002-06-17,66.79747,65.341164
SPY,2002-06-18,67.342758,66.483088
SPY,2002-06-19,65.770958,65.591327
SPY,2002-06-20,64.930565,64.770179
SPY,2002-06-21,63.915291,63.529019
SPY,2002-06-24,64.250084,62.608422
SPY,2002-06-25,62.808006,62.795133
SPY,2002-06-26,62.910995,61.282212
SPY,2002-06-27,64.011856,62.170622
SPY,2002-06-28,63.709248,63.657743
SPY,2002-07-01,62.466755,62.376625
SPY,2002-07-02,61.140553,61.011792
SPY,2002-07-03,61.488239,60.335857
SPY,2002-07-05,63.934597,62.228562
SPY,2002-07-08,63.136295,62.807962
SPY,2002-07-09,61.546188,61.166355
SPY,2002-07-10,59.305771,59.254267
SPY,2002-07-11,59.788597,58.146936
SPY,2002-07-12,59.131943,58.919491
SPY,2002-07-15,59.447407,56.582551
SPY,2002-07-16,58.301456,57.857246
SPY,2002-07-17,58.417351,57.780002
SPY,2002-07-18,56.524651,56.492459
SPY,2002-07-19,54.535305,54.271354
SPY,2002-07-22,52.91938,52.436539
SPY,2002-07-23,51.470879,51.342123
SPY,2002-07-24,54.54174,50.009471
SPY,2002-07-25,54.078209,52.533116
SPY,2002-07-26,55.108292,53.949475
SPY,2002-07-29,57.792877,56.202724
SPY,2002-07-30,58.546116,57.116905
SPY,2002-07-31,58.687756,57.458117
SPY,2002-08-01,57.15554,56.865838
SPY,2002-08-02,55.874413,55.121181
SPY,2002-08-05,53.930145,53.788516
SPY,2002-08-06,55.745628,54.792824
SPY,2002-08-07,56.717747,55.217719
SPY,2002-08-08,58.552555,56.524625
SPY,2002-08-09,58.771435,57.522484
SPY,2002-08-12,58.340088,57.651235
SPY,2002-08-13,57.277828,57.071816
SPY,2002-08-14,59.370167,56.666253
SPY,2002-08-15,60.194218,59.357291
SPY,2002-08-16,60.01395,59.228528
SPY,2002-08-19,61.417446,59.93673
SPY,2002-08-20,60.767181,60.271467
SPY,2002-08-21,61.642735,60.239276
SPY,2002-08-22,62.241463,61.204963
SPY,2002-08-23,60.90239,60.612687
SPY,2002-08-26,61.32729,60.194221
SPY,2002-08-27,60.619118,60.194215
SPY,2002-08-28,59.292931,59.099797
SPY,2002-08-29,59.31863,58.462391
SPY,2002-08-30,59.086899,58.842261
SPY,2002-09-03,56.833633,56.749943
SPY,2002-09-04,57.644802,56.691993
SPY,2002-09-05,57.15554,56.331492
SPY,2002-09-06,57.94096,57.516057
SPY,2002-09-09,58.365856,57.168409
SPY,2002-09-10,59.035385,58.301467
SPY,2002-09-11,58.668446,58.649133
SPY,2002-09-12,57.586861,57.290719
SPY,2002-09-13,57.728504,56.814326
SPY,2002-09-16,57.870136,56.949519
SPY,2002-09-17,56.543915,56.492411
SPY,2002-09-18,55.977386,55.54605
SPY,2002-09-19,54.528839,54.528839
SPY,2002-09-20,54.546947,54.352948
SPY,2002-09-23,54.100739,53.473464
SPY,2002-09-24,53.227783,52.930313
SPY,2002-09-25,54.546947,53.053132
SPY,2002-09-26,55.439365,54.611619
SPY,2002-09-27,53.512287,53.512287
SPY,2002-09-30,52.891479,52.31594
SPY,2002-10-01,55.432903,52.684538
SPY,2002-10-02,53.770954,53.415281
SPY,2002-10-03,53.227783,52.99498
SPY,2002-10-04,52.251286,51.462342
SPY,2002-10-07,51.171341,50.796274
SPY,2002-10-08,51.973221,50.569934
SPY,2002-10-09,50.505238,50.298302
SPY,2002-10-10,52.141346,49.839187
SPY,2002-10-11,54.424126,52.910905
SPY,2002-10-14,54.728058,53.699848
SPY,2002-10-15,57.359993,56.163647
SPY,2002-10-16,55.969646,55.562239
SPY,2002-10-17,57.081966,56.810364
SPY,2002-10-18,57.321186,56.215374
SPY,2002-10-21,58.310638,56.629286
SPY,2002-10-22,57.89027,57.243596
SPY,2002-10-23,58.330009,56.700393
SPY,2002-10-24,57.140156,56.972019
SPY,2002-10-25,58.330009,56.868529
SPY,2002-10-28,57.948479,57.457005
SPY,2002-10-29,57.275925,56.260647
SPY,2002-10-30,57.832073,57.056066
SPY,2002-10-31,57.243587,57.030189
SPY,2002-11-01,58.375267,56.939655
SPY,2002-11-04,58.931431,58.782698
SPY,2002-11-05,59.397018,58.743876
SPY,2002-11-06,60.166573,58.711556
SPY,2002-11-07,58.692177,58.342972
SPY,2002-11-08,57.974361,57.890291
SPY,2002-11-11,57.075481,56.778012
SPY,2002-11-12,57.528152,57.146617
SPY,2002-11-13,57.586361,56.551678
SPY,2002-11-14,58.672783,58.03904
SPY,2002-11-15,59.106033,58.168353
SPY,2002-11-18,58.511097,58.427026
SPY,2002-11-19,58.433472,58.045468
SPY,2002-11-20,59.733318,58.168362
SPY,2002-11-21,60.845589,59.772112
SPY,2002-11-22,60.412308,60.315306
SPY,2002-11-25,60.451084,59.991941
SPY,2002-11-26,59.300018,59.248288
SPY,2002-11-27,60.968449,59.772102
SPY,2002-11-29,60.774437,60.638631
SPY,2002-12-02,60.871498,60.283027
SPY,2002-12-03,60.056629,59.720356
SPY,2002-12-04,59.785042,59.125436
SPY,2002-12-05,59.125431,58.912027
SPY,2002-12-06,59.513454,58.187775
SPY,2002-12-09,57.877361,57.86443
SPY,2002-12-10,58.653385,58.045514
SPY,2002-12-11,58.705101,58.304166
SPY,2002-12-12,58.698631,58.330027
SPY,2002-12-13,57.773884,57.728617
SPY,2002-12-16,59.267681,57.980801
SPY,2002-12-17,58.750389,58.679254
SPY,2002-12-18,58.071339,57.767401
SPY,2002-12-19,57.657471,57.29533
SPY,2002-12-20,58.48019,57.901822
SPY,2002-12-23,58.499706,58.038312
SPY,2002-12-24,58.064259,57.999274
SPY,2002-12-26,58.090286,57.732866
SPY,2002-12-27,56.784069,56.784069
SPY,2002-12-30,57.258472,56.680104
SPY,2002-12-31,57.33646,56.608624
SPY,2003-01-02,59.182034,57.537908
SPY,2003-01-03,59.36401,58.811636
SPY,2003-01-06,60.410221,59.246986
SPY,2003-01-07,60.260788,59.916362
SPY,2003-01-08,59.389961,59.169014
SPY,2003-01-09,60.312771,59.402982
SPY,2003-01-10,60.47525,59.65644
SPY,2003-01-13,60.455753,60.072343
SPY,2003-01-14,60.650677,60.052814
SPY,2003-01-15,60.046314,59.727888
SPY,2003-01-16,59.799389,59.428973
SPY,2003-01-17,58.915627,58.5842
SPY,2003-01-21,57.999321,57.804363
SPY,2003-01-22,57.297462,57.186989
SPY,2003-01-23,57.648376,57.154488
SPY,2003-01-24,56.134235,55.997767
SPY,2003-01-27,55.367393,54.912499
SPY,2003-01-28,55.776817,55.321918
SPY,2003-01-29,56.199207,55.087956
SPY,2003-01-30,54.867027,54.847533
SPY,2003-01-31,55.926289,54.685073
SPY,2003-02-03,56.036751,55.835293
SPY,2003-02-04,55.484398,54.782561
SPY,2003-02-05,55.139935,54.899493
SPY,2003-02-06,54.879993,54.360115
SPY,2003-02-07,54.210651,53.91822
SPY,2003-02-10,54.594074,53.710275
SPY,2003-02-11,54.217159,53.827249
SPY,2003-02-12,53.352867,53.346367
SPY,2003-02-13,53.515301,52.638002
SPY,2003-02-14,54.68507,53.170913
SPY,2003-02-18,55.646824,54.841009
SPY,2003-02-19,55.354374,54.769506
SPY,2003-02-20,54.80204,54.620082
SPY,2003-02-21,55.354374,54.236628
SPY,2003-02-24,54.457592,54.321119
SPY,2003-02-25,54.893005,53.430838
SPY,2003-02-26,54.09367,53.989696
SPY,2003-02-27,54.808544,54.041723
SPY,2003-02-28,55.172451,54.691562
SPY,2003-03-03,54.646057,54.405615
SPY,2003-03-04,53.775269,53.710284
SPY,2003-03-05,54.230167,53.521831
SPY,2003-03-06,53.775269,53.593311
SPY,2003-03-07,54.145653,52.917433
SPY,2003-03-10,52.845932,52.702964
SPY,2003-03-11,52.326084,52.300094
SPY,2003-03-12,52.677025,51.585273
SPY,2003-03-13,54.496586,52.98243
SPY,2003-03-14,54.672062,54.165178
SPY,2003-03-17,56.394176,54.080704
SPY,2003-03-18,56.725574,56.069223
SPY,2003-03-19,57.160992,56.329182
SPY,2003-03-20,57.284477,56.114741
SPY,2003-03-21,58.50721,57.371909
SPY,2003-03-24,56.562828,56.340985
SPY,2003-03-25,57.104378,56.399711
SPY,2003-03-26,56.81728,56.634588
SPY,2003-03-27,56.862972,56.106102
SPY,2003-03-28,56.57589,56.275753
SPY,2003-03-31,55.290512,55.068674
SPY,2003-04-01,56.138721,55.40143
SPY,2003-04-02,57.495869,57.091334
SPY,2003-04-03,57.221825,57.189204
SPY,2003-04-04,57.561089,57.169606
SPY,2003-04-07,57.450199,57.398
SPY,2003-04-08,57.541534,57.228346
SPY,2003-04-09,56.784668,56.615024
SPY,2003-04-10,57.097847,55.923395
SPY,2003-04-11,56.862972,56.673755
SPY,2003-04-14,58.037403,56.765084
SPY,2003-04-15,58.578953,57.69159
SPY,2003-04-16,57.580666,57.437121
SPY,2003-04-17,58.435444,57.54156
SPY,2003-04-21,58.494156,58.109195
SPY,2003-04-22,59.596825,57.998269
SPY,2003-04-23,60.144913,59.531587
SPY,2003-04-24,59.609886,59.348896
SPY,2003-04-25,58.872578,58.735554
SPY,2003-04-28,59.890423,58.918241
SPY,2003-04-29,60.099247,59.635992
SPY,2003-04-30,59.968746,59.64251
SPY,2003-05-01,59.962215,59.048753
SPY,2003-05-02,60.81694,59.694687
SPY,2003-05-05,60.69952,60.35371
SPY,2003-05-06,61.273666,60.679914
SPY,2003-05-07,60.934368,60.660331
SPY,2003-05-08,60.321068,60.210149
SPY,2003-05-09,61.156193,60.425422
SPY,2003-05-12,61.906582,60.862627
SPY,2003-05-13,61.795647,61.502036
SPY,2003-05-14,61.665146,61.273664
SPY,2003-05-15,62.056667,61.495541
SPY,2003-05-16,61.900043,61.502035
SPY,2003-05-19,60.451557,60.242766
SPY,2003-05-20,60.327587,59.759934
SPY,2003-05-21,60.451557,59.968729
SPY,2003-05-22,61.051838,60.471138
SPY,2003-05-23,61.175816,60.771281
SPY,2003-05-27,62.245869,60.725607
SPY,2003-05-28,62.422024,62.265432
SPY,2003-05-29,62.258923,62.037084
SPY,2003-05-30,63.25721,62.350273
SPY,2003-06-02,63.518162,63.074481
SPY,2003-06-03,63.779182,63.191956
SPY,2003-06-04,64.69915,63.661717
SPY,2003-06-05,65.018852,64.118437
SPY,2003-06-06,64.764427,64.679603
SPY,2003-06-09,64.1054,63.792211
SPY,2003-06-10,64.757874,64.066255
SPY,2003-06-11,65.443001,64.405567
SPY,2003-06-12,65.645233,64.999287
SPY,2003-06-13,64.960167,64.562158
SPY,2003-06-16,66.330338,65.116739
SPY,2003-06-17,66.330338,66.049774
SPY,2003-06-18,66.271584,65.899675
SPY,2003-06-19,65.260292,65.142847
SPY,2003-06-20,65.116234,65.103134
SPY,2003-06-23,64.448303,64.120889
SPY,2003-06-24,64.513771,64.186356
SPY,2003-06-25,63.865494,63.865494
SPY,2003-06-26,64.697136,63.492247
SPY,2003-06-27,63.950619,63.898231
SPY,2003-06-30,63.931011,63.826241
SPY,2003-07-01,64.520325,63.145184
SPY,2003-07-02,65.332298,64.546505
SPY,2003-07-03,64.657837,64.107783
SPY,2003-07-07,65.941315,65.253747
SPY,2003-07-08,66.235985,65.59425
SPY,2003-07-09,65.86274,65.502581
SPY,2003-07-10,65.024574,64.585835
SPY,2003-07-11,65.640106,65.083502
SPY,2003-07-14,65.960938,65.777581
SPY,2003-07-15,65.816887,65.450179
SPY,2003-07-16,65.43055,64.978721
SPY,2003-07-17,64.500679,64.278039
SPY,2003-07-18,65.162048,64.474476
SPY,2003-07-21,64.356636,64.075059
SPY,2003-07-22,64.9394,64.120863
SPY,2003-07-23,64.985252,64.356617
SPY,2003-07-24,64.494133,64.415557
SPY,2003-07-25,65.63356,64.199482
SPY,2003-07-28,65.39122,65.266801
SPY,2003-07-29,65.090034,64.618557
SPY,2003-07-30,64.932877,64.782264
SPY,2003-07-31,65.083473,64.93941
SPY,2003-08-01,64.507256,64.330449
SPY,2003-08-04,64.507256,63.518462
SPY,2003-08-05,63.138626,63.086239
SPY,2003-08-06,63.505322,63.138614
SPY,2003-08-07,64.173302,63.361314
SPY,2003-08-08,64.356636,64.016127
SPY,2003-08-11,64.5989,64.068485
SPY,2003-08-12,65.188271,64.44831
SPY,2003-08-13,64.854279,64.520314
SPY,2003-08-14,65.031113,64.467959
SPY,2003-08-15,65.2341,64.906686
SPY,2003-08-18,65.797256,65.312679
SPY,2003-08-19,66.046097,65.482943
SPY,2003-08-20,65.777573,65.587677
SPY,2003-08-21,65.987129,65.744846
SPY,2003-08-22,65.332298,65.30611
SPY,2003-08-25,65.437073,65.011433
SPY,2003-08-26,65.554955,64.716774
SPY,2003-08-27,65.574638,65.201386
SPY,2003-08-28,65.980621,65.26031
SPY,2003-08-29,66.425873,65.797237
SPY,2003-09-02,67.31646,66.170508
SPY,2003-09-03,67.683136,67.303334
SPY,2003-09-04,67.715904,67.290264
SPY,2003-09-05,67.336098,67.054521
SPY,2003-09-08,67.892731,67.401609
SPY,2003-09-09,67.447395,67.23785
SPY,2003-09-10,66.766357,66.49788
SPY,2003-09-11,66.962868,66.687836
SPY,2003-09-12,67.08728,66.366969
SPY,2003-09-15,66.851509,66.759833
SPY,2003-09-16,67.827232,66.90392
SPY,2003-09-17,67.696259,67.480169
SPY,2003-09-18,68.495171,67.558764
SPY,2003-09-19,68.146751,67.969271
SPY,2003-09-22,67.410515,67.068694
SPY,2003-09-23,67.666885,67.285625
SPY,2003-09-24,66.463951,66.437657
SPY,2003-09-25,65.918365,65.865777
SPY,2003-09-26,65.701431,65.635698
SPY,2003-09-29,66.34565,65.596279
SPY,2003-09-30,65.701431,65.241293
SPY,2003-10-01,67.101578,65.86577
SPY,2003-10-02,67.344788,66.805767
SPY,2003-10-03,67.962677,67.758902
SPY,2003-10-06,68.271652,67.837803
SPY,2003-10-07,68.534569,67.647157
SPY,2003-10-08,68.363693,67.975863
SPY,2003-10-09,68.547737,68.251935
SPY,2003-10-10,68.738358,68.304514
SPY,2003-10-13,68.955299,68.698936
SPY,2003-10-14,69.198494,68.600314
SPY,2003-10-15,69.014412,68.784343
SPY,2003-10-16,69.290512,68.79093
SPY,2003-10-17,68.534569,68.350514
SPY,2003-10-20,69.04734,68.324264
SPY,2003-10-21,68.928993,68.574027
SPY,2003-10-22,68.061279,67.83121
SPY,2003-10-23,67.936401,67.601155
SPY,2003-10-24,68.087608,67.167327
SPY,2003-10-27,68.120468,67.883824
SPY,2003-10-28,69.04734,68.245381
SPY,2003-10-29,69.139336,68.278218
SPY,2003-10-30,69.283951,68.889546
SPY,2003-10-31,69.218246,69.165658
SPY,2003-11-03,69.671822,69.487766
SPY,2003-11-04,69.520592,69.40227
SPY,2003-11-05,69.573212,68.955312
SPY,2003-11-06,69.941292,69.086744
SPY,2003-11-07,69.421997,69.395703
SPY,2003-11-10,69.139336,69.027589
SPY,2003-11-11,69.119629,68.88956
SPY,2003-11-12,69.895279,69.126189
SPY,2003-11-13,69.915031,69.533771
SPY,2003-11-14,69.323425,69.211678
SPY,2003-11-17,68.974998,68.389964
SPY,2003-11-18,68.258492,68.166464
SPY,2003-11-19,68.836975,68.311099
SPY,2003-11-20,68.219093,68.199374
SPY,2003-11-21,68.501694,68.113864
SPY,2003-11-24,69.408836,68.810657
SPY,2003-11-25,69.671822,69.316856
SPY,2003-11-26,69.921547,69.277349
SPY,2003-11-28,69.974182,69.809846
SPY,2003-12-01,70.730087,70.204216
SPY,2003-12-02,70.552628,70.381717
SPY,2003-12-03,70.440857,70.381693
SPY,2003-12-04,70.730087,70.296244
SPY,2003-12-05,70.237091,70.085905
SPY,2003-12-08,70.710388,70.125353
SPY,2003-12-09,70.16481,70.033344
SPY,2003-12-10,70.158188,69.652031
SPY,2003-12-11,70.947006,70.118753
SPY,2003-12-12,71.085068,70.592061
SPY,2003-12-15,70.730087,70.651209
SPY,2003-12-16,71.098244,70.677539
SPY,2003-12-17,71.321701,70.861563
SPY,2003-12-18,72.123695,71.249428
SPY,2003-12-19,71.922874,71.711531
SPY,2003-12-22,72.424843,71.843644
SPY,2003-12-23,72.4711,72.239939
SPY,2003-12-24,72.398445,72.272958
SPY,2003-12-26,72.451248,72.405017
SPY,2003-12-29,73.41555,72.504127
SPY,2003-12-30,73.428719,73.210769
SPY,2003-12-31,73.494781,73.204182
SPY,2004-01-02,73.461754,73.131529
SPY,2004-01-05,74.260887,73.699501
SPY,2004-01-06,74.333565,73.970316
SPY,2004-01-07,74.584503,73.897636
SPY,2004-01-08,74.881691,74.478817
SPY,2004-01-09,74.227859,74.148604
SPY,2004-01-12,74.776016,74.20803
SPY,2004-01-13,74.340157,73.8118
SPY,2004-01-14,74.960976,74.412802
SPY,2004-01-15,75.145859,74.353322
SPY,2004-01-16,75.443108,75.046834
SPY,2004-01-20,75.423271,75.172302
SPY,2004-01-21,76.017677,75.10626
SPY,2004-01-22,75.819542,75.674242
SPY,2004-01-23,75.575172,75.258155
SPY,2004-01-26,76.526253,75.54218
SPY,2004-01-27,75.740303,75.72049
SPY,2004-01-28,74.875107,74.591114
SPY,2004-01-29,74.947746,74.340129
SPY,2004-01-30,74.947746,74.690167
SPY,2004-02-02,75.2714,74.71002
SPY,2004-02-03,75.145859,74.921309
SPY,2004-02-04,74.53167,74.492044
SPY,2004-02-05,74.749619,74.485438
SPY,2004-02-06,75.588379,74.762818
SPY,2004-02-09,75.608215,75.482728
SPY,2004-02-10,75.85257,75.462907
SPY,2004-02-11,76.658295,75.403441
SPY,2004-02-12,76.380959,76.334727
SPY,2004-02-13,76.037498,75.78653
SPY,2004-02-17,76.724342,76.460162
SPY,2004-02-18,76.387573,76.182831
SPY,2004-02-19,76.103531,75.991251
SPY,2004-02-20,75.872383,75.502533
SPY,2004-02-23,75.680885,75.403498
SPY,2004-02-24,75.548775,74.650564
SPY,2004-02-25,75.865784,75.502535
SPY,2004-02-26,75.912048,75.515775
SPY,2004-02-27,75.964851,75.707277
SPY,2004-03-01,76.717751,76.11674
SPY,2004-03-02,76.268684,76.103572
SPY,2004-03-03,76.407341,75.898792
SPY,2004-03-04,76.605499,76.295087
SPY,2004-03-05,76.863052,76.136559
SPY,2004-03-08,75.925232,75.892213
SPY,2004-03-09,75.621437,75.449719
SPY,2004-03-10,74.353363,74.340151
SPY,2004-03-11,73.38913,73.375918
SPY,2004-03-12,74.353363,73.692914
SPY,2004-03-15,73.441917,73.243786
SPY,2004-03-16,73.831581,73.204152
SPY,2004-03-17,74.657166,74.036342
SPY,2004-03-18,74.676964,73.924052
SPY,2004-03-19,73.606598,73.593345
SPY,2004-03-22,72.672134,72.307612
SPY,2004-03-23,72.546227,72.479951
SPY,2004-03-24,72.60585,72.141912
SPY,2004-03-25,73.566872,72.764927
SPY,2004-03-26,73.5867,73.434268
SPY,2004-03-29,74.620628,73.95124
SPY,2004-03-30,74.87249,74.375417
SPY,2004-03-31,74.958672,74.48148
SPY,2004-04-01,75.40934,74.925525
SPY,2004-04-02,75.979279,75.488835
SPY,2004-04-05,76.396805,75.846715
SPY,2004-04-06,76.151627,75.966053
SPY,2004-04-07,75.972672,75.628036
SPY,2004-04-08,75.800385,75.38284
SPY,2004-04-12,76.09861,75.932919
SPY,2004-04-13,75.031578,74.905651
SPY,2004-04-14,75.150879,74.594159
SPY,2004-04-15,74.865852,74.468195
SPY,2004-04-16,75.442474,74.879126
SPY,2004-04-19,75.442474,75.071323
SPY,2004-04-20,74.176605,74.083819
SPY,2004-04-21,74.67366,74.143452
SPY,2004-04-22,75.720833,74.521231
SPY,2004-04-23,75.793777,75.416002
SPY,2004-04-26,75.687683,75.290026
SPY,2004-04-27,75.753998,75.528655
SPY,2004-04-28,74.773094,74.56101
SPY,2004-04-29,74.116936,73.672885
SPY,2004-04-30,73.540329,73.500565
SPY,2004-05-03,74.329002,73.798789
SPY,2004-05-04,74.269379,74.004277
SPY,2004-05-05,74.746559,74.335649
SPY,2004-05-06,74.103676,73.566838
SPY,2004-05-07,72.877586,72.877586
SPY,2004-05-10,72.128662,71.817162
SPY,2004-05-11,72.738358,72.459998
SPY,2004-05-12,73.202316,71.61831
SPY,2004-05-13,72.897469,72.658873
SPY,2004-05-14,72.930634,72.420302
SPY,2004-05-17,72.307594,71.85029
SPY,2004-05-18,72.672134,72.46005
SPY,2004-05-19,72.420265,72.340737
SPY,2004-05-20,72.652252,72.267848
SPY,2004-05-21,72.77816,72.552823
SPY,2004-05-24,73.083015,72.691987
SPY,2004-05-25,74.130196,72.638976
SPY,2004-05-26,74.388657,73.904842
SPY,2004-05-27,74.806229,74.269386
SPY,2004-05-28,74.799599,74.468216
SPY,2004-06-01,74.70015,74.14343
SPY,2004-06-02,74.978569,74.534518
SPY,2004-06-03,74.289276,74.276023
SPY,2004-06-04,74.879112,74.700163
SPY,2004-06-07,76.019089,75.170751
SPY,2004-06-08,76.125092,75.667783
SPY,2004-06-09,75.415977,75.369584
SPY,2004-06-10,75.787117,75.508757
SPY,2004-06-14,75.038177,74.806211
SPY,2004-06-15,75.568405,75.230399
SPY,2004-06-16,75.555145,75.356314
SPY,2004-06-17,75.442474,75.111092
SPY,2004-06-18,75.584785,75.285455
SPY,2004-06-21,75.298805,75.252243
SPY,2004-06-22,75.677925,74.946224
SPY,2004-06-23,76.329842,75.445146
SPY,2004-06-24,76.090363,76.00389
SPY,2004-06-25,75.724487,75.618061
SPY,2004-06-28,75.465088,75.438485
SPY,2004-06-29,75.77771,75.445118
SPY,2004-06-30,76.183487,75.598127
SPY,2004-07-01,75.125824,74.886358
SPY,2004-07-02,75.085907,74.899656
SPY,2004-07-06,74.427422,74.254472
SPY,2004-07-07,74.646896,74.334259
SPY,2004-07-08,74.128067,73.968419
SPY,2004-07-09,74.320992,74.088173
SPY,2004-07-12,74.354218,73.835375
SPY,2004-07-13,74.407433,74.234483
SPY,2004-07-14,74.181259,73.91519
SPY,2004-07-15,73.702362,73.63584
SPY,2004-07-16,73.642502,73.462904
SPY,2004-07-19,73.329849,73.163553
SPY,2004-07-20,74.261116,73.336511
SPY,2004-07-21,72.890823,72.804346
SPY,2004-07-22,73.090355,72.352001
SPY,2004-07-23,72.478378,72.298781
SPY,2004-07-26,72.338753,71.979553
SPY,2004-07-27,73.017181,72.485038
SPY,2004-07-28,73.236717,72.232289
SPY,2004-07-29,73.549355,73.1702
SPY,2004-07-30,73.728951,73.236716
SPY,2004-08-02,73.881966,73.20348
SPY,2004-08-03,73.309891,73.276635
SPY,2004-08-04,73.303238,72.930737
SPY,2004-08-05,72.105942,72.019465
SPY,2004-08-06,71.074867,70.921878
SPY,2004-08-09,71.174637,71.088165
SPY,2004-08-10,72.092606,71.347603
SPY,2004-08-11,71.946289,71.241191
SPY,2004-08-12,71.161369,70.928551
SPY,2004-08-13,71.301033,70.901919
SPY,2004-08-16,72.039406,71.241182
SPY,2004-08-17,72.445152,72.192379
SPY,2004-08-18,73.19014,72.165757
SPY,2004-08-19,72.977287,72.624741
SPY,2004-08-20,73.489494,72.844265
SPY,2004-08-23,73.303238,73.203464
SPY,2004-08-24,73.402985,73.070393
SPY,2004-08-25,73.901878,73.10366
SPY,2004-08-26,73.901878,73.735582
SPY,2004-08-27,74.134743,73.868673
SPY,2004-08-30,73.52272,73.469504
SPY,2004-08-31,73.908554,73.236717
SPY,2004-09-01,74.048271,73.489519
SPY,2004-09-02,74.886375,73.995027
SPY,2004-09-03,74.580429,74.507258
SPY,2004-09-07,75.072655,74.713455
SPY,2004-09-08,74.886375,74.706773
SPY,2004-09-09,74.819839,74.520504
SPY,2004-09-10,75.20565,74.553773
SPY,2004-09-13,75.451767,75.172391
SPY,2004-09-14,75.60479,75.292153
SPY,2004-09-15,75.032692,74.952868
SPY,2004-09-16,75.258896,75.032736
SPY,2004-09-17,75.578804,75.271547
SPY,2004-09-20,75.124619,74.997706
SPY,2004-09-21,75.451912,75.171373
SPY,2004-09-22,74.510101,74.456664
SPY,2004-09-23,74.109352,74.109352
SPY,2004-09-24,74.449989,74.229564
SPY,2004-09-27,73.975731,73.86218
SPY,2004-09-28,74.329788,73.748673
SPY,2004-09-29,74.703804,74.142726
SPY,2004-09-30,74.650368,74.316392
SPY,2004-10-01,75.912781,74.950928
SPY,2004-10-04,76.039719,76.013005
SPY,2004-10-05,76.079765,75.839302
SPY,2004-10-06,76.600792,75.932839
SPY,2004-10-07,75.779221,75.719107
SPY,2004-10-08,75.151344,75.044469
SPY,2004-10-11,75.458588,75.238162
SPY,2004-10-12,75.164726,74.770637
SPY,2004-10-13,74.503418,74.356468
SPY,2004-10-14,73.90229,73.862215
SPY,2004-10-15,74.316422,73.855532
SPY,2004-10-18,74.596947,73.942351
SPY,2004-10-19,73.969048,73.868854
SPY,2004-10-20,73.822121,73.307799
SPY,2004-10-21,74.303024,73.615034
SPY,2004-10-22,73.46814,73.381308
SPY,2004-10-25,73.381248,73.040591
SPY,2004-10-26,74.503418,73.394614
SPY,2004-10-27,75.39846,74.222868
SPY,2004-10-28,75.625557,75.13795
SPY,2004-10-29,75.612206,75.411823
SPY,2004-11-01,75.819298,75.612229
SPY,2004-11-02,75.846001,75.625575
SPY,2004-11-03,76.80117,76.306882
SPY,2004-11-04,77.849869,76.600796
SPY,2004-11-05,78.337463,77.80978
SPY,2004-11-08,78.2239,77.963399
SPY,2004-11-09,78.070274,77.990123
SPY,2004-11-10,78.130424,77.990155
SPY,2004-11-11,78.724869,78.217224
SPY,2004-11-12,79.346085,78.604657
SPY,2004-11-15,79.541023,79.206057
SPY,2004-11-16,78.971565,78.87108
SPY,2004-11-17,79.440529,79.098862
SPY,2004-11-18,79.547722,79.20606
SPY,2004-11-19,78.663414,78.475834
SPY,2004-11-22,79.038589,78.402151
SPY,2004-11-23,79.159195,78.629948
SPY,2004-11-24,79.346756,79.085483
SPY,2004-11-26,79.286461,79.252967
SPY,2004-11-29,78.924713,78.703639
SPY,2004-11-30,78.978256,78.810773
SPY,2004-12-01,79.875992,79.118965
SPY,2004-12-02,79.94297,79.728592
SPY,2004-12-03,79.889404,79.782213
SPY,2004-12-06,79.862617,79.614741
SPY,2004-12-07,79.118965,79.078771
SPY,2004-12-08,79.581245,79.058699
SPY,2004-12-09,79.862617,78.871121
SPY,2004-12-10,79.94297,79.621401
SPY,2004-12-13,80.639694,79.956361
SPY,2004-12-14,80.921074,80.512415
SPY,2004-12-15,80.981354,80.599493
SPY,2004-12-16,80.934486,80.418641
SPY,2004-12-17,80.394691,80.206225
SPY,2004-12-20,80.414864,80.212933
SPY,2004-12-21,81.034111,80.408131
SPY,2004-12-22,81.229332,80.973557
SPY,2004-12-23,81.289886,81.215851
SPY,2004-12-27,81.12162,81.034119
SPY,2004-12-28,81.565865,81.175467
SPY,2004-12-29,81.687042,81.41107
SPY,2004-12-30,81.532211,81.471635
SPY,2004-12-31,81.357193,81.310076
SPY,2005-01-03,80.973541,80.704302
SPY,2005-01-04,79.984062,79.721555
SPY,2005-01-05,79.432159,79.425427
SPY,2005-01-06,79.836014,79.600431
SPY,2005-01-07,79.721542,79.512879
SPY,2005-01-10,80.098473,79.654227
SPY,2005-01-11,79.546555,79.418665
SPY,2005-01-12,79.80909,79.102336
SPY,2005-01-13,79.169617,79.088843
SPY,2005-01-14,79.58696,79.263876
SPY,2005-01-18,80.414864,79.391754
SPY,2005-01-19,79.573456,79.566723
SPY,2005-01-20,79.088852,78.947502
SPY,2005-01-21,78.604218,78.516717
SPY,2005-01-24,78.449455,78.328298
SPY,2005-01-25,78.671547,78.563854
SPY,2005-01-26,78.907112,78.779222
SPY,2005-01-27,79.041748,78.738857
SPY,2005-01-28,79.041748,78.489809
SPY,2005-01-31,79.533096,79.2302
SPY,2005-02-01,80.037941,79.492729
SPY,2005-02-02,80.280228,80.031185
SPY,2005-02-03,80.071556,79.809049
SPY,2005-02-04,80.926437,80.085066
SPY,2005-02-07,80.818726,80.744685
SPY,2005-02-08,80.912933,80.8187
SPY,2005-02-09,80.307137,80.266752
SPY,2005-02-10,80.596588,80.273505
SPY,2005-02-11,81.289886,80.408131
SPY,2005-02-14,81.229332,81.094715
SPY,2005-02-15,81.532211,81.22932
SPY,2005-02-16,81.586044,81.222572
SPY,2005-02-17,80.926437,80.919705
SPY,2005-02-18,81.034111,80.704295
SPY,2005-02-22,79.8293,79.81584
SPY,2005-02-23,80.401382,79.842716
SPY,2005-02-24,80.933121,80.085023
SPY,2005-02-25,81.734146,80.892775
SPY,2005-02-28,81.195656,80.798531
SPY,2005-03-01,81.59951,81.296614
SPY,2005-03-02,81.55912,81.209112
SPY,2005-03-03,81.592789,81.242776
SPY,2005-03-04,82.609169,81.976456
SPY,2005-03-07,82.649544,82.387036
SPY,2005-03-08,82.339905,82.191823
SPY,2005-03-09,81.424484,81.417752
SPY,2005-03-10,81.606247,81.040848
SPY,2005-03-11,81.034111,80.879302
SPY,2005-03-14,81.538948,80.960084
SPY,2005-03-15,80.865822,80.825438
SPY,2005-03-16,80.179276,80.031193
SPY,2005-03-17,80.340828,80.085053
SPY,2005-03-18,80.102287,79.838749
SPY,2005-03-21,79.80497,79.57522
SPY,2005-03-22,78.994049,78.994049
SPY,2005-03-23,79.061615,78.89268
SPY,2005-03-24,79.156258,79.102197
SPY,2005-03-28,79.271149,79.271149
SPY,2005-03-29,78.744041,78.554835
SPY,2005-03-30,79.859024,78.906227
SPY,2005-03-31,79.710335,79.649521
SPY,2005-04-01,79.352188,79.000805
SPY,2005-04-04,79.487366,78.885957
SPY,2005-04-05,79.865768,79.51438
SPY,2005-04-06,80.142822,79.859012
SPY,2005-04-07,80.575287,79.953607
SPY,2005-04-08,79.737389,79.737389
SPY,2005-04-11,79.79821,79.622521
SPY,2005-04-12,80.210388,79.108933
SPY,2005-04-13,79.264359,79.149479
SPY,2005-04-14,78.230484,78.230484
SPY,2005-04-15,77.135765,77.101976
SPY,2005-04-18,77.372292,77.007391
SPY,2005-04-19,77.987236,77.595305
SPY,2005-04-20,76.899292,76.730357
SPY,2005-04-21,78.392647,77.291187
SPY,2005-04-22,78.095314,77.216849
SPY,2005-04-25,78.608887,78.196685
SPY,2005-04-26,77.845314,77.81153
SPY,2005-04-27,78.149406,77.331761
SPY,2005-04-28,77.169563,77.169563
SPY,2005-04-29,78.216972,77.014155
SPY,2005-05-02,78.656174,78.061519
SPY,2005-05-03,78.791344,78.176422
SPY,2005-05-04,79.399513,78.575109
SPY,2005-05-05,79.372459,78.885926
SPY,2005-05-06,79.122467,79.102196
SPY,2005-05-09,79.615761,79.095443
SPY,2005-05-10,78.791344,78.649439
SPY,2005-05-11,79.223808,78.284529
SPY,2005-05-12,78.352112,78.352112
SPY,2005-05-13,78.196716,77.575036
SPY,2005-05-16,78.926491,78.156147
SPY,2005-05-17,79.45359,78.49404
SPY,2005-05-18,80.271248,79.744171
SPY,2005-05-19,80.609055,80.210365
SPY,2005-05-20,80.494225,80.23744
SPY,2005-05-23,80.940163,80.541478
SPY,2005-05-24,80.750961,80.548237
SPY,2005-05-25,80.69017,80.29824
SPY,2005-05-26,81.122681,80.832112
SPY,2005-05-27,81.257797,80.953716
SPY,2005-05-31,80.737473,80.683412
SPY,2005-06-01,81.426735,80.717205
SPY,2005-06-02,81.602417,81.156426
SPY,2005-06-03,81.190239,80.906429
SPY,2005-06-06,81.115906,80.784794
SPY,2005-06-07,81.176697,81.095611
SPY,2005-06-08,81.028038,80.865857
SPY,2005-06-09,81.413239,80.710468
SPY,2005-06-10,81.223976,80.818533
SPY,2005-06-13,81.480782,80.960459
SPY,2005-06-14,81.669998,81.34564
SPY,2005-06-15,81.825439,81.244307
SPY,2005-06-16,82.034904,81.710547
SPY,2005-06-17,82.338852,82.243867
SPY,2005-06-20,82.365997,82.053903
SPY,2005-06-21,82.413475,82.114948
SPY,2005-06-22,82.481354,82.14212
SPY,2005-06-23,81.321144,81.300791
SPY,2005-06-24,80.724098,80.629108
SPY,2005-06-27,80.839432,80.568044
SPY,2005-06-28,81.517914,80.98871
SPY,2005-06-29,81.300797,81.253304
SPY,2005-06-30,80.859795,80.703745
SPY,2005-07-01,81.097267,80.880158
SPY,2005-07-05,81.74855,80.866546
SPY,2005-07-06,81.063332,81.015839
SPY,2005-07-07,81.38221,80.235603
SPY,2005-07-08,82.311691,81.226144
SPY,2005-07-11,82.732346,82.304908
SPY,2005-07-12,82.949493,82.528841
SPY,2005-07-13,83.064804,82.766277
SPY,2005-07-14,83.390465,83.105504
SPY,2005-07-15,83.342972,83.01731
SPY,2005-07-18,83.010574,82.807037
SPY,2005-07-19,83.465111,83.05125
SPY,2005-07-20,83.750084,82.976631
SPY,2005-07-21,83.261551,83.091934
SPY,2005-07-22,83.817879,83.200471
SPY,2005-07-25,83.580444,83.349763
SPY,2005-07-26,83.682213,83.417611
SPY,2005-07-27,83.987511,83.485446
SPY,2005-07-28,84.516747,83.885771
SPY,2005-07-29,83.953621,83.79079
SPY,2005-08-01,83.89257,83.756874
SPY,2005-08-02,84.3946,83.953595
SPY,2005-08-03,84.618523,84.211443
SPY,2005-08-04,83.940018,83.838247
SPY,2005-08-05,83.37011,83.227632
SPY,2005-08-08,83.214081,83.030892
SPY,2005-08-09,83.716141,83.36334
SPY,2005-08-10,83.67543,83.32941
SPY,2005-08-11,84.007858,83.458301
SPY,2005-08-12,83.492264,83.28194
SPY,2005-08-15,84.007858,83.336177
SPY,2005-08-16,82.91555,82.834132
SPY,2005-08-17,82.908745,82.793407
SPY,2005-08-18,82.901993,82.664525
SPY,2005-08-19,83.091942,82.908753
SPY,2005-08-22,83.091942,82.691643
SPY,2005-08-23,82.93589,82.196363
SPY,2005-08-24,82.196365,82.155654
SPY,2005-08-25,82.494896,82.23708
SPY,2005-08-26,81.931747,81.877469
SPY,2005-08-29,82.562737,81.67394
SPY,2005-08-30,82.128517,81.680726
SPY,2005-08-31,83.166565,81.918182
SPY,2005-09-01,83.105537,82.189607
SPY,2005-09-02,82.95623,82.800186
SPY,2005-09-06,83.926483,83.214095
SPY,2005-09-07,84.068947,83.763633
SPY,2005-09-08,83.790779,83.661869
SPY,2005-09-09,84.537117,83.994346
SPY,2005-09-12,84.367447,84.313168
SPY,2005-09-13,83.899361,83.80437
SPY,2005-09-14,83.59404,83.465129
SPY,2005-09-15,83.553299,83.383682
SPY,2005-09-16,84.14743,83.718178
SPY,2005-09-19,83.86808,83.561472
SPY,2005-09-20,83.159492,83.036848
SPY,2005-09-21,82.382751,82.294172
SPY,2005-09-22,82.67572,82.062504
SPY,2005-09-23,82.743866,82.375933
SPY,2005-09-26,82.839249,82.498571
SPY,2005-09-27,82.81884,82.457717
SPY,2005-09-28,82.900612,82.580374
SPY,2005-09-29,83.575119,82.498575
SPY,2005-09-30,83.83403,82.948265
SPY,2005-10-03,83.534233,83.432029
SPY,2005-10-04,82.593956,82.553076
SPY,2005-10-05,81.510582,81.469702
SPY,2005-10-06,81.217606,80.51581
SPY,2005-10-07,81.496971,81.169918
SPY,2005-10-10,80.8088,80.604396
SPY,2005-10-11,80.692986,80.618036
SPY,2005-10-12,80.059311,79.997991
SPY,2005-10-13,80.011658,79.63691
SPY,2005-10-14,80.856514,80.100208
SPY,2005-10-17,81.156273,80.706576
SPY,2005-10-18,80.277374,80.263749
SPY,2005-10-19,81.612778,79.800374
SPY,2005-10-20,80.175133,79.923034
SPY,2005-10-21,80.488579,80.066141
SPY,2005-10-24,81.735466,80.679367
SPY,2005-10-25,81.571892,81.040435
SPY,2005-10-26,81.333435,81.210791
SPY,2005-10-27,80.468163,80.352333
SPY,2005-10-28,81.626465,80.468156
SPY,2005-10-31,81.851303,81.851303
SPY,2005-11-01,82.096573,81.912609
SPY,2005-11-02,82.955086,81.851287
SPY,2005-11-03,83.309364,82.955062
SPY,2005-11-04,83.200371,82.818813
SPY,2005-11-07,83.28215,83.023232
SPY,2005-11-08,83.28215,82.982352
SPY,2005-11-09,83.391151,83.030034
SPY,2005-11-10,84.038414,82.955061
SPY,2005-11-11,84.3246,83.418396
SPY,2005-11-14,84.276947,84.065723
SPY,2005-11-15,83.970322,83.711408
SPY,2005-11-16,84.140625,83.793137
SPY,2005-11-17,84.924225,83.902191
SPY,2005-11-18,85.258072,84.71299
SPY,2005-11-21,85.687309,85.155853
SPY,2005-11-22,86.05526,85.455663
SPY,2005-11-23,86.552628,85.993916
SPY,2005-11-25,86.620781,86.402747
SPY,2005-11-28,86.007523,85.878063
SPY,2005-11-29,85.91217,85.91217
SPY,2005-11-30,85.448807,85.367042
SPY,2005-12-01,86.320961,85.837199
SPY,2005-12-02,86.43,86.191527
SPY,2005-12-05,86.24604,85.973497
SPY,2005-12-06,86.409561,86.280102
SPY,2005-12-07,85.905327,85.632784
SPY,2005-12-08,85.85083,85.496527
SPY,2005-12-09,86.075691,85.728198
SPY,2005-12-12,86.157448,85.823585
SPY,2005-12-13,86.743378,86.048397
SPY,2005-12-14,87.084084,86.627576
SPY,2005-12-15,86.831985,86.654832
SPY,2005-12-16,86.552536,86.552536
SPY,2005-12-19,86.107323,86.093626
SPY,2005-12-20,86.189507,85.949769
SPY,2005-12-21,86.326508,86.168968
SPY,2005-12-22,86.778572,86.360741
SPY,2005-12-23,86.8265,86.593608
SPY,2005-12-27,85.942917,85.881267
SPY,2005-12-28,86.134682,85.96344
SPY,2005-12-29,85.751114,85.662065
SPY,2005-12-30,85.285324,85.182578
SPY,2006-01-03,86.785416,85.203142
SPY,2006-01-04,87.196365,86.785381
SPY,2006-01-05,87.251198,86.908714
SPY,2006-01-06,87.977249,87.237483
SPY,2006-01-09,88.203331,87.936194
SPY,2006-01-10,88.292374,87.853995
SPY,2006-01-11,88.573158,88.175876
SPY,2006-01-12,88.223877,87.977288
SPY,2006-01-13,88.141617,87.812835
SPY,2006-01-17,87.901901,87.545715
SPY,2006-01-18,87.552559,87.100483
SPY,2006-01-19,87.888237,87.545753
SPY,2006-01-20,86.285393,86.285393
SPY,2006-01-23,86.593628,86.394987
SPY,2006-01-24,86.682701,86.593652
SPY,2006-01-25,86.758018,86.19634
SPY,2006-01-26,87.23748,86.826501
SPY,2006-01-27,88.045753,87.299141
SPY,2006-01-30,87.977249,87.915605
SPY,2006-01-31,87.333405,87.326553
SPY,2006-02-01,87.943024,87.484096
SPY,2006-02-02,86.922394,86.853898
SPY,2006-02-03,86.490891,86.401847
SPY,2006-02-06,86.716942,86.422405
SPY,2006-02-07,85.949753,85.894954
SPY,2006-02-08,86.730614,86.031944
SPY,2006-02-09,86.586761,86.559362
SPY,2006-02-10,86.744308,85.929195
SPY,2006-02-13,86.586761,86.271672
SPY,2006-02-14,87.504654,86.449803
SPY,2006-02-15,87.812881,87.155313
SPY,2006-02-16,88.470451,87.799175
SPY,2006-02-17,88.230705,88.073166
SPY,2006-02-21,88.011505,87.874503
SPY,2006-02-22,88.54583,88.121142
SPY,2006-02-23,88.415649,87.867673
SPY,2006-02-24,88.64167,88.196435
SPY,2006-02-27,88.675903,88.552604
SPY,2006-02-28,87.833405,87.764914
SPY,2006-03-01,88.614281,88.018362
SPY,2006-03-02,88.607414,88.093689
SPY,2006-03-03,88.196457,88.12111
SPY,2006-03-06,87.792297,87.573108
SPY,2006-03-07,87.655327,87.264895
SPY,2006-03-08,87.840294,87.114224
SPY,2006-03-09,87.251198,87.251198
SPY,2006-03-10,88.080025,87.292316
SPY,2006-03-13,88.244408,88.038915
SPY,2006-03-14,89.169052,88.093659
SPY,2006-03-15,89.566414,88.943101
SPY,2006-03-16,89.751297,89.621151
SPY,2006-03-17,89.826263,89.661224
SPY,2006-03-20,89.681892,89.544356
SPY,2006-03-21,89.117935,89.021659
SPY,2006-03-22,89.661263,89.021704
SPY,2006-03-23,89.47554,89.166081
SPY,2006-03-24,89.544334,89.221118
SPY,2006-03-27,89.413681,89.221128
SPY,2006-03-28,88.863518,88.746611
SPY,2006-03-29,89.420532,88.911637
SPY,2006-03-30,89.262375,89.090452
SPY,2006-03-31,89.283005,88.966662
SPY,2006-04-03,89.214249,89.049209
SPY,2006-04-04,89.785034,88.959806
SPY,2006-04-05,90.094505,89.661267
SPY,2006-04-06,89.998199,89.530574
SPY,2006-04-07,89.083572,88.95292
SPY,2006-04-10,89.221107,88.891008
SPY,2006-04-11,88.464668,88.196469
SPY,2006-04-12,88.629677,88.443997
SPY,2006-04-13,88.512794,88.237712
SPY,2006-04-17,88.478371,88.038249
SPY,2006-04-18,89.88131,88.664092
SPY,2006-04-19,90.053246,89.56499
SPY,2006-04-20,90.17701,89.812534
SPY,2006-04-21,90.19075,89.826274
SPY,2006-04-24,90.025688,89.661213
SPY,2006-04-25,89.654373,89.344914
SPY,2006-04-26,89.67498,89.606217
SPY,2006-04-27,90.108215,89.117938
SPY,2006-04-28,90.410835,89.888193
SPY,2006-05-01,89.67498,89.619974
SPY,2006-05-02,90.348938,89.908816
SPY,2006-05-03,90.01194,89.709354
SPY,2006-05-04,90.335182,90.066983
SPY,2006-05-05,91.132866,90.672114
SPY,2006-05-08,91.02285,91.02285
SPY,2006-05-09,91.201668,90.988485
SPY,2006-05-10,91.153511,90.699632
SPY,2006-05-11,90.053246,89.757543
SPY,2006-05-12,88.877281,88.842895
SPY,2006-05-15,89.056084,88.444038
SPY,2006-05-16,88.925377,88.719067
SPY,2006-05-17,87.233673,87.178657
SPY,2006-05-18,86.793564,86.724796
SPY,2006-05-19,87.405632,86.511636
SPY,2006-05-22,86.738548,86.305304
SPY,2006-05-23,86.078377,86.078377
SPY,2006-05-24,86.766037,85.796395
SPY,2006-05-25,87.838875,86.944873
SPY,2006-05-26,88.285873,87.68758
SPY,2006-05-30,86.717918,86.683537
SPY,2006-05-31,87.687576,86.786697
SPY,2006-06-01,88.526535,87.522506
SPY,2006-06-02,88.712219,88.244594
SPY,2006-06-05,87.41935,87.178653
SPY,2006-06-06,87.206154,86.484081
SPY,2006-06-07,86.552864,86.504726
SPY,2006-06-08,86.477234,85.184375
SPY,2006-06-09,86.202141,86.160881
SPY,2006-06-12,85.266899,85.149993
SPY,2006-06-13,84.276596,84.276596
SPY,2006-06-14,84.929939,84.132214
SPY,2006-06-15,86.731674,85.17749
SPY,2006-06-16,86.09964,85.968399
SPY,2006-06-19,85.422752,85.339868
SPY,2006-06-20,85.712837,85.45727
SPY,2006-06-21,86.34832,85.62305
SPY,2006-06-22,85.968414,85.678308
SPY,2006-06-23,85.954575,85.671372
SPY,2006-06-26,86.334511,85.823371
SPY,2006-06-27,85.588516,85.491809
SPY,2006-06-28,86.168709,85.408906
SPY,2006-06-29,87.90937,86.458836
SPY,2006-06-30,87.916283,87.695249
SPY,2006-07-03,88.275429,87.936967
SPY,2006-07-05,87.771233,87.391328
SPY,2006-07-06,88.026794,87.778131
SPY,2006-07-07,87.453461,87.232427
SPY,2006-07-10,87.61924,87.315322
SPY,2006-07-11,88.006081,86.990705
SPY,2006-07-12,87.066666,86.838723
SPY,2006-07-13,85.650673,85.650673
SPY,2006-07-14,85.319138,84.842537
SPY,2006-07-17,85.194801,85.063566
SPY,2006-07-18,85.629967,84.53861
SPY,2006-07-19,86.818016,85.457275
SPY,2006-07-20,86.223976,86.106553
SPY,2006-07-21,85.616158,85.526364
SPY,2006-07-24,87.177193,85.954601
SPY,2006-07-25,87.488029,86.83874
SPY,2006-07-26,87.605484,87.156507
SPY,2006-07-27,87.52256,87.170286
SPY,2006-07-28,88.399788,87.626167
SPY,2006-07-31,88.31002,88.033727
SPY,2006-08-01,87.87484,87.446584
SPY,2006-08-02,88.468834,88.102747
SPY,2006-08-03,88.703697,87.826471
SPY,2006-08-04,88.55172,88.054398
SPY,2006-08-07,88.344536,87.99917
SPY,2006-08-08,88.006081,87.68834
SPY,2006-08-09,87.709053,87.453481
SPY,2006-08-10,87.978409,87.225509
SPY,2006-08-11,87.729759,87.301504
SPY,2006-08-14,87.798843,87.667603
SPY,2006-08-15,88.848732,88.344496
SPY,2006-08-16,89.58783,89.131944
SPY,2006-08-17,89.815773,89.442783
SPY,2006-08-18,90.271652,89.511844
SPY,2006-08-21,89.88485,89.656907
SPY,2006-08-22,89.877937,89.574014
SPY,2006-08-23,89.629272,89.235561
SPY,2006-08-24,89.553284,89.380601
SPY,2006-08-25,89.663803,89.484217
SPY,2006-08-28,90.092079,89.546406
SPY,2006-08-29,90.195732,89.663866
SPY,2006-08-30,90.250954,90.174973
SPY,2006-08-31,90.237114,90.195672
SPY,2006-09-01,90.775902,90.375276
SPY,2006-09-05,90.948563,90.623918
SPY,2006-09-06,90.147346,90.02302
SPY,2006-09-07,89.732887,89.34608
SPY,2006-09-08,89.988449,89.677622
SPY,2006-09-11,90.078278,89.435892
SPY,2006-09-12,90.962425,90.050655
SPY,2006-09-13,91.328499,90.844989
SPY,2006-09-14,91.335396,91.003848
SPY,2006-09-15,91.549767,91.355501
SPY,2006-09-18,91.674652,91.334701
SPY,2006-09-19,91.445694,90.932312
SPY,2006-09-20,91.931328,91.619134
SPY,2006-09-21,91.487328,91.175134
SPY,2006-09-22,91.209846,90.883774
SPY,2006-09-25,91.91053,90.918445
SPY,2006-09-26,92.673691,91.855038
SPY,2006-09-27,92.784676,92.458603
SPY,2006-09-28,92.750031,92.465583
SPY,2006-09-29,92.673691,92.60431
SPY,2006-10-02,92.32679,92.236596
SPY,2006-10-03,92.521034,92.028454
SPY,2006-10-04,93.603287,92.326755
SPY,2006-10-05,93.783714,93.485399
SPY,2006-10-06,93.665771,93.242572
SPY,2006-10-09,93.721275,93.409081
SPY,2006-10-10,93.846169,93.547842
SPY,2006-10-11,93.73513,93.173179
SPY,2006-10-12,94.546883,93.936362
SPY,2006-10-13,94.789658,94.380326
SPY,2006-10-16,94.935349,94.643967
SPY,2006-10-17,94.637032,94.123639
SPY,2006-10-18,94.761917,94.421977
SPY,2006-10-19,94.914551,94.512163
SPY,2006-10-20,94.935349,94.58153
SPY,2006-10-23,95.372429,94.623157
SPY,2006-10-24,95.65686,95.19897
SPY,2006-10-25,95.982956,95.400182
SPY,2006-10-26,96.281281,95.726263
SPY,2006-10-27,95.677704,95.483449
SPY,2006-10-30,95.608292,95.323844
SPY,2006-10-31,95.594437,95.219806
SPY,2006-11-01,94.949242,94.852114
SPY,2006-11-02,94.893723,94.602341
SPY,2006-11-03,94.727219,94.088952
SPY,2006-11-06,95.795631,95.011669
SPY,2006-11-07,96.163322,95.740123
SPY,2006-11-08,96.371468,94.949239
SPY,2006-11-09,95.864975,95.670721
SPY,2006-11-10,95.906609,95.545846
SPY,2006-11-13,96.142548,95.788729
SPY,2006-11-14,96.864044,95.82339
SPY,2006-11-15,97.141563,96.801613
SPY,2006-11-16,97.391319,96.773865
SPY,2006-11-17,97.419067,96.940365
SPY,2006-11-20,97.474541,97.086032
SPY,2006-11-21,97.571693,97.32887
SPY,2006-11-22,97.765945,97.474564
SPY,2006-11-24,97.370476,97.266404
SPY,2006-11-27,96.031487,96.00374
SPY,2006-11-28,96.447762,95.816429
SPY,2006-11-29,97.453743,96.489404
SPY,2006-11-30,97.495377,96.961171
SPY,2006-12-01,97.280304,96.413093
SPY,2006-12-04,98.022629,97.287235
SPY,2006-12-05,98.445831,98.001819
SPY,2006-12-06,98.362579,98.168325
SPY,2006-12-07,97.932457,97.897766
SPY,2006-12-08,98.112801,97.668789
SPY,2006-12-11,98.397263,98.057312
SPY,2006-12-12,98.320938,97.745109
SPY,2006-12-13,98.425026,98.209959
SPY,2006-12-14,99.292252,98.404228
SPY,2006-12-15,99.301315,99.231558
SPY,2006-12-18,99.029236,98.889711
SPY,2006-12-19,99.217575,98.499012
SPY,2006-12-20,99.161789,99.071093
SPY,2006-12-21,98.799004,98.589722
SPY,2006-12-22,98.192047,98.136235
SPY,2006-12-26,98.771065,98.212955
SPY,2006-12-27,99.419899,98.945513
SPY,2006-12-28,99.210587,99.057106
SPY,2006-12-29,98.799004,98.666451
SPY,2007-01-03,98.624596,98.066497
SPY,2007-01-04,98.833893,98.094402
SPY,2007-01-05,98.04557,97.933957
SPY,2007-01-08,98.49897,97.843192
SPY,2007-01-09,98.415298,97.947874
SPY,2007-01-10,98.743187,97.878127
SPY,2007-01-11,99.175743,98.715302
SPY,2007-01-12,99.929176,99.140846
SPY,2007-01-16,99.733841,99.573377
SPY,2007-01-17,99.775665,99.573345
SPY,2007-01-18,99.440804,99.280351
SPY,2007-01-19,99.636162,99.385013
SPY,2007-01-22,99.329193,99.015249
SPY,2007-01-23,99.622231,99.105977
SPY,2007-01-24,100.42452,99.698987
SPY,2007-01-25,99.245514,99.071105
SPY,2007-01-26,99.154785,98.771084
SPY,2007-01-29,99.098984,98.882719
SPY,2007-01-30,99.615211,99.105941
SPY,2007-01-31,100.28494,99.343132
SPY,2007-02-01,100.88494,100.3966
SPY,2007-02-02,101.02443,100.72445
SPY,2007-02-05,101.05236,100.69656
SPY,2007-02-06,101.08026,100.68959
SPY,2007-02-07,101.30351,100.85703
SPY,2007-02-08,101.17095,100.64773
SPY,2007-02-09,100.41753,100.03383
SPY,2007-02-12,100.07565,99.894264
SPY,2007-02-13,100.91984,100.29196
SPY,2007-02-14,101.58257,101.00353
SPY,2007-02-15,101.7151,101.45696
SPY,2007-02-16,101.66634,101.31752
SPY,2007-02-20,101.88252,101.15699
SPY,2007-02-21,101.84068,101.40117
SPY,2007-02-22,101.76394,101.2756
SPY,2007-02-23,101.36634,101.17798
SPY,2007-02-26,101.27558,100.98258
SPY,2007-02-27,97.320038,96.971221
SPY,2007-02-28,98.317619,97.5293
SPY,2007-03-01,98.024628,96.308453
SPY,2007-03-02,96.74102,96.734048
SPY,2007-03-05,95.820076,95.80612
SPY,2007-03-06,97.459534,96.07822
SPY,2007-03-07,97.361885,97.250261
SPY,2007-03-08,98.185104,97.71769
SPY,2007-03-09,98.212975,97.724633
SPY,2007-03-12,98.359543,97.780505
SPY,2007-03-13,96.447945,96.301437
SPY,2007-03-14,97.166557,95.401542
SPY,2007-03-15,97.299088,96.831674
SPY,2007-03-16,97.026588,96.739421
SPY,2007-03-19,98.196281,97.460858
SPY,2007-03-20,98.735596,98.028194
SPY,2007-03-21,100.36053,98.630553
SPY,2007-03-22,100.28346,100.01031
SPY,2007-03-23,100.43056,100.26246
SPY,2007-03-26,100.29748,99.520032
SPY,2007-03-27,100.05937,99.730182
SPY,2007-03-28,99.33094,98.938706
SPY,2007-03-29,99.436028,98.889715
SPY,2007-03-30,99.457024,98.448444
SPY,2007-04-02,99.569107,99.092828
SPY,2007-04-03,100.64072,100.0944
SPY,2007-04-04,100.75276,100.26948
SPY,2007-04-05,101.02588,100.58462
SPY,2007-04-09,101.16602,100.96289
SPY,2007-04-10,101.28508,101.04695
SPY,2007-04-11,100.87185,100.53565
SPY,2007-04-12,101.32013,100.39559
SPY,2007-04-13,101.78238,101.10999
SPY,2007-04-16,102.74889,102.13255
SPY,2007-04-17,103.02206,102.71388
SPY,2007-04-18,103.14813,102.65785
SPY,2007-04-19,103.12009,102.51075
SPY,2007-04-20,104.0937,102.98707
SPY,2007-04-23,103.70148,103.63844
SPY,2007-04-24,103.74349,103.18318
SPY,2007-04-25,104.69603,103.67345
SPY,2007-04-26,104.81512,104.4299
SPY,2007-04-27,104.73105,104.24777
SPY,2007-04-30,103.86254,103.80652
SPY,2007-05-01,104.12873,103.42833
SPY,2007-05-02,104.73806,104.18475
SPY,2007-05-03,105.3054,104.87114
SPY,2007-05-04,105.70456,105.21428
SPY,2007-05-07,105.72563,105.62758
SPY,2007-05-08,105.58556,105.15131
SPY,2007-05-09,105.87274,105.31942
SPY,2007-05-10,104.76611,104.54899
SPY,2007-05-11,105.66255,104.86409
SPY,2007-05-14,105.43143,104.91313
SPY,2007-05-15,105.4595,105.19334
SPY,2007-05-16,106.18085,105.32636
SPY,2007-05-17,105.97072,105.83764
SPY,2007-05-18,106.8953,106.32798
SPY,2007-05-21,106.83925,106.81124
SPY,2007-05-22,106.75521,106.7272
SPY,2007-05-23,106.76921,106.71318
SPY,2007-05-24,105.80267,105.57854
SPY,2007-05-25,106.24393,105.88672
SPY,2007-05-29,106.62917,106.07585
SPY,2007-05-30,107.49757,105.99872
SPY,2007-05-31,107.38556,107.24547
SPY,2007-06-01,107.91787,107.51864
SPY,2007-06-04,107.93188,107.49763
SPY,2007-06-05,107.50466,107.06341
SPY,2007-06-06,106.349,106.28597
SPY,2007-06-07,104.4299,104.40188
SPY,2007-06-08,105.78867,104.42288
SPY,2007-06-11,105.97072,105.55047
SPY,2007-06-12,104.81512,104.74508
SPY,2007-06-13,106.38397,104.8641
SPY,2007-06-14,107.0634,106.48207
SPY,2007-06-15,107.67255,107.57406
SPY,2007-06-18,107.54591,107.38413
SPY,2007-06-19,107.81325,107.17313
SPY,2007-06-20,106.31494,106.18833
SPY,2007-06-21,106.90582,105.6889
SPY,2007-06-22,105.89993,105.40754
SPY,2007-06-25,105.39345,104.82368
SPY,2007-06-26,104.31019,104.30316
SPY,2007-06-27,105.79444,104.14844
SPY,2007-06-28,105.78037,105.28094
SPY,2007-06-29,105.81548,104.9151
SPY,2007-07-02,106.77216,106.05467
SPY,2007-07-03,107.15904,106.91285
SPY,2007-07-05,107.04651,106.65964
SPY,2007-07-06,107.60921,106.87061
SPY,2007-07-09,107.69366,107.35601
SPY,2007-07-10,106.16015,106.05464
SPY,2007-07-11,106.91282,105.87879
SPY,2007-07-12,108.60109,107.15908
SPY,2007-07-13,108.92464,108.60106
SPY,2007-07-16,108.91053,108.73468
SPY,2007-07-17,108.85431,108.80506
SPY,2007-07-18,108.65741,107.83441
SPY,2007-07-19,109.07942,108.85432
SPY,2007-07-20,107.97499,107.5037
SPY,2007-07-23,108.30563,107.83434
SPY,2007-07-24,106.42746,106.04761
SPY,2007-07-25,106.64559,105.68894
SPY,2007-07-26,104.12028,102.9737
SPY,2007-07-27,102.07332,102.03111
SPY,2007-07-30,103.67011,102.19996
SPY,2007-07-31,102.50237,102.02403
SPY,2007-08-01,103.00185,101.25737
SPY,2007-08-02,103.82485,102.17884
SPY,2007-08-03,101.1518,100.72975
SPY,2007-08-06,102.84705,100.25846
SPY,2007-08-07,103.94439,102.1577
SPY,2007-08-08,105.39345,103.64193
SPY,2007-08-09,102.27026,102.19992
SPY,2007-08-10,101.792,100.67355
SPY,2007-08-13,102.15771,102.01
SPY,2007-08-14,100.59614,100.39215
SPY,2007-08-15,99.210396,98.914961
SPY,2007-08-16,99.956039,96.368591
SPY,2007-08-17,101.792,99.456638
SPY,2007-08-20,101.74273,100.79311
SPY,2007-08-21,101.94672,101.39103
SPY,2007-08-22,103.15659,102.22808
SPY,2007-08-23,103.06517,102.42506
SPY,2007-08-24,104.33836,102.89634
SPY,2007-08-27,103.36765,103.2129
SPY,2007-08-28,101.09559,100.9127
SPY,2007-08-29,103.07925,101.26443
SPY,2007-08-30,102.80482,102.21395
SPY,2007-08-31,103.8178,103.28321
SPY,2007-09-04,104.86591,103.68416
SPY,2007-09-05,103.9585,103.4028
SPY,2007-09-06,104.19763,103.48717
SPY,2007-09-07,102.74861,102.17883
SPY,2007-09-10,102.55167,101.52469
SPY,2007-09-11,103.74749,102.79084
SPY,2007-09-12,104.01476,103.38872
SPY,2007-09-13,104.74636,104.24693
SPY,2007-09-14,104.73923,103.92328
SPY,2007-09-17,104.17658,103.84597
SPY,2007-09-18,107.24345,104.19764
SPY,2007-09-19,107.87651,107.41929
SPY,2007-09-20,107.11681,106.99723
SPY,2007-09-21,107.40589,107.24334
SPY,2007-09-24,107.20802,106.97479
SPY,2007-09-25,106.99601,106.34579
SPY,2007-09-26,107.5614,106.99599
SPY,2007-09-27,108.19746,107.56138
SPY,2007-09-28,107.83695,107.41289
SPY,2007-10-01,109.05267,107.78051
SPY,2007-10-02,108.90424,108.70635
SPY,2007-10-03,108.68511,108.14091
SPY,2007-10-04,108.85471,108.5508
SPY,2007-10-05,110.14817,109.28593
SPY,2007-10-08,109.56152,109.38483
SPY,2007-10-09,110.59339,109.5686
SPY,2007-10-10,110.40965,109.83717
SPY,2007-10-11,109.87952,109.22223
SPY,2007-10-12,110.48737,109.73821
SPY,2007-10-15,109.55444,108.79822
SPY,2007-10-16,108.68511,108.46602
SPY,2007-10-17,109.01732,107.75929
SPY,2007-10-18,108.62152,108.1904
SPY,2007-10-19,105.78037,105.77331
SPY,2007-10-22,106.39525,105.06655
SPY,2007-10-23,107.25748,106.19028
SPY,2007-10-24,107.05959,105.19375
SPY,2007-10-25,107.31405,105.92881
SPY,2007-10-26,108.57208,107.35646
SPY,2007-10-29,108.9325,108.52257
SPY,2007-10-30,108.17632,108.04203
SPY,2007-10-31,109.30005,108.02082
SPY,2007-11-01,106.74157,106.43059
SPY,2007-11-02,106.86172,105.45528
SPY,2007-11-05,106.04892,105.28562
SPY,2007-11-06,107.4766,105.94293
SPY,2007-11-07,104.53642,104.28198
SPY,2007-11-08,104.00642,102.5293
SPY,2007-11-09,102.57875,102.40206
SPY,2007-11-12,101.56104,101.56104
SPY,2007-11-13,104.65663,102.6353
SPY,2007-11-14,104.36684,103.73783
SPY,2007-11-15,102.86147,102.14059
SPY,2007-11-16,103.03816,102.17593
SPY,2007-11-19,101.60342,101.20057
SPY,2007-11-20,102.22535,100.43725
SPY,2007-11-21,100.13338,100.12632
SPY,2007-11-23,101.86493,100.85426
SPY,2007-11-26,99.617447,99.412492
SPY,2007-11-27,100.76239,99.617436
SPY,2007-11-28,103.98518,101.87197
SPY,2007-11-29,104.02058,103.2573
SPY,2007-11-30,105.06654,104.12656
SPY,2007-12-03,104.37389,104.09826
SPY,2007-12-04,103.441,103.40566
SPY,2007-12-05,105.17259,104.47997
SPY,2007-12-06,106.67795,105.00294
SPY,2007-12-07,106.65673,106.4023
SPY,2007-12-10,107.4836,106.62136
SPY,2007-12-11,104.53642,104.47987
SPY,2007-12-12,105.56834,104.03467
SPY,2007-12-13,105.34926,104.10537
SPY,2007-12-14,104.0135,103.96403
SPY,2007-12-17,102.52929,102.38087
SPY,2007-12-18,103.10176,101.74479
SPY,2007-12-19,103.10176,102.43741
SPY,2007-12-20,103.75195,102.60699
SPY,2007-12-21,105.24761,104.50868
SPY,2007-12-24,106.02914,105.49626
SPY,2007-12-26,106.25651,105.51047
SPY,2007-12-27,104.92072,104.67204
SPY,2007-12-28,104.6579,104.37369
SPY,2007-12-31,103.88342,103.77683
SPY,2008-01-02,102.97395,102.22792
SPY,2008-01-03,102.92426,102.36296
SPY,2008-01-04,100.40194,100.11774
SPY,2008-01-07,100.31667,99.542222
SPY,2008-01-08,98.696693,98.362754
SPY,2008-01-09,99.734032,97.836976
SPY,2008-01-10,100.38774,99.023566
SPY,2008-01-11,99.577751,98.760671
SPY,2008-01-14,100.38062,99.755372
SPY,2008-01-15,98.170944,97.979104
SPY,2008-01-16,97.325424,96.828071
SPY,2008-01-17,94.803123,94.447869
SPY,2008-01-18,93.829727,93.147645
SPY,2008-01-22,92.877678,89.524077
SPY,2008-01-23,95.10865,90.120878
SPY,2008-01-24,95.911522,94.717862
SPY,2008-01-25,94.526009,94.213394
SPY,2008-01-28,96.089142,93.82972
SPY,2008-01-29,96.565186,95.833363
SPY,2008-01-30,95.854691,95.634435
SPY,2008-01-31,97.602539,94.63972
SPY,2008-02-01,99.172752,97.709107
SPY,2008-02-04,97.922241,97.794344
SPY,2008-02-05,95.300476,94.973638
SPY,2008-02-06,94.53315,94.078425
SPY,2008-02-07,95.158379,93.595262
SPY,2008-02-08,94.547356,93.858162
SPY,2008-02-11,95.030502,93.815528
SPY,2008-02-12,95.911522,95.193902
SPY,2008-02-13,96.892006,96.018084
SPY,2008-02-14,96.039436,95.76944
SPY,2008-02-15,96.018097,95.144175
SPY,2008-02-19,96.288101,95.641536
SPY,2008-02-20,96.572273,95.037573
SPY,2008-02-21,95.769402,95.257846
SPY,2008-02-22,96.359138,94.398139
SPY,2008-02-25,97.574112,95.762313
SPY,2008-02-26,98.305923,96.984378
SPY,2008-02-27,98.206497,97.630987
SPY,2008-02-28,97.247261,97.019904
SPY,2008-02-29,95.080215,94.341281
SPY,2008-03-03,94.852852,93.957615
SPY,2008-03-04,94.490494,93.069477
SPY,2008-03-05,95.087341,94.02868
SPY,2008-03-06,93.119217,92.756862
SPY,2008-03-07,92.160034,91.357156
SPY,2008-03-10,90.945061,90.65375
SPY,2008-03-11,94.213417,91.620055
SPY,2008-03-12,93.332359,93.19026
SPY,2008-03-13,93.538399,91.371357
SPY,2008-03-14,92.089005,90.788773
SPY,2008-03-17,91.158226,89.57379
SPY,2008-03-18,94.945251,92.351889
SPY,2008-03-19,92.59343,92.394477
SPY,2008-03-20,94.308586,92.295027
SPY,2008-03-24,96.193535,95.13678
SPY,2008-03-25,96.2864,95.515251
SPY,2008-03-26,95.108238,95.043979
SPY,2008-03-27,94.808357,94.508468
SPY,2008-03-28,93.901535,93.580226
SPY,2008-03-31,94.229996,93.601649
SPY,2008-04-01,97.543076,95.329591
SPY,2008-04-02,97.60733,97.093231
SPY,2008-04-03,97.850098,96.900453
SPY,2008-04-04,97.742989,97.193186
SPY,2008-04-07,97.792984,97.635897
SPY,2008-04-08,97.693016,97.071806
SPY,2008-04-09,96.986153,96.314966
SPY,2008-04-10,97.12178,96.322064
SPY,2008-04-11,95.236786,94.972589
SPY,2008-04-14,94.915466,94.644144
SPY,2008-04-15,95.136772,94.487006
SPY,2008-04-16,97.714455,96.050773
SPY,2008-04-17,97.857254,96.864758
SPY,2008-04-18,98.878296,98.721209
SPY,2008-04-21,98.928314,98.428498
SPY,2008-04-22,98.492737,97.750144
SPY,2008-04-23,98.335632,97.907212
SPY,2008-04-24,98.764061,97.850098
SPY,2008-04-25,99.677986,98.471281
SPY,2008-04-28,99.699455,99.520949
SPY,2008-04-29,99.306686,98.971093
SPY,2008-04-30,98.721199,98.721199
SPY,2008-05-01,100.76333,98.728361
SPY,2008-05-02,101.04179,100.36347
SPY,2008-05-05,100.55626,100.25637
SPY,2008-05-06,101.42732,99.742222
SPY,2008-05-07,99.620872,99.342403
SPY,2008-05-08,99.363838,99.235308
SPY,2008-05-09,99.1782,98.85689
SPY,2008-05-12,100.29209,99.056819
SPY,2008-05-13,100.30633,99.770809
SPY,2008-05-14,100.5134,100.29206
SPY,2008-05-15,101.7701,100.55625
SPY,2008-05-16,101.86294,101.11321
SPY,2008-05-19,102.14141,101.60589
SPY,2008-05-20,101.31315,100.67767
SPY,2008-05-21,99.599464,99.249588
SPY,2008-05-22,99.613747,99.249597
SPY,2008-05-23,98.278526,98.192847
SPY,2008-05-27,99.006859,98.200006
SPY,2008-05-28,99.463799,98.535563
SPY,2008-05-29,99.963623,99.306721
SPY,2008-05-30,100.21357,99.920816
SPY,2008-06-02,99.1782,98.535581
SPY,2008-06-03,98.599808,97.985745
SPY,2008-06-04,98.549858,98.150005
SPY,2008-06-05,100.52054,98.764041
SPY,2008-06-06,97.314575,97.264599
SPY,2008-06-09,97.550194,96.686229
SPY,2008-06-10,97.064667,96.643394
SPY,2008-06-11,95.636597,95.629449
SPY,2008-06-12,96.000755,95.336717
SPY,2008-06-13,97.214638,95.979376
SPY,2008-06-16,97.271713,96.721921
SPY,2008-06-17,96.800476,96.657662
SPY,2008-06-18,95.857956,95.472387
SPY,2008-06-19,95.979347,95.322445
SPY,2008-06-20,94.421417,94.163082
SPY,2008-06-23,94.328148,94.234868
SPY,2008-06-24,94.141548,93.423951
SPY,2008-06-25,94.58651,94.177485
SPY,2008-06-26,92.017487,91.909851
SPY,2008-06-27,91.515213,91.163592
SPY,2008-06-30,91.838127,91.350161
SPY,2008-07-01,92.125107,90.366991
SPY,2008-07-02,90.546432,90.381383
SPY,2008-07-03,90.639709,89.692481
SPY,2008-07-07,89.713997,88.924641
SPY,2008-07-08,91.307083,89.125587
SPY,2008-07-09,89.548965,89.261925
SPY,2008-07-10,89.91494,88.680672
SPY,2008-07-11,88.867233,87.898478
SPY,2008-07-14,88.063522,87.833891
SPY,2008-07-15,86.822075,86.126005
SPY,2008-07-16,88.953331,86.901003
SPY,2008-07-17,89.843193,89.046659
SPY,2008-07-18,90.402908,89.807301
SPY,2008-07-21,90.453102,89.835968
SPY,2008-07-22,91.479301,89.592017
SPY,2008-07-23,91.974442,91.529535
SPY,2008-07-24,90.065643,89.814485
SPY,2008-07-25,90.044113,89.821654
SPY,2008-07-28,88.723732,88.56586
SPY,2008-07-29,90.618172,88.723716
SPY,2008-07-30,92.232765,90.618172
SPY,2008-07-31,91.012871,90.869348
SPY,2008-08-01,90.532051,90.02973
SPY,2008-08-04,89.692459,89.527415
SPY,2008-08-05,92.110764,89.67811
SPY,2008-08-06,92.519821,91.479313
SPY,2008-08-07,91.142044,90.804772
SPY,2008-08-08,92.835571,90.689957
SPY,2008-08-11,93.797165,92.735113
SPY,2008-08-12,92.82122,92.376303
SPY,2008-08-13,92.26149,91.615646
SPY,2008-08-14,92.957535,91.673041
SPY,2008-08-15,93.409668,92.785362
SPY,2008-08-18,92.132294,91.608451
SPY,2008-08-19,91.127647,90.797553
SPY,2008-08-20,91.551079,90.661254
SPY,2008-08-21,91.708961,90.847841
SPY,2008-08-22,93.036499,91.70895
SPY,2008-08-25,91.149208,90.955459
SPY,2008-08-26,91.414734,90.833482
SPY,2008-08-27,92.304543,91.350137
SPY,2008-08-28,93.423981,92.648974
SPY,2008-08-29,92.419365,92.218439
SPY,2008-09-02,91.845276,91.508004
SPY,2008-09-03,91.766357,91.084642
SPY,2008-09-04,89.003639,88.953408
SPY,2008-09-05,89.28344,87.546856
SPY,2008-09-08,91.127647,89.283423
SPY,2008-09-09,88.422348,88.120958
SPY,2008-09-10,88.781174,87.941586
SPY,2008-09-11,90.065643,87.259835
SPY,2008-09-12,90.481812,88.860046
SPY,2008-09-15,86.176262,86.032745
SPY,2008-09-16,87.618629,83.958884
SPY,2008-09-17,83.679047,83.241312
SPY,2008-09-18,86.161919,81.662585
SPY,2008-09-19,89.583717,89.013534
SPY,2008-09-22,87.555603,86.869942
SPY,2008-09-23,85.56356,85.368685
SPY,2008-09-24,85.837837,85.015042
SPY,2008-09-25,87.18029,85.484177
SPY,2008-09-26,87.22361,85.534715
SPY,2008-09-29,80.388603,80.092688
SPY,2008-09-30,83.715889,79.77513
SPY,2008-10-01,83.766411,82.243516
SPY,2008-10-02,80.727821,80.157638
SPY,2008-10-03,79.638031,79.161678
SPY,2008-10-06,75.581757,72.637012
SPY,2008-10-07,72.196762,71.922499
SPY,2008-10-08,70.377907,69.872678
SPY,2008-10-09,65.462807,65.138021
SPY,2008-10-10,63.874973,60.323959
SPY,2008-10-13,73.14946,64.921498
SPY,2008-10-14,72.066841,70.089245
SPY,2008-10-15,64.972015,64.748274
SPY,2008-10-16,67.678596,62.460339
SPY,2008-10-17,67.274399,66.148469
SPY,2008-10-20,71.316231,67.909564
SPY,2008-10-21,69.187035,68.725115
SPY,2008-10-22,65.419518,63.174871
SPY,2008-10-23,66.177345,61.933446
SPY,2008-10-24,62.821198,60.627074
SPY,2008-10-27,60.591,60.410562
SPY,2008-10-28,67.671394,61.009628
SPY,2008-10-29,67.180557,66.473239
SPY,2008-10-30,69.504616,67.050662
SPY,2008-10-31,69.887146,68.191032
SPY,2008-11-03,70.089195,69.251962
SPY,2008-11-04,72.470993,69.800512
SPY,2008-11-05,69.42524,68.566354
SPY,2008-11-06,65.578285,65.000882
SPY,2008-11-07,67.743515,65.318432
SPY,2008-11-10,66.855789,65.621596
SPY,2008-11-11,64.791557,63.9832
SPY,2008-11-12,61.940655,61.435431
SPY,2008-11-13,65.80201,59.248512
SPY,2008-11-14,62.518051,62.445872
SPY,2008-11-17,61.688065,61.464324
SPY,2008-11-18,62.850075,59.840375
SPY,2008-11-19,58.822704,58.404087
SPY,2008-11-20,54.456112,54.167416
SPY,2008-11-21,57.393623,53.654954
SPY,2008-11-24,61.370464,57.99989
SPY,2008-11-25,61.825172,60.497148
SPY,2008-11-26,64.214211,60.800325
SPY,2008-11-28,65.02253,63.860516
SPY,2008-12-01,59.262951,59.082513
SPY,2008-12-02,61.543709,59.212456
SPY,2008-12-03,63.0233,60.006381
SPY,2008-12-04,61.565357,60.439422
SPY,2008-12-05,63.463566,59.356801
SPY,2008-12-08,65.679359,63.571847
SPY,2008-12-09,64.596695,64.221387
SPY,2008-12-10,65.03698,64.235836
SPY,2008-12-11,63.470791,63.059393
SPY,2008-12-12,64.22863,61.493193
SPY,2008-12-15,63.333622,62.279867
SPY,2008-12-16,66.314491,63.644014
SPY,2008-12-17,65.672104,65.000875
SPY,2008-12-18,64.445122,63.66563
SPY,2008-12-19,64.167931,64.095165
SPY,2008-12-22,63.345726,62.203379
SPY,2008-12-23,62.690865,62.428925
SPY,2008-12-24,63.054691,62.574466
SPY,2008-12-26,63.41848,62.938255
SPY,2008-12-29,63.236557,62.283385
SPY,2008-12-30,64.735443,63.214736
SPY,2008-12-31,65.659531,64.662708
SPY,2009-01-02,67.638603,65.375736
SPY,2009-01-05,67.558578,66.860074
SPY,2009-01-06,68.009697,67.434884
SPY,2009-01-07,65.972382,65.630404
SPY,2009-01-08,66.241585,65.244758
SPY,2009-01-09,64.822784,62.108802
SPY,2009-01-12,63.265671,62.872766
SPY,2009-01-13,63.382107,62.719979
SPY,2009-01-14,61.38847,60.508062
SPY,2009-01-15,61.410275,59.46028
SPY,2009-01-16,61.890503,60.428011
SPY,2009-01-20,58.623524,58.245169
SPY,2009-01-21,61.155628,58.550783
SPY,2009-01-22,60.209698,59.060073
SPY,2009-01-23,60.471649,58.62352
SPY,2009-01-26,60.886402,60.253379
SPY,2009-01-27,61.504852,60.609895
SPY,2009-01-28,63.585869,62.625423
SPY,2009-01-29,61.519421,61.46121
SPY,2009-01-30,60.267933,59.816813
SPY,2009-02-02,60.086025,59.161958
SPY,2009-02-03,60.930058,59.824093
SPY,2009-02-04,60.631729,60.420722
SPY,2009-02-05,61.533974,56.557124
SPY,2009-02-06,63.287514,61.614009
SPY,2009-02-09,63.374828,62.807293
SPY,2009-02-10,60.471649,59.991424
SPY,2009-02-11,60.82819,59.95506
SPY,2009-02-12,60.871849,58.972787
SPY,2009-02-13,60.217003,60.202448
SPY,2009-02-17,57.641247,57.604864
SPY,2009-02-18,57.503029,56.957321
SPY,2009-02-19,56.884541,56.76812
SPY,2009-02-20,56.331562,55.131004
SPY,2009-02-23,54.316086,54.272425
SPY,2009-02-24,56.375214,54.352454
SPY,2009-02-25,55.931351,55.029111
SPY,2009-02-26,55.021851,54.956363
SPY,2009-02-27,53.792202,53.704887
SPY,2009-03-02,51.369251,51.201904
SPY,2009-03-03,50.983627,50.670755
SPY,2009-03-04,52.19146,50.983625
SPY,2009-03-05,50.059574,49.601176
SPY,2009-03-06,50.146866,48.822616
SPY,2009-03-09,49.557518,49.281028
SPY,2009-03-10,52.511612,50.474307
SPY,2009-03-11,52.853577,52.264214
SPY,2009-03-12,54.934513,52.366053
SPY,2009-03-13,55.363823,54.374279
SPY,2009-03-16,55.196499,55.160116
SPY,2009-03-17,56.884541,54.898163
SPY,2009-03-18,58.157887,56.076921
SPY,2009-03-19,57.437527,57.255624
SPY,2009-03-20,56.214481,56.082574
SPY,2009-03-23,60.252281,57.386961
SPY,2009-03-24,59.06514,58.999189
SPY,2009-03-25,59.688046,57.93661
SPY,2009-03-26,60.904499,59.592754
SPY,2009-03-27,59.805264,59.585416
SPY,2009-03-30,57.738716,57.130476
SPY,2009-03-31,58.273678,57.929258
SPY,2009-04-01,59.402222,57.401632
SPY,2009-04-02,61.139,59.453516
SPY,2009-04-03,61.74725,60.582066
SPY,2009-04-06,61.263565,60.303576
SPY,2009-04-07,59.83456,59.731966
SPY,2009-04-08,60.479462,59.753973
SPY,2009-04-09,62.883083,61.798516
SPY,2009-04-13,62.897766,61.981744
SPY,2009-04-14,61.813202,61.615343
SPY,2009-04-15,62.472733,61.270912
SPY,2009-04-16,63.388721,62.120945
SPY,2009-04-17,63.813778,63.124927
SPY,2009-04-20,61.139,61.073043
SPY,2009-04-21,62.333504,60.640696
SPY,2009-04-22,61.952396,61.607971
SPY,2009-04-23,62.560642,61.285536
SPY,2009-04-24,63.506016,62.795181
SPY,2009-04-27,62.905083,62.685241
SPY,2009-04-28,62.707245,62.113664
SPY,2009-04-29,64.040955,63.242186
SPY,2009-04-30,64.06292,63.696511
SPY,2009-05-01,64.407372,63.549976
SPY,2009-05-04,66.598488,64.766443
SPY,2009-05-05,66.371315,65.836355
SPY,2009-05-06,67.52182,66.40061
SPY,2009-05-07,66.583839,66.158804
SPY,2009-05-08,68.137375,67.008835
SPY,2009-05-11,66.862305,66.715743
SPY,2009-05-12,66.664429,65.843671
SPY,2009-05-13,64.98629,64.854383
SPY,2009-05-14,65.543243,64.854393
SPY,2009-05-15,65.008286,64.597909
SPY,2009-05-18,66.854958,64.90566
SPY,2009-05-19,66.774345,66.547168
SPY,2009-05-20,66.327354,66.254074
SPY,2009-05-21,65.374664,64.67849
SPY,2009-05-22,65.23542,64.986265
SPY,2009-05-26,66.906265,64.722466
SPY,2009-05-27,65.711761,65.609167
SPY,2009-05-28,66.627792,65.294064
SPY,2009-05-29,67.80764,66.451928
SPY,2009-06-01,69.449142,68.467169
SPY,2009-06-02,69.507797,69.053454
SPY,2009-06-03,68.628387,67.97618
SPY,2009-06-04,69.273262,68.371899
SPY,2009-06-05,69.287926,68.738312
SPY,2009-06-08,69.002106,68.181348
SPY,2009-06-09,69.353897,68.899548
SPY,2009-06-10,69.178001,68.291293
SPY,2009-06-11,69.485817,69.295283
SPY,2009-06-12,69.6763,68.884856
SPY,2009-06-15,68.078766,67.712357
SPY,2009-06-16,67.155411,67.111443
SPY,2009-06-17,67.08947,66.56184
SPY,2009-06-18,67.580437,66.869603
SPY,2009-06-19,67.829544,67.446323
SPY,2009-06-22,65.795555,65.773447
SPY,2009-06-23,65.847137,65.478659
SPY,2009-06-24,66.414581,66.03136
SPY,2009-06-25,67.859016,66.009252
SPY,2009-06-26,67.682175,67.262109
SPY,2009-06-29,68.315933,67.505281
SPY,2009-06-30,67.763206,67.262075
SPY,2009-07-01,68.043259,67.954822
SPY,2009-07-02,66.186134,66.14929
SPY,2009-07-06,66.17878,65.338649
SPY,2009-07-07,64.896477,64.852261
SPY,2009-07-08,64.852257,64.115299
SPY,2009-07-09,64.977547,64.785942
SPY,2009-07-10,64.822762,64.373217
SPY,2009-07-13,66.399857,64.550092
SPY,2009-07-14,66.775703,66.127183
SPY,2009-07-15,68.728615,66.827264
SPY,2009-07-16,68.618057,68.404339
SPY,2009-07-17,69.369797,68.934995
SPY,2009-07-20,70.106735,69.413999
SPY,2009-07-21,70.431007,69.583505
SPY,2009-07-22,70.41629,69.929896
SPY,2009-07-23,71.97126,70.401537
SPY,2009-07-24,72.266014,71.256386
SPY,2009-07-27,72.479759,71.735431
SPY,2009-07-28,72.140747,71.529071
SPY,2009-07-29,71.96389,71.47013
SPY,2009-07-30,72.715569,72.663982
SPY,2009-07-31,72.818726,72.501834
SPY,2009-08-03,74.020004,73.187239
SPY,2009-08-04,74.211624,73.533625
SPY,2009-08-05,73.997879,73.386203
SPY,2009-08-06,73.614639,73.268269
SPY,2009-08-07,74.580055,73.983122
SPY,2009-08-10,74.425323,73.894713
SPY,2009-08-11,73.49675,73.297768
SPY,2009-08-12,74.285286,73.334611
SPY,2009-08-13,74.852737,73.887325
SPY,2009-08-14,74.277901,73.474615
SPY,2009-08-17,72.450256,72.302867
SPY,2009-08-18,73.025124,72.479777
SPY,2009-08-19,73.666283,72.376607
SPY,2009-08-20,74.425323,73.599935
SPY,2009-08-21,75.884483,74.889592
SPY,2009-08-24,75.877136,75.60446
SPY,2009-08-25,76.024544,75.862412
SPY,2009-08-26,76.031883,75.530752
SPY,2009-08-27,76.201385,75.125429
SPY,2009-08-28,76.186653,75.663414
SPY,2009-08-31,75.508659,75.014899
SPY,2009-09-01,73.843117,73.688356
SPY,2009-09-02,73.56308,73.378841
SPY,2009-09-03,74.174744,73.393565
SPY,2009-09-04,75.213867,74.101066
SPY,2009-09-08,75.862381,75.457052
SPY,2009-09-09,76.444618,75.759247
SPY,2009-09-10,77.225739,76.068716
SPY,2009-09-11,77.211029,76.849921
SPY,2009-09-14,77.586884,76.017166
SPY,2009-09-15,77.911148,77.20367
SPY,2009-09-16,79.090256,77.918496
SPY,2009-09-17,78.972351,78.537543
SPY,2009-09-18,79.022713,78.756144
SPY,2009-09-21,78.822769,78.237805
SPY,2009-09-22,79.281853,78.933832
SPY,2009-09-23,78.622833,78.482143
SPY,2009-09-24,77.756516,77.415901
SPY,2009-09-25,77.34182,77.075251
SPY,2009-09-28,78.726517,77.623222
SPY,2009-09-29,78.489548,78.326644
SPY,2009-09-30,78.185974,77.467725
SPY,2009-10-01,76.245934,76.231121
SPY,2009-10-02,75.890488,75.520254
SPY,2009-10-05,77.023445,75.971982
SPY,2009-10-06,78.126724,77.534348
SPY,2009-10-07,78.341484,77.80094
SPY,2009-10-08,78.941231,78.378474
SPY,2009-10-09,79.422562,78.75614
SPY,2009-10-12,79.733566,79.437378
SPY,2009-10-13,79.570656,79.052331
SPY,2009-10-14,80.940514,79.54103
SPY,2009-10-15,81.236671,80.511017
SPY,2009-10-16,80.629501,80.140796
SPY,2009-10-19,81.295929,80.511035
SPY,2009-10-20,80.866493,80.474046
SPY,2009-10-21,80.1408,80.081562
SPY,2009-10-22,80.955299,79.600243
SPY,2009-10-23,80.029716,79.696503
SPY,2009-10-26,79.163391,78.941249
SPY,2009-10-27,78.800552,78.608035
SPY,2009-10-28,77.31221,77.267778
SPY,2009-10-29,78.970856,77.704657
SPY,2009-10-30,76.682808,76.593955
SPY,2009-11-02,77.245583,76.327404
SPY,2009-11-03,77.489937,76.668017
SPY,2009-11-04,77.68985,77.489926
SPY,2009-11-05,79.118927,78.074871
SPY,2009-11-06,79.326271,78.526571
SPY,2009-11-09,81.133026,79.874234
SPY,2009-11-10,81.14785,80.688764
SPY,2009-11-11,81.562515,81.170068
SPY,2009-11-12,80.733208,80.525878
SPY,2009-11-13,81.170059,80.52585
SPY,2009-11-16,82.347435,81.688419
SPY,2009-11-17,82.443672,81.821682
SPY,2009-11-18,82.391815,81.87349
SPY,2009-11-19,81.31813,80.807206
SPY,2009-11-20,81.029343,80.718348
SPY,2009-11-23,82.058617,81.895713
SPY,2009-11-24,82.184494,81.458839
SPY,2009-11-25,82.473282,82.058622
SPY,2009-11-27,81.133026,80.185229
SPY,2009-11-30,81.407005,80.059355
SPY,2009-12-01,82.41404,81.991973
SPY,2009-12-02,82.377007,82.132651
SPY,2009-12-03,81.732796,81.666156
SPY,2009-12-04,82.199318,81.481063
SPY,2009-12-07,82.07341,81.814248
SPY,2009-12-08,81.162651,80.910889
SPY,2009-12-09,81.466209,80.725742
SPY,2009-12-10,81.925331,81.78464
SPY,2009-12-11,82.273323,81.903089
SPY,2009-12-14,82.836128,82.288178
SPY,2009-12-15,82.45108,82.191918
SPY,2009-12-16,82.576942,82.391826
SPY,2009-12-17,81.584671,81.510625
SPY,2009-12-18,82.046295,81.353953
SPY,2009-12-21,82.880089,82.45575
SPY,2009-12-22,83.177818,82.95448
SPY,2009-12-23,83.34166,83.006657
SPY,2009-12-24,83.736176,83.378835
SPY,2009-12-28,83.914848,83.617066
SPY,2009-12-29,83.795731,83.78829
SPY,2009-12-30,83.765991,83.505433
SPY,2009-12-31,82.96196,82.924735
SPY,2010-01-04,84.369003,83.014097
SPY,2010-01-05,84.592323,84.01165
SPY,2010-01-06,84.651878,84.443432
SPY,2010-01-07,85.009216,84.257316
SPY,2010-01-08,85.292099,84.614649
SPY,2010-01-11,85.411224,85.046438
SPY,2010-01-12,84.614616,84.287055
SPY,2010-01-13,85.32933,84.398763
SPY,2010-01-14,85.560097,85.180424
SPY,2010-01-15,84.599754,84.272193
SPY,2010-01-19,85.656891,84.562542
SPY,2010-01-20,84.785858,84.108408
SPY,2010-01-21,83.155518,83.051294
SPY,2010-01-22,81.301849,81.212513
SPY,2010-01-25,81.718712,81.450714
SPY,2010-01-26,81.376259,81.175259
SPY,2010-01-27,81.763374,80.646693
SPY,2010-01-28,80.825371,80.334034
SPY,2010-01-29,79.946922,79.820366
SPY,2010-02-01,81.19014,80.028794
SPY,2010-02-02,82.172821,81.05614
SPY,2010-02-03,81.763374,81.525149
SPY,2010-02-04,79.2397,79.224808
SPY,2010-02-05,79.403442,77.854977
SPY,2010-02-08,78.830254,78.770696
SPY,2010-02-09,79.820351,79.113116
SPY,2010-02-10,79.664024,78.994015
SPY,2010-02-11,80.49781,79.098239
SPY,2010-02-12,80.430801,79.291788
SPY,2010-02-16,81.696365,80.267015
SPY,2010-02-17,82.083504,81.696384
SPY,2010-02-18,82.567406,81.919729
SPY,2010-02-19,82.738617,82.157944
SPY,2010-02-22,82.753502,82.507831
SPY,2010-02-23,81.748474,81.532582
SPY,2010-02-24,82.500404,81.785729
SPY,2010-02-25,82.388741,81.100838
SPY,2010-02-26,82.440849,81.971845
SPY,2010-03-01,83.296967,82.760959
SPY,2010-03-02,83.527748,83.37886
SPY,2010-03-03,83.602203,83.393751
SPY,2010-03-04,83.855316,83.401199
SPY,2010-03-05,85.053871,84.197748
SPY,2010-03-08,85.068733,84.919845
SPY,2010-03-09,85.210205,84.77098
SPY,2010-03-10,85.589882,85.172989
SPY,2010-03-11,85.947235,85.128337
SPY,2010-03-12,85.954666,85.716441
SPY,2010-03-15,85.977005,85.314441
SPY,2010-03-16,86.661911,85.977009
SPY,2010-03-17,87.175568,86.669339
SPY,2010-03-18,87.13092,86.781026
SPY,2010-03-19,86.689865,86.353478
SPY,2010-03-22,87.153305,86.144155
SPY,2010-03-23,87.766327,86.996377
SPY,2010-03-24,87.340202,86.398332
SPY,2010-03-25,87.198174,87.093521
SPY,2010-03-26,87.145844,86.801985
SPY,2010-03-29,87.699043,87.228108
SPY,2010-03-30,87.758835,87.392552
SPY,2010-03-31,87.459816,87.168284
SPY,2010-04-01,88.057816,87.534548
SPY,2010-04-05,88.775459,88.14754
SPY,2010-04-06,88.984772,88.424132
SPY,2010-04-07,88.476425,88.065287
SPY,2010-04-08,88.782913,87.908317
SPY,2010-04-09,89.365974,88.805335
SPY,2010-04-12,89.508034,89.37348
SPY,2010-04-13,89.575294,88.954852
SPY,2010-04-14,90.591934,89.762187
SPY,2010-04-15,90.666687,90.412527
SPY,2010-04-16,89.223969,88.767981
SPY,2010-04-19,89.560318,88.558645
SPY,2010-04-20,90.360184,89.605193
SPY,2010-04-21,90.19574,89.694897
SPY,2010-04-22,90.464821,89.044538
SPY,2010-04-23,91.055397,90.173323
SPY,2010-04-26,90.711502,90.621803
SPY,2010-04-27,88.566132,88.3942
SPY,2010-04-28,89.238907,88.409159
SPY,2010-04-29,90.345245,89.754704
SPY,2010-04-30,88.812805,88.79038
SPY,2010-05-03,89.964012,89.104363
SPY,2010-05-04,87.848518,87.400008
SPY,2010-05-05,87.325272,86.689881
SPY,2010-05-06,84.424873,78.489565
SPY,2010-05-07,83.169044,81.786134
SPY,2010-05-10,86.831917,85.897517
SPY,2010-05-11,86.585243,85.897526
SPY,2010-05-12,87.796181,86.779554
SPY,2010-05-13,86.704811,86.63006
SPY,2010-05-14,85.13501,84.372542
SPY,2010-05-17,85.179863,83.55027
SPY,2010-05-18,84.021202,83.744618
SPY,2010-05-19,83.542786,82.496257
SPY,2010-05-20,80.38826,80.335934
SPY,2010-05-21,81.561844,78.758646
SPY,2010-05-24,80.515358,80.440607
SPY,2010-05-25,80.597557,78.026088
SPY,2010-05-26,80.111694,79.872488
SPY,2010-05-27,82.795296,81.315204
SPY,2010-05-28,81.756241,81.367527
SPY,2010-06-01,80.38076,80.26116
SPY,2010-06-02,82.473854,80.365849
SPY,2010-06-03,82.757912,81.913216
SPY,2010-06-04,79.85006,79.580952
SPY,2010-06-07,78.855858,78.796061
SPY,2010-06-08,79.700546,78.227932
SPY,2010-06-09,79.274467,78.93808
SPY,2010-06-10,81.591789,79.267002
SPY,2010-06-11,81.987968,80.821839
SPY,2010-06-14,81.860863,81.778635
SPY,2010-06-15,83.722191,82.294426
SPY,2010-06-16,83.692307,83.12419
SPY,2010-06-17,83.826859,83.012065
SPY,2010-06-18,83.917747,83.64736
SPY,2010-06-21,83.677414,83.211745
SPY,2010-06-22,82.295418,82.175249
SPY,2010-06-23,82.040062,81.476755
SPY,2010-06-24,80.68058,80.47028
SPY,2010-06-25,81.018578,80.192389
SPY,2010-06-28,80.763229,80.47031
SPY,2010-06-29,78.269661,77.773954
SPY,2010-06-30,77.526077,77.270708
SPY,2010-07-01,77.18055,75.956292
SPY,2010-07-02,76.759956,76.324337
SPY,2010-07-06,77.263206,76.519637
SPY,2010-07-07,79.696709,77.37588
SPY,2010-07-08,80.485306,79.546461
SPY,2010-07-09,81.086197,80.312589
SPY,2010-07-12,81.138771,80.477826
SPY,2010-07-13,82.362999,81.814711
SPY,2010-07-14,82.35553,81.762179
SPY,2010-07-15,82.378044,81.243917
SPY,2010-07-16,80.109779,79.952048
SPY,2010-07-19,80.582962,79.779311
SPY,2010-07-20,81.476746,79.47888
SPY,2010-07-21,80.417702,80.087226
SPY,2010-07-22,82.212791,81.364077
SPY,2010-07-23,82.926292,81.814698
SPY,2010-07-26,83.790047,82.836183
SPY,2010-07-27,83.782562,83.452087
SPY,2010-07-28,83.241791,82.96389
SPY,2010-07-29,82.836189,82.175244
SPY,2010-07-30,82.821159,81.852276
SPY,2010-08-02,84.691338,83.775024
SPY,2010-08-03,84.285767,84.007866
SPY,2010-08-04,84.849068,84.240698
SPY,2010-08-05,84.758949,84.180623
SPY,2010-08-06,84.41346,83.309377
SPY,2010-08-09,84.86409,84.36087
SPY,2010-08-10,84.405937,83.647354
SPY,2010-08-11,82.092636,81.957442
SPY,2010-08-12,81.589417,80.815809
SPY,2010-08-13,81.34906,81.251422
SPY,2010-08-16,81.311485,80.500322
SPY,2010-08-17,82.310463,81.777199
SPY,2010-08-18,82.460655,81.79971
SPY,2010-08-19,81.026115,80.688133
SPY,2010-08-20,80.763229,80.177391
SPY,2010-08-23,80.455284,80.417728
SPY,2010-08-24,79.261078,78.840477
SPY,2010-08-25,79.568993,78.329716
SPY,2010-08-26,79.035759,78.772878
SPY,2010-08-27,80.26001,78.344763
SPY,2010-08-30,79.09584,79.088334
SPY,2010-08-31,79.09584,78.479958
SPY,2010-09-01,81.461716,80.109782
SPY,2010-09-02,82.220306,81.484249
SPY,2010-09-03,83.286842,82.580829
SPY,2010-09-07,82.347992,82.280398
SPY,2010-09-08,82.926292,82.475642
SPY,2010-09-09,83.309372,83.084053
SPY,2010-09-10,83.72998,83.271824
SPY,2010-09-13,84.661316,84.218178
SPY,2010-09-14,84.608734,84.180621
SPY,2010-09-15,84.931709,84.105527
SPY,2010-09-16,84.909164,84.383408
SPY,2010-09-17,84.940865,84.706786
SPY,2010-09-20,86.239662,84.963546
SPY,2010-09-21,86.066002,85.711105
SPY,2010-09-22,85.643135,85.401504
SPY,2010-09-23,84.948448,84.706817
SPY,2010-09-24,86.700218,85.816756
SPY,2010-09-27,86.284935,86.20188
SPY,2010-09-28,86.586975,85.461882
SPY,2010-09-29,86.435974,86.096177
SPY,2010-09-30,86.179237,85.771484
SPY,2010-10-01,86.541695,86.028228
SPY,2010-10-04,85.892303,85.461898
SPY,2010-10-05,87.621475,86.58699
SPY,2010-10-06,87.613937,87.259041
SPY,2010-10-07,87.508202,86.979636
SPY,2010-10-08,87.999031,87.29679
SPY,2010-10-11,88.082054,87.780014
SPY,2010-10-12,88.35392,87.326987
SPY,2010-10-13,89.041084,88.633331
SPY,2010-10-14,88.693703,88.134932
SPY,2010-10-15,88.874931,88.165144
SPY,2010-10-18,89.312874,88.580429
SPY,2010-10-19,88.142479,87.606355
SPY,2010-10-20,89.003273,88.248176
SPY,2010-10-21,89.199638,88.50495
SPY,2010-10-22,89.365738,89.101455
SPY,2010-10-25,89.630013,89.562057
SPY,2010-10-26,89.645142,89.00331
SPY,2010-10-27,89.388405,88.5427
SPY,2010-10-28,89.403519,88.973113
SPY,2010-10-29,89.471458,89.154319
SPY,2010-11-01,89.501656,88.988189
SPY,2010-11-02,90.211456,89.932068
SPY,2010-11-03,90.573898,89.441253
SPY,2010-11-04,92.318169,90.588996
SPY,2010-11-05,92.665535,92.257782
SPY,2010-11-08,92.491867,92.076567
SPY,2010-11-09,91.827362,91.457366
SPY,2010-11-10,92.197372,91.110036
SPY,2010-11-11,91.850021,91.125129
SPY,2010-11-12,90.762657,90.347357
SPY,2010-11-15,90.634323,90.596572
SPY,2010-11-16,89.22229,88.791879
SPY,2010-11-17,89.267578,88.995743
SPY,2010-11-18,90.581459,90.120849
SPY,2010-11-19,90.830627,90.045326
SPY,2010-11-22,90.755112,89.68287
SPY,2010-11-23,89.441261,89.093917
SPY,2010-11-24,90.762657,89.992461
SPY,2010-11-26,89.705551,89.705551
SPY,2010-11-29,89.977364,88.905121
SPY,2010-11-30,89.471458,88.957992
SPY,2010-12-01,91.374329,90.755149
SPY,2010-12-02,92.544701,91.464912
SPY,2010-12-03,92.793877,92.204902
SPY,2010-12-06,92.695709,92.499382
SPY,2010-12-07,92.748604,92.695747
SPY,2010-12-08,93.088394,92.431463
SPY,2010-12-09,93.450829,92.990219
SPY,2010-12-10,93.994484,93.428161
SPY,2010-12-13,94.054901,94.024697
SPY,2010-12-14,94.137962,93.851027
SPY,2010-12-15,93.707558,93.548988
SPY,2010-12-16,94.251205,93.443252
SPY,2010-12-17,94.352196,93.98784
SPY,2010-12-20,94.579918,94.109299
SPY,2010-12-21,95.179558,94.784845
SPY,2010-12-22,95.475601,95.19475
SPY,2010-12-23,95.338966,95.103657
SPY,2010-12-27,95.376938,94.913906
SPY,2010-12-28,95.51355,95.263056
SPY,2010-12-29,95.581856,95.566677
SPY,2010-12-30,95.430061,95.285837
SPY,2010-12-31,95.452843,95.134035
SPY,2011-01-03,96.439651,95.414904
SPY,2011-01-04,96.38649,95.786825
SPY,2011-01-05,96.887466,95.991766
SPY,2011-01-06,96.697701,96.409257
SPY,2011-01-07,96.507935,95.756459
SPY,2011-01-10,96.38649,95.794412
SPY,2011-01-11,96.728104,96.363748
SPY,2011-01-12,97.600998,96.750839
SPY,2011-01-13,97.44162,97.198724
SPY,2011-01-14,98.147537,97.236658
SPY,2011-01-18,98.314545,97.942597
SPY,2011-01-19,97.35051,97.092429
SPY,2011-01-20,97.221474,96.500355
SPY,2011-01-21,97.44162,97.335351
SPY,2011-01-24,97.99575,97.358124
SPY,2011-01-25,98.04882,97.24421
SPY,2011-01-26,98.428413,98.094421
SPY,2011-01-27,98.671288,98.276569
SPY,2011-01-28,96.948196,96.788793
SPY,2011-01-31,97.676918,96.97099
SPY,2011-02-01,99.240578,98.208245
SPY,2011-02-02,99.050835,98.929381
SPY,2011-02-03,99.270958,98.352492
SPY,2011-02-04,99.551781,98.853439
SPY,2011-02-07,100.17419,99.764284
SPY,2011-02-08,100.62965,99.992028
SPY,2011-02-09,100.40196,99.900974
SPY,2011-02-10,100.43994,99.665688
SPY,2011-02-11,101.0396,100.02245
SPY,2011-02-14,101.28246,100.86498
SPY,2011-02-15,100.96366,100.43991
SPY,2011-02-16,101.60131,101.10032
SPY,2011-02-17,101.90492,101.21417
SPY,2011-02-18,102.11743,101.76067
SPY,2011-02-22,100.06799,99.794728
SPY,2011-02-23,99.453117,98.838274
SPY,2011-02-24,99.384796,98.451145
SPY,2011-02-25,100.44752,99.741578
SPY,2011-02-28,101.06995,100.48548
SPY,2011-03-01,99.384796,99.354439
SPY,2011-03-02,99.597328,98.944529
SPY,2011-03-03,101.31284,100.49304
SPY,2011-03-04,100.55381,99.893424
SPY,2011-03-07,99.76432,99.240573
SPY,2011-03-08,100.63729,99.491102
SPY,2011-03-09,100.49304,99.893383
SPY,2011-03-10,98.633324,98.534641
SPY,2011-03-11,99.316513,98.291778
SPY,2011-03-14,98.716827,97.965346
SPY,2011-03-15,97.585808,96.022129
SPY,2011-03-16,95.779243,95.096081
SPY,2011-03-17,97.046852,96.477551
SPY,2011-03-18,97.399872,97.20928
SPY,2011-03-21,98.909378,98.497694
SPY,2011-03-22,98.566292,98.474812
SPY,2011-03-23,98.848358,97.826791
SPY,2011-03-24,99.793686,98.855979
SPY,2011-03-25,100.09864,99.786068
SPY,2011-03-28,99.854637,99.824148
SPY,2011-03-29,100.52554,99.442985
SPY,2011-03-30,101.21933,100.90676
SPY,2011-03-31,101.08209,100.97536
SPY,2011-04-01,101.50902,101.26507
SPY,2011-04-04,101.59283,101.30314
SPY,2011-04-05,101.57761,101.34889
SPY,2011-04-06,101.8978,101.48611
SPY,2011-04-07,101.63863,101.13547
SPY,2011-04-08,101.2879,100.8686
SPY,2011-04-11,100.98296,100.73899
SPY,2011-04-12,100.22823,99.862301
SPY,2011-04-13,100.22058,99.839398
SPY,2011-04-14,100.29682,99.313375
SPY,2011-04-15,100.66278,100.1825
SPY,2011-04-18,99.534508,98.734021
SPY,2011-04-19,100.10623,99.442977
SPY,2011-04-20,101.4709,101.23456
SPY,2011-04-21,101.98933,101.47092
SPY,2011-04-25,101.88256,101.54712
SPY,2011-04-26,102.75929,102.08842
SPY,2011-04-27,103.43017,102.5382
SPY,2011-04-28,103.76561,103.23196
SPY,2011-04-29,104.00957,103.6665
SPY,2011-05-02,103.84948,103.64364
SPY,2011-05-03,103.47592,102.94989
SPY,2011-05-04,102.78978,102.33236
SPY,2011-05-05,101.8597,101.40991
SPY,2011-05-06,102.30947,101.91304
SPY,2011-05-09,102.70594,102.14179
SPY,2011-05-10,103.58264,102.91939
SPY,2011-05-11,102.49247,102.01981
SPY,2011-05-12,102.98035,101.69195
SPY,2011-05-13,102.18752,101.82159
SPY,2011-05-16,101.53948,101.37176
SPY,2011-05-17,101.52427,100.72378
SPY,2011-05-18,102.43146,101.35652
SPY,2011-05-19,102.67542,102.11127
SPY,2011-05-20,101.8597,101.66911
SPY,2011-05-23,100.67799,100.31968
SPY,2011-05-24,100.59416,100.40357
SPY,2011-05-25,100.92961,100.15963
SPY,2011-05-26,101.39468,100.4646
SPY,2011-05-27,101.78349,101.36419
SPY,2011-05-31,102.84315,102.03504
SPY,2011-06-01,100.53313,100.44927
SPY,2011-06-02,100.42648,99.839462
SPY,2011-06-03,99.42775,99.168548
SPY,2011-06-06,98.375694,98.246093
SPY,2011-06-07,98.314697,98.230837
SPY,2011-06-08,97.90303,97.720058
SPY,2011-06-09,98.650146,97.933532
SPY,2011-06-10,97.277878,97.018676
SPY,2011-06-13,97.354103,96.85857
SPY,2011-06-14,98.589142,98.207959
SPY,2011-06-15,96.835716,96.576515
SPY,2011-06-16,97.049187,96.302066
SPY,2011-06-17,97.338783,97.00934
SPY,2011-06-20,97.836754,96.978675
SPY,2011-06-21,99.177513,97.875068
SPY,2011-06-22,98.579941,98.518648
SPY,2011-06-23,98.29644,96.679873
SPY,2011-06-24,97.154884,97.009321
SPY,2011-06-27,98.02066,97.024669
SPY,2011-06-28,99.300125,98.273493
SPY,2011-06-29,100.15054,99.31544
SPY,2011-06-30,101.10815,100.14282
SPY,2011-07-01,102.60217,100.96262
SPY,2011-07-05,102.51793,102.19615
SPY,2011-07-06,102.64051,101.98162
SPY,2011-07-07,103.70544,103.33769
SPY,2011-07-08,102.96991,102.19611
SPY,2011-07-11,101.10815,100.87065
SPY,2011-07-12,100.67152,100.64088
SPY,2011-07-13,101.00861,100.76345
SPY,2011-07-14,100.3114,100.11987
SPY,2011-07-15,100.89369,100.18884
SPY,2011-07-18,100.06625,99.315427
SPY,2011-07-19,101.69048,100.60256
SPY,2011-07-20,101.62917,101.45296
SPY,2011-07-21,103.03889,101.6445
SPY,2011-07-22,103.10786,102.47962
SPY,2011-07-25,102.53326,102.01995
SPY,2011-07-26,102.15013,101.92029
SPY,2011-07-27,100.05859,99.928339
SPY,2011-07-28,99.767479,99.606583
SPY,2011-07-29,99.085594,98.043636
SPY,2011-08-01,98.6642,97.706518
SPY,2011-08-02,96.143578,96.143578
SPY,2011-08-03,96.664551,94.641928
SPY,2011-08-04,92.136658,91.983425
SPY,2011-08-05,91.998749,89.531759
SPY,2011-08-08,86.007484,85.823605
SPY,2011-08-09,90.006744,84.482832
SPY,2011-08-10,86.030434,85.769941
SPY,2011-08-11,89.891815,86.053426
SPY,2011-08-12,90.497086,89.85352
SPY,2011-08-15,92.412445,91.171288
SPY,2011-08-16,91.623337,90.642671
SPY,2011-08-17,91.684624,90.956788
SPY,2011-08-18,87.731308,86.873223
SPY,2011-08-19,86.298599,86.191339
SPY,2011-08-22,86.367577,86.12241
SPY,2011-08-23,89.209969,86.252647
SPY,2011-08-24,90.466446,88.811569
SPY,2011-08-25,89.087379,88.773263
SPY,2011-08-26,90.382156,87.225636
SPY,2011-08-29,92.979378,90.451096
SPY,2011-08-30,93.224594,91.370523
SPY,2011-08-31,93.638306,92.933453
SPY,2011-09-01,92.657639,92.535052
SPY,2011-09-02,90.290245,89.968465
SPY,2011-09-06,89.631348,87.631708
SPY,2011-09-07,92.159622,90.680961
SPY,2011-09-08,91.20195,90.995088
SPY,2011-09-09,88.811577,88.321244
SPY,2011-09-12,89.386208,87.37891
SPY,2011-09-13,90.205956,89.041417
SPY,2011-09-14,91.454773,89.424487
SPY,2011-09-15,93.03302,91.477746
SPY,2011-09-16,93.583687,92.659558
SPY,2011-09-19,92.651833,91.427362
SPY,2011-09-20,92.544029,92.420815
SPY,2011-09-21,89.817825,89.671509
SPY,2011-09-22,86.91452,85.713152
SPY,2011-09-23,87.438179,86.26761
SPY,2011-09-26,89.517479,87.006928
SPY,2011-09-27,90.518608,89.979528
SPY,2011-09-28,88.670357,88.53944
SPY,2011-09-29,89.371185,87.738551
SPY,2011-09-30,87.137817,87.076207
SPY,2011-10-03,84.658104,84.565689
SPY,2011-10-04,86.514038,82.732806
SPY,2011-10-05,88.115891,85.928783
SPY,2011-10-06,89.710022,87.4151
SPY,2011-10-07,89.109306,88.608734
SPY,2011-10-10,92.089661,90.618749
SPY,2011-10-11,92.182022,91.450421
SPY,2011-10-12,92.990692,92.667248
SPY,2011-10-13,92.805855,91.735404
SPY,2011-10-14,94.392265,93.360322
SPY,2011-10-17,92.59021,92.359175
SPY,2011-10-18,94.399963,91.796991
SPY,2011-10-19,93.283295,92.95985
SPY,2011-10-20,93.691467,92.274464
SPY,2011-10-21,95.470406,94.507769
SPY,2011-10-24,96.640999,95.539742
SPY,2011-10-25,94.761917,94.553984
SPY,2011-10-26,95.724571,94.11504
SPY,2011-10-27,99.059158,97.503534
SPY,2011-10-28,99.036026,98.419936
SPY,2011-10-31,96.648682,96.510062
SPY,2011-11-01,93.953346,93.583691
SPY,2011-11-02,95.48584,94.561711
SPY,2011-11-03,97.22625,95.18546
SPY,2011-11-04,96.633286,95.501224
SPY,2011-11-07,97.233994,95.647565
SPY,2011-11-08,98.481537,96.810402
SPY,2011-11-09,94.846634,94.615599
SPY,2011-11-10,95.739967,94.738823
SPY,2011-11-11,97.542015,96.872018
SPY,2011-11-14,96.617897,96.202037
SPY,2011-11-15,97.095375,96.048026
SPY,2011-11-16,95.555145,95.416525
SPY,2011-11-17,94.03801,93.360316
SPY,2011-11-18,93.937897,93.54514
SPY,2011-11-21,92.151245,91.373433
SPY,2011-11-22,91.789322,91.273344
SPY,2011-11-23,89.763924,89.763924
SPY,2011-11-25,89.59449,89.486675
SPY,2011-11-28,92.189743,91.504347
SPY,2011-11-29,92.451599,92.112749
SPY,2011-11-30,96.255936,92.413093
SPY,2011-12-01,96.24054,95.82468
SPY,2011-12-02,96.155815,96.094205
SPY,2011-12-05,97.203163,96.602479
SPY,2011-12-06,97.233994,96.848939
SPY,2011-12-07,97.595917,96.240523
SPY,2011-12-08,95.455009,95.22398
SPY,2011-12-09,97.072227,95.801547
SPY,2011-12-12,95.655266,94.846655
SPY,2011-12-13,94.761917,94.299847
SPY,2011-12-14,93.753082,93.545155
SPY,2011-12-15,94.091934,93.945612
SPY,2011-12-16,94.231415,94.006672
SPY,2011-12-19,93.223938,93.022438
SPY,2011-12-20,96.044914,93.28594
SPY,2011-12-21,96.230919,95.13043
SPY,2011-12-22,97.083412,96.277424
SPY,2011-12-23,97.951393,97.191903
SPY,2011-12-27,98.0289,97.695653
SPY,2011-12-28,96.742416,96.664918
SPY,2011-12-29,97.742149,96.765656
SPY,2011-12-30,97.26165,97.26165
SPY,2012-01-03,98.811623,98.757373
SPY,2012-01-04,98.966644,98.199403
SPY,2012-01-05,99.230125,97.982392
SPY,2012-01-06,98.974396,98.6489
SPY,2012-01-09,99.214638,98.741891
SPY,2012-01-10,100.07486,99.935355
SPY,2012-01-11,100.12914,99.602145
SPY,2012-01-12,100.36938,99.61764
SPY,2012-01-13,99.850143,98.982155
SPY,2012-01-17,100.23762,99.896619
SPY,2012-01-18,101.34588,100.03614
SPY,2012-01-19,101.88058,101.36909
SPY,2012-01-20,102.26037,101.46213
SPY,2012-01-23,101.9969,101.50865
SPY,2012-01-24,101.88058,101.21409
SPY,2012-01-25,102.73309,101.33035
SPY,2012-01-26,102.20615,101.80315
SPY,2012-01-27,102.15961,101.64035
SPY,2012-01-30,101.81084,100.79561
SPY,2012-01-31,101.77209,101.27608
SPY,2012-02-01,102.66335,102.39986
SPY,2012-02-02,102.82609,102.46185
SPY,2012-02-03,104.26757,103.67083
SPY,2012-02-06,104.19786,103.71737
SPY,2012-02-07,104.46136,103.57013
SPY,2012-02-08,104.77135,104.08936
SPY,2012-02-09,104.90311,104.28311
SPY,2012-02-10,104.1281,103.7251
SPY,2012-02-13,104.90311,104.42261
SPY,2012-02-14,104.77135,104.04286
SPY,2012-02-15,104.2831,104.07385
SPY,2012-02-16,105.4378,104.10481
SPY,2012-02-17,105.71685,105.36811
SPY,2012-02-21,105.76335,105.43786
SPY,2012-02-22,105.42229,105.23629
SPY,2012-02-23,105.88733,105.01158
SPY,2012-02-24,106.11982,105.88733
SPY,2012-02-27,106.29807,105.24407
SPY,2012-02-28,106.60807,106.11982
SPY,2012-02-29,106.18954,105.81754
SPY,2012-03-01,106.73982,106.11983
SPY,2012-03-02,106.41434,106.17409
SPY,2012-03-05,105.98033,105.61608
SPY,2012-03-06,104.43032,104.12807
SPY,2012-03-07,105.15883,104.56983
SPY,2012-03-08,106.20504,105.58506
SPY,2012-03-09,106.61584,106.27485
SPY,2012-03-12,106.62355,106.2438
SPY,2012-03-13,108.54556,107.01882
SPY,2012-03-14,108.42928,108.09602
SPY,2012-03-15,109.05706,108.31306
SPY,2012-03-16,109.20805,108.97453
SPY,2012-03-19,109.63619,109.06018
SPY,2012-03-20,109.31702,108.6943
SPY,2012-03-21,109.13802,108.91228
SPY,2012-03-22,108.35184,107.99378
SPY,2012-03-23,108.7021,107.84587
SPY,2012-03-26,110.22774,109.44157
SPY,2012-03-27,109.88526,109.81521
SPY,2012-03-28,109.34039,108.69432
SPY,2012-03-29,109.15356,108.26619
SPY,2012-03-30,109.60503,109.01346
SPY,2012-04-02,110.40675,109.25474
SPY,2012-04-03,109.9553,109.30923
SPY,2012-04-04,108.86557,108.4608
SPY,2012-04-05,108.81107,108.39852
SPY,2012-04-09,107.58902,107.29323
SPY,2012-04-10,105.78315,105.67418
SPY,2012-04-11,106.6394,106.4448
SPY,2012-04-12,108.03269,106.66273
SPY,2012-04-13,106.74837,106.64717
SPY,2012-04-16,106.67828,106.31244
SPY,2012-04-17,108.25845,107.18427
SPY,2012-04-18,107.8926,107.71357
SPY,2012-04-19,107.19981,106.69387
SPY,2012-04-20,107.37884,107.31656
SPY,2012-04-23,106.47591,105.81429
SPY,2012-04-24,106.88071,106.48373
SPY,2012-04-25,108.34407,107.83033
SPY,2012-04-26,109.0991,108.04827
SPY,2012-04-27,109.27811,108.81887
SPY,2012-04-30,108.8734,108.57762
SPY,2012-05-01,109.55053,108.68652
SPY,2012-05-02,109.22366,108.55424
SPY,2012-05-03,108.39074,108.18836
SPY,2012-05-04,106.6394,106.57712
SPY,2012-05-07,106.7172,106.21903
SPY,2012-05-08,106.28907,105.02029
SPY,2012-05-09,105.65859,104.68561
SPY,2012-05-10,105.87657,105.63527
SPY,2012-05-11,105.55743,105.16823
SPY,2012-05-14,104.38981,104.23413
SPY,2012-05-15,103.79047,103.62701
SPY,2012-05-16,103.39349,103.37014
SPY,2012-05-17,101.86008,101.80559
SPY,2012-05-18,100.98828,100.84039
SPY,2012-05-21,102.72406,101.15171
SPY,2012-05-22,102.90311,102.23369
SPY,2012-05-23,102.9576,101.18287
SPY,2012-05-24,103.15999,102.29598
SPY,2012-05-25,102.82526,102.57617
SPY,2012-05-29,104.07066,102.10134
SPY,2012-05-30,102.56062,102.35047
SPY,2012-05-31,102.33491,101.45532
SPY,2012-06-01,99.758423,99.758423
SPY,2012-06-04,99.711716,98.964456
SPY,2012-06-05,100.46677,99.462645
SPY,2012-06-06,102.72406,101.13614
SPY,2012-06-07,102.78635,102.57618
SPY,2012-06-08,103.60366,102.19477
SPY,2012-06-11,102.28819,102.187
SPY,2012-06-12,103.46355,102.09359
SPY,2012-06-13,102.80191,102.45163
SPY,2012-06-14,103.89169,102.73188
SPY,2012-06-15,104.95422,104.14051
SPY,2012-06-18,105.15762,104.28131
SPY,2012-06-19,106.17477,105.13414
SPY,2012-06-20,106.00262,105.05589
SPY,2012-06-21,103.62406,103.53799
SPY,2012-06-22,104.42214,103.7649
SPY,2012-06-25,102.74774,102.38
SPY,2012-06-26,103.26416,102.44261
SPY,2012-06-27,104.19524,103.25634
SPY,2012-06-28,103.8979,102.71644
SPY,2012-06-29,106.48774,105.50971
SPY,2012-07-02,106.80852,106.03393
SPY,2012-07-03,107.51276,106.67556
SPY,2012-07-05,107.0276,106.63639
SPY,2012-07-06,106.01045,105.5097
SPY,2012-07-09,105.87745,105.39234
SPY,2012-07-10,104.95422,104.5943
SPY,2012-07-11,104.96982,104.35953
SPY,2012-07-12,104.4613,103.7493
SPY,2012-07-13,106.21388,104.71945
SPY,2012-07-16,105.96349,105.54881
SPY,2012-07-17,106.69116,105.27498
SPY,2012-07-18,107.48145,106.37824
SPY,2012-07-19,107.76308,107.35623
SPY,2012-07-20,106.77724,106.65988
SPY,2012-07-23,105.69749,104.71946
SPY,2012-07-24,104.78987,104.0857
SPY,2012-07-25,104.81335,104.25783
SPY,2012-07-26,106.54253,105.83053
SPY,2012-07-27,108.50639,106.51904
SPY,2012-07-30,108.50639,108.1856
SPY,2012-07-31,107.74744,107.74744
SPY,2012-08-01,107.65356,107.50489
SPY,2012-08-02,106.91025,106.08088
SPY,2012-08-03,109.03065,106.94157
SPY,2012-08-06,109.24185,109.19491
SPY,2012-08-07,109.78958,109.56267
SPY,2012-08-08,109.92259,109.39054
SPY,2012-08-09,110.01645,109.65653
SPY,2012-08-10,110.19641,109.39052
SPY,2012-08-13,110.14165,109.57048
SPY,2012-08-14,110.1573,109.82869
SPY,2012-08-15,110.28249,109.96953
SPY,2012-08-16,111.09622,110.16514
SPY,2012-08-17,111.24487,110.9945
SPY,2012-08-20,111.25269,110.78323
SPY,2012-08-21,110.91626,110.67371
SPY,2012-08-22,110.9632,110.37638
SPY,2012-08-23,110.0556,109.88346
SPY,2012-08-24,110.72066,109.71134
SPY,2012-08-27,110.74409,110.58761
SPY,2012-08-28,110.63457,110.29813
SPY,2012-08-29,110.72066,110.41552
SPY,2012-08-30,109.92259,109.68786
SPY,2012-08-31,110.44682,109.82088
SPY,2012-09-04,110.34505,109.64088
SPY,2012-09-05,110.25121,110.03213
SPY,2012-09-06,112.48893,110.90843
SPY,2012-09-07,112.92705,112.57496
SPY,2012-09-10,112.28548,112.24637
SPY,2012-09-11,112.59842,112.32457
SPY,2012-09-12,112.97399,112.5906
SPY,2012-09-13,114.69531,112.66102
SPY,2012-09-14,115.20396,114.82839
SPY,2012-09-17,114.81279,114.52329
SPY,2012-09-18,114.71879,114.4293
SPY,2012-09-19,114.78142,114.55452
SPY,2012-09-20,114.78926,113.94424
SPY,2012-09-21,114.74131,114.69412
SPY,2012-09-24,114.56822,114.0884
SPY,2012-09-25,113.34901,113.31754
SPY,2012-09-26,112.71182,112.44438
SPY,2012-09-27,113.77377,112.88491
SPY,2012-09-28,113.24677,112.84561
SPY,2012-10-01,113.54566,113.27821
SPY,2012-10-02,113.66363,113.13661
SPY,2012-10-03,114.12772,113.37259
SPY,2012-10-04,114.94577,114.40301
SPY,2012-10-05,114.95365,114.60755
SPY,2012-10-08,114.56037,114.30079
SPY,2012-10-09,113.42765,113.38832
SPY,2012-10-10,112.70397,112.55452
SPY,2012-10-11,112.76691,112.74331
SPY,2012-10-12,112.39721,112.15337
SPY,2012-10-15,113.33324,112.30279
SPY,2012-10-16,114.4817,113.78951
SPY,2012-10-17,115.00082,114.38728
SPY,2012-10-18,114.70196,114.31652
SPY,2012-10-19,112.79056,112.52312
SPY,2012-10-22,112.80621,111.91735
SPY,2012-10-23,111.2409,110.77681
SPY,2012-10-24,110.92626,110.75321
SPY,2012-10-25,111.24875,110.57228
SPY,2012-10-26,111.18584,110.4307
SPY,2012-10-31,111.18584,110.6588
SPY,2012-11-01,112.35,111.31956
SPY,2012-11-02,111.35101,111.23303
SPY,2012-11-05,111.57917,110.85549
SPY,2012-11-06,112.45226,111.79938
SPY,2012-11-07,109.90364,109.38448
SPY,2012-11-08,108.5822,108.49567
SPY,2012-11-09,108.67658,108.19676
SPY,2012-11-12,108.76312,108.51928
SPY,2012-11-13,108.38552,108.04729
SPY,2012-11-14,106.92248,106.67863
SPY,2012-11-15,106.74155,106.33252
SPY,2012-11-16,107.26858,105.95496
SPY,2012-11-19,109.43958,107.30003
SPY,2012-11-20,109.48679,108.61367
SPY,2012-11-21,109.69129,109.36092
SPY,2012-11-23,111.18584,110.15538
SPY,2012-11-26,110.94988,110.27341
SPY,2012-11-27,110.38351,110.31272
SPY,2012-11-28,111.27238,109.33734
SPY,2012-11-29,111.79151,111.20156
SPY,2012-11-30,111.81512,111.42969
SPY,2012-12-03,111.26452,111.17799
SPY,2012-12-04,111.10716,110.80825
SPY,2012-12-05,111.30383,110.41497
SPY,2012-12-06,111.6814,111.0364
SPY,2012-12-07,112.01962,111.43753
SPY,2012-12-10,112.06682,111.8151
SPY,2012-12-11,112.82987,112.4759
SPY,2012-12-12,112.88488,112.72756
SPY,2012-12-13,112.19268,111.9095
SPY,2012-12-14,111.77577,111.60272
SPY,2012-12-17,113.08941,112.03536
SPY,2012-12-18,114.34794,113.10511
SPY,2012-12-19,113.49842,113.4591
SPY,2012-12-20,114.15127,113.25455
SPY,2012-12-21,113.11518,112.44184
SPY,2012-12-24,112.76659,112.63983
SPY,2012-12-26,112.29131,111.97445
SPY,2012-12-27,112.14079,110.84161
SPY,2012-12-28,110.92872,110.80197
SPY,2012-12-31,112.81414,110.54058
SPY,2013-01-02,115.70557,114.65197
SPY,2013-01-03,115.44417,115.13522
SPY,2013-01-04,115.95114,115.39662
SPY,2013-01-07,115.63425,115.20647
SPY,2013-01-08,115.30156,114.85001
SPY,2013-01-09,115.59465,115.37284
SPY,2013-01-10,116.51362,115.6343
SPY,2013-01-11,116.50568,116.14127
SPY,2013-01-14,116.42647,115.99868
SPY,2013-01-15,116.50568,115.81647
SPY,2013-01-16,116.4898,116.14124
SPY,2013-01-17,117.24239,116.56904
SPY,2013-01-18,117.50384,116.79087
SPY,2013-01-22,118.13758,117.22657
SPY,2013-01-23,118.32768,117.92368
SPY,2013-01-24,118.35932,118.04244
SPY,2013-01-25,119.02478,118.32766
SPY,2013-01-28,118.88219,118.43856
SPY,2013-01-29,119.34962,118.56536
SPY,2013-01-30,118.88219,118.77128
SPY,2013-01-31,118.5891,118.50989
SPY,2013-02-01,119.80909,119.13573
SPY,2013-02-04,118.46231,118.37517
SPY,2013-02-05,119.65858,119.05652
SPY,2013-02-06,119.7457,119.15157
SPY,2013-02-07,119.58727,118.71587
SPY,2013-02-08,120.25265,119.79318
SPY,2013-02-11,120.2289,119.92787
SPY,2013-02-12,120.42699,120.10219
SPY,2013-02-13,120.52992,120.18929
SPY,2013-02-14,120.64085,120.03088
SPY,2013-02-15,120.4983,120.05468
SPY,2013-02-19,121.40131,120.53784
SPY,2013-02-20,119.88828,119.8249
SPY,2013-02-21,119.15947,118.77923
SPY,2013-02-22,120.32397,119.21493
SPY,2013-02-25,118.03461,118.03461
SPY,2013-02-26,118.84265,117.82073
SPY,2013-02-27,120.33983,118.63664
SPY,2013-02-28,120.10215,119.94372
SPY,2013-03-01,120.4983,119.1516
SPY,2013-03-04,121.1399,120.03086
SPY,2013-03-05,122.22518,121.71027
SPY,2013-03-06,122.39158,122.12224
SPY,2013-03-07,122.61337,122.4074
SPY,2013-03-08,123.13618,122.51828
SPY,2013-03-11,123.60359,122.89064
SPY,2013-03-12,123.3263,122.95399
SPY,2013-03-13,123.50058,122.96982
SPY,2013-03-14,124.1581,123.50852
SPY,2013-03-15,123.99424,123.58047
SPY,2013-03-18,123.3099,122.6972
SPY,2013-03-19,123.02345,122.21183
SPY,2013-03-20,123.8828,123.54064
SPY,2013-03-21,122.82451,122.61763
SPY,2013-03-22,123.8112,123.11893
SPY,2013-03-25,123.294,122.81658
SPY,2013-03-26,124.28066,123.66797
SPY,2013-03-27,124.28066,123.33378
SPY,2013-03-28,124.66253,123.93049
SPY,2013-04-01,124.1692,123.86683
SPY,2013-04-02,124.78194,124.42387
SPY,2013-04-03,123.51678,123.19055
SPY,2013-04-04,124.01809,123.4054
SPY,2013-04-05,123.46107,122.35504
SPY,2013-04-08,124.29656,123.13483
SPY,2013-04-09,124.72626,124.11356
SPY,2013-04-10,126.25401,125.02864
SPY,2013-04-11,126.66779,126.15057
SPY,2013-04-12,126.35744,125.65722
SPY,2013-04-15,123.42923,123.41332
SPY,2013-04-16,125.25137,124.05782
SPY,2013-04-17,123.42127,122.76084
SPY,2013-04-18,122.64947,122.18001
SPY,2013-04-19,123.71565,122.6335
SPY,2013-04-22,124.26475,123.13485
SPY,2013-04-23,125.54576,124.26468
SPY,2013-04-24,125.62538,125.35483
SPY,2013-04-25,126.1346,125.8004
SPY,2013-04-26,125.9118,125.50598
SPY,2013-04-29,126.75529,126.05507
SPY,2013-04-30,127.0577,126.20631
SPY,2013-05-01,125.9437,125.80048
SPY,2013-05-02,127.11332,126.14256
SPY,2013-05-03,128.40239,127.13723
SPY,2013-05-06,128.72859,128.44214
SPY,2013-05-07,129.3811,128.64109
SPY,2013-05-08,129.96988,129.16623
SPY,2013-05-09,129.60391,129.27767
SPY,2013-05-10,130.02559,129.30945
SPY,2013-05-13,130.12903,129.55613
SPY,2013-05-14,131.47382,130.23252
SPY,2013-05-15,132.18198,131.21918
SPY,2013-05-16,131.56137,131.36245
SPY,2013-05-17,132.83444,131.87164
SPY,2013-05-20,132.82648,132.57186
SPY,2013-05-21,133.01744,132.48432
SPY,2013-05-22,132.03076,131.42603
SPY,2013-05-23,131.64888,130.44737
SPY,2013-05-24,131.53745,130.47916
SPY,2013-05-28,132.3252,131.9353
SPY,2013-05-29,131.46582,130.7656
SPY,2013-05-30,131.95123,131.46585
SPY,2013-05-31,130.05742,129.8028
SPY,2013-06-03,130.77357,129.42884
SPY,2013-06-04,130.14491,129.48448
SPY,2013-06-05,128.32278,128.21139
SPY,2013-06-06,129.48451,127.51118
SPY,2013-06-07,131.13161,129.81074
SPY,2013-06-10,131.13161,130.78945
SPY,2013-06-11,129.77904,129.49258
SPY,2013-06-12,128.70474,128.58539
SPY,2013-06-13,130.66222,128.34672
SPY,2013-06-14,129.84258,129.62774
SPY,2013-06-17,130.84523,129.87447
SPY,2013-06-18,131.87961,130.90885
SPY,2013-06-19,130.05742,130.00173
SPY,2013-06-20,126.83488,126.50069
SPY,2013-06-21,127.24206,125.96219
SPY,2013-06-24,125.6342,124.57032
SPY,2013-06-25,126.84209,125.92218
SPY,2013-06-26,128.09795,127.38602
SPY,2013-06-27,128.84988,128.74589
SPY,2013-06-28,128.3219,127.87395
SPY,2013-07-01,129.07381,128.84983
SPY,2013-07-02,128.95384,128.3859
SPY,2013-07-03,129.00981,128.16191
SPY,2013-07-05,130.40167,129.02582
SPY,2013-07-08,131.14557,130.44965
SPY,2013-07-09,132.08946,131.40154
SPY,2013-07-10,132.13748,131.68953
SPY,2013-07-11,133.93727,132.12946
SPY,2013-07-12,133.99329,133.68933
SPY,2013-07-15,134.50526,134.1293
SPY,2013-07-16,134.00125,133.64129
SPY,2013-07-17,134.34523,134.16925
SPY,2013-07-18,135.08112,134.54518
SPY,2013-07-19,135.32106,134.63314
SPY,2013-07-22,135.58508,135.19312
SPY,2013-07-23,135.29709,135.2251
SPY,2013-07-24,134.80116,134.52918
SPY,2013-07-25,135.1291,134.3372
SPY,2013-07-26,135.27306,134.0012
SPY,2013-07-29,134.85709,134.47313
SPY,2013-07-30,134.85709,134.53713
SPY,2013-07-31,134.95312,134.77714
SPY,2013-08-01,136.51299,135.90504
SPY,2013-08-02,136.74495,136.02503
SPY,2013-08-05,136.54495,136.26499
SPY,2013-08-06,135.76903,135.46507
SPY,2013-08-07,135.3291,134.82517
SPY,2013-08-08,135.82503,135.1291
SPY,2013-08-09,135.43311,134.96116
SPY,2013-08-12,135.27306,134.68912
SPY,2013-08-13,135.67311,134.71322
SPY,2013-08-14,134.97717,134.94517
SPY,2013-08-15,133.08936,132.85737
SPY,2013-08-16,132.64946,132.38549
SPY,2013-08-19,131.80148,131.79348
SPY,2013-08-20,132.44948,131.87354
SPY,2013-08-21,131.63354,131.33758
SPY,2013-08-22,132.83339,131.89749
SPY,2013-08-23,133.28139,132.60147
SPY,2013-08-26,132.78543,132.69744
SPY,2013-08-27,130.64966,130.55367
SPY,2013-08-28,131.11356,130.42563
SPY,2013-08-29,131.32161,130.70567
SPY,2013-08-30,130.90555,130.52159
SPY,2013-09-03,131.4975,130.94556
SPY,2013-09-04,132.58533,131.28947
SPY,2013-09-05,132.7534,132.56941
SPY,2013-09-06,132.81738,131.56952
SPY,2013-09-09,134.0892,133.1453
SPY,2013-09-10,135.08112,134.59317
SPY,2013-09-11,135.50508,134.66518
SPY,2013-09-12,135.1451,134.96112
SPY,2013-09-13,135.44908,134.97714
SPY,2013-09-16,136.233,136.01702
SPY,2013-09-17,136.84097,136.35303
SPY,2013-09-18,138.42477,136.44899
SPY,2013-09-19,138.19278,138.0568
SPY,2013-09-20,137.22661,137.11408
SPY,2013-09-23,136.59154,136.15749
SPY,2013-09-24,136.27013,136.01291
SPY,2013-09-25,135.87617,135.75561
SPY,2013-09-26,136.3987,135.88426
SPY,2013-09-27,135.77174,135.41806
SPY,2013-09-30,135.04826,134.35699
SPY,2013-10-01,136.11736,135.01614
SPY,2013-10-02,135.98875,134.90362
SPY,2013-10-03,134.73486,134.10789
SPY,2013-10-04,135.75566,134.66248
SPY,2013-10-07,134.58211,134.43743
SPY,2013-10-08,133.01466,132.91821
SPY,2013-10-09,133.11113,132.25105
SPY,2013-10-10,135.98073,134.42133
SPY,2013-10-11,136.85687,135.6592
SPY,2013-10-14,137.40347,135.90838
SPY,2013-10-15,136.40675,136.22188
SPY,2013-10-16,138.3118,137.16234
SPY,2013-10-17,139.23615,137.72498
SPY,2013-10-18,140.17665,139.46929
SPY,2013-10-21,140.18463,139.87115
SPY,2013-10-22,140.99652,140.20878
SPY,2013-10-23,140.32133,139.83101
SPY,2013-10-24,140.78748,140.27304
SPY,2013-10-25,141.43054,140.80357
SPY,2013-10-28,141.65561,141.22959
SPY,2013-10-29,142.41119,141.77619
SPY,2013-10-30,141.70384,141.19745
SPY,2013-10-31,141.30194,141.09295
SPY,2013-11-01,141.63957,140.84379
SPY,2013-11-04,142.13789,141.45465
SPY,2013-11-05,141.68779,141.12512
SPY,2013-11-06,142.41119,141.90479
SPY,2013-11-07,140.61064,140.474
SPY,2013-11-08,142.50771,140.54642
SPY,2013-11-11,142.53177,142.2022
SPY,2013-11-12,142.24243,141.76817
SPY,2013-11-13,143.38382,141.54309
SPY,2013-11-14,144.0992,143.27931
SPY,2013-11-15,144.72623,144.14748
SPY,2013-11-18,144.21979,143.89827
SPY,2013-11-19,143.90637,143.65719
SPY,2013-11-20,143.45619,143.06232
SPY,2013-11-21,144.61369,143.76969
SPY,2013-11-22,145.33707,144.50111
SPY,2013-11-25,145.19241,144.98341
SPY,2013-11-26,145.23256,145.01554
SPY,2013-11-27,145.58623,145.20844
SPY,2013-11-29,145.48982,145.32906
SPY,2013-12-02,145.11203,144.88696
SPY,2013-12-03,144.48508,144.01886
SPY,2013-12-04,144.46889,143.35964
SPY,2013-12-05,143.83392,143.69728
SPY,2013-12-06,145.44157,144.80656
SPY,2013-12-09,145.81131,145.6184
SPY,2013-12-10,145.28883,145.20041
SPY,2013-12-11,143.65718,143.48034
SPY,2013-12-12,143.18286,142.88544
SPY,2013-12-13,143.16679,142.8935
SPY,2013-12-16,144.05901,143.80178
SPY,2013-12-17,143.60086,143.27934
SPY,2013-12-18,146.05244,142.53176
SPY,2013-12-19,145.88368,145.25671
SPY,2013-12-20,146.73221,145.93212
SPY,2013-12-23,147.51625,147.1445
SPY,2013-12-24,147.83946,147.5162
SPY,2013-12-26,148.59103,148.15462
SPY,2013-12-27,148.58295,148.42939
SPY,2013-12-30,148.55873,148.36476
SPY,2013-12-31,149.26189,148.64767
SPY,2014-01-02,147.83138,147.47578
SPY,2014-01-03,147.8071,147.59698
SPY,2014-01-06,147.37877,147.15248
SPY,2014-01-07,148.28398,147.85565
SPY,2014-01-08,148.3163,147.80715
SPY,2014-01-09,148.41324,147.73437
SPY,2014-01-10,148.81738,147.90414
SPY,2014-01-13,146.83736,146.55449
SPY,2014-01-14,148.4375,147.04744
SPY,2014-01-15,149.23759,148.46983
SPY,2014-01-16,149.04373,148.56691
SPY,2014-01-17,148.41324,148.15463
SPY,2014-01-21,148.84966,147.93643
SPY,2014-01-22,148.94667,148.63148
SPY,2014-01-23,147.72638,146.94246
SPY,2014-01-24,144.57442,144.52593
SPY,2014-01-27,143.86324,143.14396
SPY,2014-01-28,144.71991,143.95213
SPY,2014-01-29,143.32985,142.95001
SPY,2014-01-30,144.8492,144.06527
SPY,2014-01-31,144.00066,142.98236
SPY,2014-02-03,140.7598,140.48502
SPY,2014-02-04,141.74583,140.71137
SPY,2014-02-05,141.56799,140.38806
SPY,2014-02-06,143.43486,141.60839
SPY,2014-02-07,145.21286,143.63692
SPY,2014-02-10,145.47957,144.83304
SPY,2014-02-11,147.0717,145.50384
SPY,2014-02-12,147.14444,146.8535
SPY,2014-02-13,147.90413,146.14231
SPY,2014-02-14,148.72043,147.62939
SPY,2014-02-18,148.89815,148.42132
SPY,2014-02-19,147.91219,147.79095
SPY,2014-02-20,148.78505,147.57279
SPY,2014-02-21,148.6153,148.54256
SPY,2014-02-24,149.43967,148.86586
SPY,2014-02-25,149.3831,148.89012
SPY,2014-02-26,149.39113,148.97087
SPY,2014-02-27,150.17509,149.00323
SPY,2014-02-28,150.55493,149.5528
SPY,2014-03-03,149.49623,148.50218
SPY,2014-03-04,151.59749,150.9267
SPY,2014-03-05,151.73483,151.49238
SPY,2014-03-06,152.08237,151.7591
SPY,2014-03-07,152.147,151.47622
SPY,2014-03-10,152.06622,151.19339
SPY,2014-03-11,151.31462,150.96711
SPY,2014-03-12,151.35501,150.23973
SPY,2014-03-13,149.65782,149.23758
SPY,2014-03-14,149.23759,149.0598
SPY,2014-03-17,150.58725,149.92454
SPY,2014-03-18,151.66217,150.73276
SPY,2014-03-19,150.85399,149.89226
SPY,2014-03-20,151.73483,150.25587
SPY,2014-03-21,151.14638,151.00838
SPY,2014-03-24,150.52127,149.86376
SPY,2014-03-25,151.23563,150.39142
SPY,2014-03-26,150.14795,150.10736
SPY,2014-03-27,149.83133,149.27934
SPY,2014-03-28,150.56999,150.17223
SPY,2014-03-31,151.80385,150.59436
SPY,2014-04-01,152.81039,151.79572
SPY,2014-04-02,153.32182,152.72113
SPY,2014-04-03,153.11888,152.64807
SPY,2014-04-04,151.30869,151.06517
SPY,2014-04-07,149.63654,149.32808
SPY,2014-04-08,150.2534,149.02766
SPY,2014-04-09,151.86877,150.22094
SPY,2014-04-10,148.67867,148.49196
SPY,2014-04-11,147.33923,147.17689
SPY,2014-04-14,148.50005,147.28243
SPY,2014-04-15,149.52286,147.33927
SPY,2014-04-16,151.08951,149.88812
SPY,2014-04-17,151.3006,150.62685
SPY,2014-04-21,151.82817,151.15444
SPY,2014-04-22,152.51816,151.90124
SPY,2014-04-23,152.16096,152.03921
SPY,2014-04-24,152.46947,151.73889
SPY,2014-04-25,151.21941,150.87848
SPY,2014-04-28,151.69832,150.13978
SPY,2014-04-29,152.40453,151.86066
SPY,2014-04-30,152.8591,151.94183
SPY,2014-05-01,152.87537,152.38832
SPY,2014-05-02,152.65613,152.42884
SPY,2014-05-05,152.94838,151.48724
SPY,2014-05-06,151.61713,151.58466
SPY,2014-05-07,152.5101,150.99214
SPY,2014-05-08,152.34769,151.86065
SPY,2014-05-09,152.57498,151.65771
SPY,2014-05-12,154.0605,152.60749
SPY,2014-05-13,154.19849,154.04425
SPY,2014-05-14,153.46794,153.24877
SPY,2014-05-15,152.12045,151.37365
SPY,2014-05-16,152.64809,151.56847
SPY,2014-05-19,153.20819,152.21786
SPY,2014-05-20,152.24222,151.85259
SPY,2014-05-21,153.52472,152.65615
SPY,2014-05-22,153.89815,153.30558
SPY,2014-05-23,154.51509,153.89816
SPY,2014-05-27,155.46483,155.00213
SPY,2014-05-28,155.35117,155.0914
SPY,2014-05-29,156.15483,155.31062
SPY,2014-05-30,156.40643,155.87881
SPY,2014-06-02,156.58502,155.83011
SPY,2014-06-03,156.50383,156.05737
SPY,2014-06-04,156.82042,156.07362
SPY,2014-06-05,157.84319,156.42264
SPY,2014-06-06,158.59814,158.11109
SPY,2014-06-09,158.76047,158.42765
SPY,2014-06-10,158.77672,158.22473
SPY,2014-06-11,158.22475,157.86758
SPY,2014-06-12,157.10454,156.75549
SPY,2014-06-13,157.58344,156.90969
SPY,2014-06-16,157.71332,157.20193
SPY,2014-06-17,158.15167,157.32369
SPY,2014-06-18,159.31247,157.80263
SPY,2014-06-19,159.49106,158.93908
SPY,2014-06-20,159.81487,159.61911
SPY,2014-06-23,159.76596,159.47233
SPY,2014-06-24,158.80345,158.62401
SPY,2014-06-25,159.52119,158.4364
SPY,2014-06-26,159.40706,158.33858
SPY,2014-06-27,159.71698,158.95844
SPY,2014-06-30,159.63539,159.48042
SPY,2014-07-01,160.70386,159.96979
SPY,2014-07-02,160.86707,160.64685
SPY,2014-07-03,161.65819,161.20144
SPY,2014-07-07,161.09537,160.85884
SPY,2014-07-08,160.05956,159.66804
SPY,2014-07-09,160.7773,160.11664
SPY,2014-07-10,160.1411,159.09709
SPY,2014-07-11,160.36131,159.68434
SPY,2014-07-14,161.16881,161.0383
SPY,2014-07-15,160.86707,160.15747
SPY,2014-07-16,161.46242,161.02197
SPY,2014-07-17,159.62724,159.39885
SPY,2014-07-18,161.25853,160.05955
SPY,2014-07-21,160.95673,160.2145
SPY,2014-07-22,161.65819,161.38903
SPY,2014-07-23,162.01706,161.57662
SPY,2014-07-24,162.02521,161.86208
SPY,2014-07-25,161.26671,160.94861
SPY,2014-07-28,161.33191,160.36946
SPY,2014-07-29,160.6387,160.61423
SPY,2014-07-30,160.66309,159.99427
SPY,2014-07-31,157.4903,157.39242
SPY,2014-08-01,157.00911,156.25058
SPY,2014-08-04,158.14282,156.64206
SPY,2014-08-05,156.60941,156.03847
SPY,2014-08-06,156.65839,155.85091
SPY,2014-08-07,155.81015,155.41865
SPY,2014-08-08,157.61269,155.74488
SPY,2014-08-11,158.06941,157.99601
SPY,2014-08-12,157.84915,157.36793
SPY,2014-08-13,158.91763,158.19989
SPY,2014-08-14,159.66803,159.03184
SPY,2014-08-15,159.63539,158.48535
SPY,2014-08-18,160.97307,160.4266
SPY,2014-08-19,161.81314,161.03829
SPY,2014-08-20,162.24544,161.56031
SPY,2014-08-21,162.71849,162.25357
SPY,2014-08-22,162.46565,162.09862
SPY,2014-08-25,163.28946,162.43304
SPY,2014-08-26,163.39548,163.35469
SPY,2014-08-27,163.3302,163.07736
SPY,2014-08-28,163.24048,162.62875
SPY,2014-08-29,163.70544,162.97953
SPY,2014-09-02,163.62383,163.0121
SPY,2014-09-03,163.53413,163.30576
SPY,2014-09-04,163.29761,162.84901
SPY,2014-09-05,164.03166,162.64509
SPY,2014-09-08,163.6075,163.12628
SPY,2014-09-09,162.57169,162.23727
SPY,2014-09-10,163.18346,162.12313
SPY,2014-09-11,163.37105,162.4086
SPY,2014-09-12,162.41673,161.95182
SPY,2014-09-15,162.29437,161.805
SPY,2014-09-16,163.51778,161.90283
SPY,2014-09-17,163.73805,162.92242
SPY,2014-09-18,164.61079,164.02354
SPY,2014-09-19,164.46243,164.12646
SPY,2014-09-22,163.19231,162.84814
SPY,2014-09-23,162.25816,162.209
SPY,2014-09-24,163.52827,161.85661
SPY,2014-09-25,160.88966,160.83231
SPY,2014-09-26,162.16797,160.9552
SPY,2014-09-29,161.873,160.65204
SPY,2014-09-30,161.44688,161.11091
SPY,2014-10-01,159.25897,158.89841
SPY,2014-10-02,159.28352,157.62005
SPY,2014-10-03,161.03717,159.85717
SPY,2014-10-06,160.84874,160.26694
SPY,2014-10-07,158.36581,158.33304
SPY,2014-10-08,161.13551,157.62829
SPY,2014-10-09,157.93967,157.80855
SPY,2014-10-10,156.13686,156.09589
SPY,2014-10-13,153.57202,153.48188
SPY,2014-10-14,153.80968,153.26884
SPY,2014-10-15,152.769,149.07331
SPY,2014-10-16,152.63788,149.86815
SPY,2014-10-17,154.44069,153.74416
SPY,2014-10-20,155.94025,154.11289
SPY,2014-10-21,159.02953,156.90716
SPY,2014-10-22,157.89874,157.83319
SPY,2014-10-23,159.73425,159.18523
SPY,2014-10-24,160.96341,159.3737
SPY,2014-10-27,160.74216,159.81618
SPY,2014-10-28,162.58595,161.20928
SPY,2014-10-29,162.34009,161.26662
SPY,2014-10-30,163.38077,161.75826
SPY,2014-10-31,165.24915,164.51984
SPY,2014-11-03,165.33928,164.96233
SPY,2014-11-04,164.76566,163.93801
SPY,2014-11-05,165.80635,165.07705
SPY,2014-11-06,166.47011,165.23275
SPY,2014-11-07,166.62578,166.02759
SPY,2014-11-10,167.15019,166.45367
SPY,2014-11-11,167.3141,166.8798
SPY,2014-11-12,167.13383,166.60119
SPY,2014-11-13,167.32231,166.51926
SPY,2014-11-14,167.3633,166.93718
SPY,2014-11-17,167.4698,166.8798
SPY,2014-11-18,168.43678,167.5272
SPY,2014-11-19,168.16637,167.41248
SPY,2014-11-20,168.46136,167.31414
SPY,2014-11-21,169.36275,168.78914
SPY,2014-11-24,169.83797,169.55117
SPY,2014-11-25,169.71509,169.46106
SPY,2014-11-26,170.14938,169.64952
SPY,2014-11-28,169.78882,169.55119
SPY,2014-12-01,168.60881,168.29743
SPY,2014-12-02,169.69873,168.62526
SPY,2014-12-03,170.35428,169.70692
SPY,2014-12-04,170.16579,169.37911
SPY,2014-12-05,170.44434,170.07559
SPY,2014-12-08,169.30536,168.74813
SPY,2014-12-09,169.19064,167.09287
SPY,2014-12-10,166.4783,166.28982
SPY,2014-12-11,167.32231,166.92898
SPY,2014-12-12,164.61809,164.58532
SPY,2014-12-15,163.48737,162.88917
SPY,2014-12-16,162.17621,162.13523
SPY,2014-12-17,165.35559,162.48754
SPY,2014-12-18,169.44461,167.101
SPY,2014-12-19,170.16562,169.41581
SPY,2014-12-22,170.94841,170.11621
SPY,2014-12-23,171.17909,170.8907
SPY,2014-12-24,171.1956,171.1544
SPY,2014-12-26,171.74765,171.59109
SPY,2014-12-29,171.97841,171.50051
SPY,2014-12-30,171.05554,170.98138
SPY,2014-12-31,169.35814,169.23455
SPY,2015-01-02,169.26755,168.23759
SPY,2015-01-05,166.2106,165.90574
SPY,2015-01-06,164.64503,163.85402
SPY,2015-01-07,166.69675,165.51848
SPY,2015-01-08,169.65477,168.081
SPY,2015-01-09,168.29523,167.68549
SPY,2015-01-12,166.97687,166.37538
SPY,2015-01-13,166.50728,165.21364
SPY,2015-01-14,165.502,163.61512
SPY,2015-01-15,163.9859,163.87055
SPY,2015-01-16,166.13646,163.59864
SPY,2015-01-20,166.49074,164.93344
SPY,2015-01-21,167.33116,165.56787
SPY,2015-01-22,169.8196,166.71324
SPY,2015-01-23,168.8885,168.75667
SPY,2015-01-26,169.28401,167.96567
SPY,2015-01-27,167.05107,166.2271
SPY,2015-01-28,164.90875,164.71924
SPY,2015-01-29,166.43309,163.70575
SPY,2015-01-30,164.34024,164.07658
SPY,2015-02-02,166.37541,163.03011
SPY,2015-02-03,168.78136,166.89448
SPY,2015-02-04,168.13866,167.68547
SPY,2015-02-05,169.83604,168.7237
SPY,2015-02-06,169.36642,168.84732
SPY,2015-02-09,168.60834,168.20459
SPY,2015-02-10,170.40462,168.64956
SPY,2015-02-11,170.50345,169.59709
SPY,2015-02-12,172.1432,170.53647
SPY,2015-02-13,172.85178,172.01133
SPY,2015-02-17,173.12372,172.29152
SPY,2015-02-18,173.14015,172.48921
SPY,2015-02-19,173.01662,172.40689
SPY,2015-02-20,174.05479,171.98663
SPY,2015-02-23,174.03008,173.42857
SPY,2015-02-24,174.5244,173.65923
SPY,2015-02-25,174.3761,174.03827
SPY,2015-02-26,174.17015,173.56865
SPY,2015-02-27,173.57689,173.52745
SPY,2015-03-02,174.67273,173.62629
SPY,2015-03-03,173.95589,173.09897
SPY,2015-03-04,173.2226,172.25856
SPY,2015-03-05,173.41206,172.90944
SPY,2015-03-06,170.97316,170.64358
SPY,2015-03-09,171.68172,171.01431
SPY,2015-03-10,168.89668,168.85548
SPY,2015-03-11,168.50121,168.4188
SPY,2015-03-12,170.64359,169.07804
SPY,2015-03-13,169.59712,168.56716
SPY,2015-03-16,171.86296,169.62177
SPY,2015-03-17,171.35222,170.54472
SPY,2015-03-18,173.41206,170.24802
SPY,2015-03-19,172.62109,172.23383
SPY,2015-03-20,174.14481,173.38337
SPY,2015-03-23,173.80544,173.80544
SPY,2015-03-24,172.82883,172.76261
SPY,2015-03-25,170.29622,170.25485
SPY,2015-03-26,169.89067,168.93887
SPY,2015-03-27,170.27969,169.58446
SPY,2015-03-30,172.35701,171.28935
SPY,2015-03-31,170.85074,170.79281
SPY,2015-04-01,170.24655,169.26165
SPY,2015-04-02,170.85898,169.99822
SPY,2015-04-06,172.00943,169.841
SPY,2015-04-07,171.55418,171.52108
SPY,2015-04-08,172.13354,171.38867
SPY,2015-04-09,172.895,171.47974
SPY,2015-04-10,173.83858,172.94473
SPY,2015-04-13,173.05226,173.0026
SPY,2015-04-14,173.38336,172.23294
SPY,2015-04-15,174.16129,173.76402
SPY,2015-04-16,174.11168,173.63164
SPY,2015-04-17,172.10876,171.33078
SPY,2015-04-20,173.68126,172.94466
SPY,2015-04-21,173.47441,173.17646
SPY,2015-04-22,174.32686,172.89502
SPY,2015-04-23,174.76552,173.81372
SPY,2015-04-24,175.17102,174.7241
SPY,2015-04-27,174.44272,174.25235
SPY,2015-04-28,174.99728,173.25095
SPY,2015-04-29,174.27722,173.4744
SPY,2015-04-30,172.53085,171.83562
SPY,2015-05-01,174.40134,173.20953
SPY,2015-05-04,174.89793,174.71585
SPY,2015-05-05,172.895,172.75431
SPY,2015-05-06,172.18323,171.12384
SPY,2015-05-07,172.87016,171.75285
SPY,2015-05-08,175.14627,174.45105
SPY,2015-05-11,174.31032,174.23583
SPY,2015-05-12,173.78889,172.6633
SPY,2015-05-13,173.82204,173.5903
SPY,2015-05-14,175.63458,174.55864
SPY,2015-05-15,175.82484,175.34481
SPY,2015-05-18,176.37111,175.59312
SPY,2015-05-19,176.31316,176.03176
SPY,2015-05-20,176.18912,175.87461
SPY,2015-05-21,176.70216,175.88279
SPY,2015-05-22,176.28008,176.21386
SPY,2015-05-26,174.38478,173.97096
SPY,2015-05-27,176.0401,174.43447
SPY,2015-05-28,175.84145,175.1545
SPY,2015-05-29,174.74898,174.48414
SPY,2015-06-01,175.10484,174.31857
SPY,2015-06-02,174.93102,174.02889
SPY,2015-06-03,175.39455,174.90624
SPY,2015-06-04,173.91301,173.5985
SPY,2015-06-05,173.6151,172.96125
SPY,2015-06-08,172.54744,172.47295
SPY,2015-06-09,172.52257,171.89356
SPY,2015-06-10,174.59169,173.22608
SPY,2015-06-11,175.15448,174.79859
SPY,2015-06-12,173.81371,173.54058
SPY,2015-06-15,173.06886,171.97637
SPY,2015-06-16,174.01231,172.74602
SPY,2015-06-17,174.2937,173.2757
SPY,2015-06-18,176.10631,174.32688
SPY,2015-06-19,175.32452,174.95027
SPY,2015-06-22,176.22272,176.0148
SPY,2015-06-23,176.34746,175.95658
SPY,2015-06-24,175.0667,175.04175
SPY,2015-06-25,174.53439,174.45955
SPY,2015-06-26,174.50117,173.95227
SPY,2015-06-29,170.84178,170.76693
SPY,2015-06-30,171.19948,170.72542
SPY,2015-07-01,172.5717,171.78993
SPY,2015-07-02,172.41367,171.99783
SPY,2015-07-06,171.92296,170.93327
SPY,2015-07-07,173.0042,169.75236
SPY,2015-07-08,170.10159,169.86873
SPY,2015-07-09,170.4093,170.30119
SPY,2015-07-10,172.55504,170.45091
SPY,2015-07-13,174.45959,173.76931
SPY,2015-07-14,175.21638,174.35977
SPY,2015-07-15,175.1582,174.68414
SPY,2015-07-16,176.56366,175.96486
SPY,2015-07-17,176.71333,176.1478
SPY,2015-07-20,176.80486,176.48883
SPY,2015-07-21,176.10629,175.80689
SPY,2015-07-22,175.79025,175.39105
SPY,2015-07-23,174.80055,174.44294
SPY,2015-07-24,172.98747,172.65481
SPY,2015-07-27,171.98119,171.5404
SPY,2015-07-28,174.09364,171.98952
SPY,2015-07-29,175.29124,174.077
SPY,2015-07-30,175.33279,174.16845
SPY,2015-07-31,175.0667,174.78393
SPY,2015-08-03,174.47623,173.52812
SPY,2015-08-04,174.13522,173.65285
SPY,2015-08-05,174.70912,174.42634
SPY,2015-08-06,173.27859,172.69642
SPY,2015-08-07,172.94589,172.04769
SPY,2015-08-10,175.12495,174.05209
SPY,2015-08-11,173.54469,172.78787
SPY,2015-08-12,173.7527,170.79195
SPY,2015-08-13,173.53641,172.99581
SPY,2015-08-14,174.1685,173.20376
SPY,2015-08-17,175.14154,173.12059
SPY,2015-08-18,174.63426,174.4014
SPY,2015-08-19,173.25368,172.44696
SPY,2015-08-20,169.63591,169.57769
SPY,2015-08-21,164.52943,164.27162
SPY,2015-08-24,157.60165,151.69678
SPY,2015-08-25,155.74696,155.45587
SPY,2015-08-26,161.72668,156.6618
SPY,2015-08-27,165.72705,162.35047
SPY,2015-08-28,165.73531,164.60423
SPY,2015-08-31,164.39635,163.84744
SPY,2015-09-01,159.4895,158.62456
SPY,2015-09-02,162.51675,160.03005
SPY,2015-09-03,162.63322,162.14254
SPY,2015-09-04,160.17145,159.35641
SPY,2015-09-08,164.19673,162.31716
SPY,2015-09-09,162.00114,161.63522
SPY,2015-09-10,162.88274,161.55206
SPY,2015-09-11,163.62294,161.78494
SPY,2015-09-14,163.01575,162.53338
SPY,2015-09-15,165.05341,162.97423
SPY,2015-09-16,166.48384,165.01179
SPY,2015-09-17,166.10959,165.73534
SPY,2015-09-18,163.39519,162.98556
SPY,2015-09-21,164.23952,163.19452
SPY,2015-09-22,162.10773,160.97913
SPY,2015-09-23,161.84851,161.27167
SPY,2015-09-24,161.26335,159.30713
SPY,2015-09-25,161.22159,160.35215
SPY,2015-09-28,157.17526,156.86595
SPY,2015-09-29,157.26724,156.27241
SPY,2015-09-30,160.20163,158.3708
SPY,2015-10-01,160.61964,158.6885
SPY,2015-10-02,163.01897,158.10331
SPY,2015-10-05,165.91983,164.1308
SPY,2015-10-06,165.35135,164.69092
SPY,2015-10-07,166.70566,165.09218
SPY,2015-10-08,168.21046,166.02015
SPY,2015-10-09,168.31078,167.68378
SPY,2015-10-12,168.46964,167.95968
SPY,2015-10-13,167.40788,167.24069
SPY,2015-10-14,166.60536,166.31277
SPY,2015-10-15,169.16347,166.89792
SPY,2015-10-16,169.93265,168.80405
SPY,2015-10-19,170.01622,168.97959
SPY,2015-10-20,169.79883,169.33067
SPY,2015-10-21,168.74551,168.5783
SPY,2015-10-22,171.59619,168.74546
SPY,2015-10-23,173.47722,172.46567
SPY,2015-10-26,173.05081,172.68297
SPY,2015-10-27,172.71646,172.03929
SPY,2015-10-28,174.68105,172.39043
SPY,2015-10-29,174.58075,174.06244
SPY,2015-10-30,173.82832,173.6695
SPY,2015-11-02,175.88487,174.02896
SPY,2015-11-03,176.39487,175.30807
SPY,2015-11-04,175.8598,175.32477
SPY,2015-11-05,175.6842,174.79805
SPY,2015-11-06,175.59229,174.27143
SPY,2015-11-09,173.9538,173.00912
SPY,2015-11-10,174.35501,173.2097
SPY,2015-11-11,173.66951,173.60263
SPY,2015-11-12,171.24513,171.22842
SPY,2015-11-13,169.3223,169.2387
SPY,2015-11-16,171.89725,169.02142
SPY,2015-11-17,171.77177,171.27854
SPY,2015-11-18,174.4971,172.20648
SPY,2015-11-19,174.34662,174.05402
SPY,2015-11-20,174.98203,174.60583
SPY,2015-11-23,174.78136,174.32156
SPY,2015-11-24,175.01544,173.39361
SPY,2015-11-25,174.99036,174.73119
SPY,2015-11-27,175.19095,174.60576
SPY,2015-11-30,174.46365,174.35497
SPY,2015-12-01,176.12732,174.81481
SPY,2015-12-02,174.32993,174.07912
SPY,2015-12-03,171.88879,171.16984
SPY,2015-12-04,175.24118,171.88885
SPY,2015-12-07,174.17941,173.21801
SPY,2015-12-08,173.00909,172.03098
SPY,2015-12-09,171.66313,170.69337
SPY,2015-12-10,172.10617,171.4959
SPY,2015-12-11,168.7706,168.46127
SPY,2015-12-14,169.62328,167.15709
SPY,2015-12-15,171.40393,169.59818
SPY,2015-12-16,173.91199,171.21173
SPY,2015-12-17,171.26183,171.2451
SPY,2015-12-18,168.21082,168.05103
SPY,2015-12-21,169.59842,168.26969
SPY,2015-12-22,171.13737,169.49749
SPY,2015-12-23,173.25661,172.04561
SPY,2015-12-24,172.97072,172.75207
SPY,2015-12-28,172.57542,171.50739
SPY,2015-12-29,174.41711,173.63502
SPY,2015-12-30,173.18092,173.03796
SPY,2015-12-31,171.44853,171.44853
SPY,2016-01-04,169.0518,167.00824
SPY,2016-01-05,169.33769,168.23602
SPY,2016-01-06,167.20163,166.17565
SPY,2016-01-07,163.19022,162.80336
SPY,2016-01-08,161.39894,161.11301
SPY,2016-01-11,161.5587,159.63289
SPY,2016-01-12,162.86224,160.743
SPY,2016-01-13,158.80034,158.4219
SPY,2016-01-14,161.40738,157.81645
SPY,2016-01-15,157.9425,156.01669
SPY,2016-01-19,158.15279,156.58858
SPY,2016-01-20,156.12604,152.23236
SPY,2016-01-21,157.00069,155.2767
SPY,2016-01-22,160.22157,158.84238
SPY,2016-01-25,157.79962,157.6062
SPY,2016-01-26,159.95244,158.11913
SPY,2016-01-27,158.21169,157.31184
SPY,2016-01-28,159.03581,157.39592
SPY,2016-01-29,162.91264,159.68332
SPY,2016-02-01,162.85381,161.33165
SPY,2016-02-02,159.91882,159.39741
SPY,2016-02-03,160.87756,157.34549
SPY,2016-02-04,161.12981,159.75062
SPY,2016-02-05,158.06026,157.42953
SPY,2016-02-08,155.93265,153.72931
SPY,2016-02-09,155.94101,154.06565
SPY,2016-02-10,155.80652,155.68037
SPY,2016-02-11,153.77975,152.29123
SPY,2016-02-12,156.95023,154.70484
SPY,2016-02-16,159.59929,157.79121
SPY,2016-02-17,162.20628,160.63366
SPY,2016-02-18,161.54189,161.23073
SPY,2016-02-19,161.46622,160.16271
SPY,2016-02-22,163.80411,162.97154
SPY,2016-02-23,161.73532,161.61757
SPY,2016-02-24,162.47536,159.2124
SPY,2016-02-25,164.44325,162.16423
SPY,2016-02-26,164.06482,163.90503
SPY,2016-02-29,162.77809,162.58467
SPY,2016-03-01,166.60454,163.52659
SPY,2016-03-02,167.353,165.8813
SPY,2016-03-03,168.00899,166.60457
SPY,2016-03-04,168.55562,167.37827
SPY,2016-03-07,168.69012,167.56323
SPY,2016-03-08,166.8484,166.68863
SPY,2016-03-09,167.67258,166.87365
SPY,2016-03-10,167.80713,165.99064
SPY,2016-03-11,170.51503,167.7903
SPY,2016-03-14,170.2964,169.6825
SPY,2016-03-15,170.01888,169.07699
SPY,2016-03-16,171.00279,169.49746
SPY,2016-03-17,172.08763,170.52343
SPY,2016-03-18,172.76392,172.27364
SPY,2016-03-21,173.00909,172.27368
SPY,2016-03-22,172.91605,172.0792
SPY,2016-03-23,171.77487,171.6058
SPY,2016-03-24,171.69881,170.53229
SPY,2016-03-28,171.80025,171.35224
SPY,2016-03-29,173.38943,171.0902
SPY,2016-03-30,174.15027,173.78678
SPY,2016-03-31,173.72755,173.56694
SPY,2016-04-01,174.91098,172.42577
SPY,2016-04-04,174.3446,174.04029
SPY,2016-04-05,172.60327,172.34968
SPY,2016-04-06,174.48839,172.42584
SPY,2016-04-07,172.40047,171.6735
SPY,2016-04-08,172.86531,172.33276
SPY,2016-04-11,172.45959,172.36661
SPY,2016-04-12,174.06567,172.18909
SPY,2016-04-13,175.82387,174.84331
SPY,2016-04-14,175.83237,175.4858
SPY,2016-04-15,175.63795,175.31673
SPY,2016-04-18,176.87215,174.97865
SPY,2016-04-19,177.42999,176.6185
SPY,2016-04-20,177.59903,176.99886
SPY,2016-04-21,176.64391,176.3734
SPY,2016-04-22,176.64391,175.74788
SPY,2016-04-25,176.33958,175.4351
SPY,2016-04-26,176.60162,176.12825
SPY,2016-04-27,176.96512,175.86622
SPY,2016-04-28,175.35902,174.94483
SPY,2016-04-29,174.41228,173.31338
SPY,2016-05-02,175.79855,174.47988
SPY,2016-05-03,174.26854,173.52466
SPY,2016-05-04,173.29643,172.7977
SPY,2016-05-05,173.26265,172.84
SPY,2016-05-06,173.89665,172.34129
SPY,2016-05-09,174.0403,173.59229
SPY,2016-05-10,176.20432,174.67431
SPY,2016-05-11,174.55595,174.55595
SPY,2016-05-12,174.6067,173.60079
SPY,2016-05-13,173.08508,172.76388
SPY,2016-05-16,174.79266,173.19503
SPY,2016-05-17,173.16118,172.63708
SPY,2016-05-18,173.2119,172.12991
SPY,2016-05-19,172.61171,171.41138
SPY,2016-05-20,173.70219,173.16965
SPY,2016-05-23,173.46556,173.27959
SPY,2016-05-24,175.71399,174.25161
SPY,2016-05-25,176.9059,175.71401
SPY,2016-05-26,176.95662,176.64386
SPY,2016-05-27,177.71742,177.06653
SPY,2016-05-31,177.37927,176.82137
SPY,2016-06-01,177.74277,176.57624
SPY,2016-06-02,178.28378,176.87212
SPY,2016-06-03,177.75122,176.55089
SPY,2016-06-06,178.6557,177.94563
SPY,2016-06-07,178.93463,178.78248
SPY,2016-06-08,179.51785,178.94305
SPY,2016-06-09,179.27278,178.52046
SPY,2016-06-10,177.57373,177.03272
SPY,2016-06-13,176.20432,176.11979
SPY,2016-06-14,175.85773,174.91099
SPY,2016-06-15,175.61259,175.42663
SPY,2016-06-16,176.1367,173.78675
SPY,2016-06-17,175.4807,174.82642
SPY,2016-06-20,176.61086,176.52588
SPY,2016-06-21,177.11214,176.55133
SPY,2016-06-22,176.82324,176.67878
SPY,2016-06-23,179.12593,177.81739
SPY,2016-06-24,172.6937,172.25185
SPY,2016-06-27,169.60075,168.79353
SPY,2016-06-28,172.65968,170.8923
SPY,2016-06-29,175.59969,173.95126
SPY,2016-06-30,177.99577,175.51464
SPY,2016-07-01,178.36967,177.83436
SPY,2016-07-05,177.08664,176.49185
SPY,2016-07-06,178.1488,175.93957
SPY,2016-07-07,178.03831,177.27359
SPY,2016-07-08,180.68941,179.10047
SPY,2016-07-11,181.32669,180.94433
SPY,2016-07-12,182.64371,181.35215
SPY,2016-07-13,182.61818,182.13386
SPY,2016-07-14,183.63785,183.24699
SPY,2016-07-15,183.39143,182.94958
SPY,2016-07-18,183.88431,183.25552
SPY,2016-07-19,183.69737,183.22154
SPY,2016-07-20,184.46208,183.69735
SPY,2016-07-21,183.76532,183.32347
SPY,2016-07-22,184.58955,183.62089
SPY,2016-07-25,184.0882,183.5104
SPY,2016-07-26,184.17317,183.33196
SPY,2016-07-27,183.97778,183.21304
SPY,2016-07-28,184.19016,183.32345
SPY,2016-07-29,184.48752,183.64632
SPY,2016-08-01,184.33461,183.88427
SPY,2016-08-02,183.15352,182.32081
SPY,2016-08-03,183.68886,182.79668
SPY,2016-08-04,183.88431,182.04895
SPY,2016-08-05,185.38828,183.88431
SPY,2016-08-08,185.27783,185.01443
SPY,2016-08-09,185.38828,185.0654
SPY,2016-08-10,184.9294,184.58102
SPY,2016-08-11,185.7876,185.19281
SPY,2016-08-12,185.62617,185.22681
SPY,2016-08-15,186.16151,185.98308
SPY,2016-08-16,185.20137,185.20137
SPY,2016-08-17,185.5497,184.40261
SPY,2016-08-18,185.96603,185.41373
SPY,2016-08-19,185.69417,185.01442
SPY,2016-08-22,185.68562,185.09083
SPY,2016-08-23,186.05954,186.00005
SPY,2016-08-24,185.10789,184.69154
SPY,2016-08-25,184.98045,184.5726
SPY,2016-08-26,184.63206,183.74838
SPY,2016-08-29,185.54121,184.72549
SPY,2016-08-30,185.23526,184.68296
SPY,2016-08-31,184.70851,183.93528
SPY,2016-09-01,184.71698,183.56138
SPY,2016-09-02,185.5497,184.9804
SPY,2016-09-06,186.11049,185.11634
SPY,2016-09-07,186.09348,185.49019
SPY,2016-09-08,185.66867,185.36278
SPY,2016-09-09,181.22475,181.19926
SPY,2016-09-12,183.8248,180.4005
SPY,2016-09-13,181.18221,180.56193
SPY,2016-09-14,181.11424,180.56194
SPY,2016-09-15,182.92409,180.77434
SPY,2016-09-16,182.21695,181.53376
SPY,2016-09-19,182.25114,181.92662
SPY,2016-09-20,182.25974,182.22558
SPY,2016-09-21,184.30928,182.27677
SPY,2016-09-22,185.47073,185.06937
SPY,2016-09-23,184.45445,184.36051
SPY,2016-09-26,182.96004,182.76361
SPY,2016-09-27,184.09583,182.43052
SPY,2016-09-28,185.0096,183.36139
SPY,2016-09-29,183.33577,182.78921
SPY,2016-09-30,184.71919,183.91643
SPY,2016-10-03,184.27512,183.64315
SPY,2016-10-04,183.33577,182.74652
SPY,2016-10-05,184.14705,183.89085
SPY,2016-10-06,184.27512,183.38697
SPY,2016-10-07,183.64317,182.91728
SPY,2016-10-10,184.59964,184.45446
SPY,2016-10-11,182.26828,181.54239
SPY,2016-10-12,182.50735,181.90955
SPY,2016-10-13,181.90958,180.37239
SPY,2016-10-14,182.00354,181.92668
SPY,2016-10-17,181.37158,181.19224
SPY,2016-10-18,182.50735,182.13159
SPY,2016-10-19,182.99413,182.41341
SPY,2016-10-20,182.6526,181.99502
SPY,2016-10-21,182.73793,181.69605
SPY,2016-10-24,183.51508,183.16493
SPY,2016-10-25,182.90016,182.7379
SPY,2016-10-26,182.533,181.84126
SPY,2016-10-27,182.04622,181.96936
SPY,2016-10-28,181.50821,180.7994
SPY,2016-10-31,181.51672,181.35446
SPY,2016-11-01,180.20155,178.99743
SPY,2016-11-02,179.11702,178.68147
SPY,2016-11-03,178.29713,178.02386
SPY,2016-11-04,178.10075,177.95558
SPY,2016-11-07,182.02911,178.10074
SPY,2016-11-08,182.84892,181.37151
SPY,2016-11-09,184.78752,181.33737
SPY,2016-11-10,185.24866,183.79687
SPY,2016-11-11,184.82172,183.88233
SPY,2016-11-14,184.9669,184.22393
SPY,2016-11-15,186.41013,185.14622
SPY,2016-11-16,186.05998,185.67569
SPY,2016-11-17,187.01646,186.10268
SPY,2016-11-18,186.59799,186.41865
SPY,2016-11-21,188.00706,187.02498
SPY,2016-11-22,188.37428,187.64838
SPY,2016-11-23,188.47679,187.6655
SPY,2016-11-25,189.17708,188.74153
SPY,2016-11-28,188.28891,188.18643
SPY,2016-11-29,188.65614,188.02418
SPY,2016-11-30,188.20349,188.14371
SPY,2016-12-01,187.51175,187.15306
SPY,2016-12-02,187.6057,187.24702
SPY,2016-12-05,188.73302,188.2377
SPY,2016-12-06,189.33078,188.44263
SPY,2016-12-07,191.80736,189.05749
SPY,2016-12-08,192.27707,191.51701
SPY,2016-12-09,193.43854,192.46498
SPY,2016-12-12,193.21646,192.798
SPY,2016-12-13,194.50597,193.85693
SPY,2016-12-14,192.90042,192.46488
SPY,2016-12-15,193.6947,192.90903
SPY,2016-12-16,193.31586,192.99802
SPY,2016-12-19,193.7368,193.35024
SPY,2016-12-20,194.48412,194.03743
SPY,2016-12-21,193.94295,193.94295
SPY,2016-12-22,193.60794,193.21278
SPY,2016-12-23,193.89146,193.46195
SPY,2016-12-27,194.3725,194.14056
SPY,2016-12-28,192.76613,192.65446
SPY,2016-12-29,192.7231,192.28499
SPY,2016-12-30,192.01871,191.33148
SPY,2017-01-03,193.48769,192.31941
SPY,2017-01-04,194.63879,193.80553
SPY,2017-01-05,194.48412,193.69381
SPY,2017-01-06,195.17995,194.05461
SPY,2017-01-09,194.53569,194.50132
SPY,2017-01-10,194.53569,194.14912
SPY,2017-01-11,195.08551,193.78837
SPY,2017-01-12,194.59589,193.24722
SPY,2017-01-13,195.04253,194.73328
SPY,2017-01-17,194.35529,193.96873
SPY,2017-01-18,194.78484,194.05466
SPY,2017-01-19,194.06326,193.63375
SPY,2017-01-20,194.7762,194.11474
SPY,2017-01-23,194.26939,193.51346
SPY,2017-01-24,195.51498,194.37247
SPY,2017-01-25,197.20726,196.29668
SPY,2017-01-26,197.00114,196.72625
SPY,2017-01-27,196.69188,196.51148
SPY,2017-01-30,195.47203,194.49274
SPY,2017-01-31,195.45482,194.4154
SPY,2017-02-01,195.53218,194.94805
SPY,2017-02-02,195.66104,194.84497
SPY,2017-02-03,197.00967,196.25374
SPY,2017-02-06,196.65746,196.32243
SPY,2017-02-07,196.66608,196.47709
SPY,2017-02-08,196.92381,196.12491
SPY,2017-02-09,198.09209,196.92381
SPY,2017-02-10,198.87376,198.10923
SPY,2017-02-13,199.95616,199.33766
SPY,2017-02-14,200.75504,199.43214
SPY,2017-02-15,201.80307,200.48876
SPY,2017-02-16,201.63129,200.88394
SPY,2017-02-17,201.94913,200.95265
SPY,2017-02-21,203.15175,202.30989
SPY,2017-02-22,202.97134,202.58478
SPY,2017-02-23,203.10883,202.35288
SPY,2017-02-24,203.36652,202.22401
SPY,2017-02-27,203.68436,203.0315
SPY,2017-02-28,203.13464,202.74808
SPY,2017-03-01,205.97792,204.76669
SPY,2017-03-02,204.68083,204.62929
SPY,2017-03-03,204.80969,204.21696
SPY,2017-03-06,204.19974,203.59841
SPY,2017-03-07,203.5899,203.38373
SPY,2017-03-08,203.21187,203.07442
SPY,2017-03-09,203.46962,202.50751
SPY,2017-03-10,204.18257,203.23763
SPY,2017-03-13,204.28571,203.79607
SPY,2017-03-14,203.50394,202.89403
SPY,2017-03-15,205.26495,203.83896
SPY,2017-03-16,204.86127,204.53484
SPY,2017-03-17,204.50143,204.50143
SPY,2017-03-20,204.27711,203.88887
SPY,2017-03-21,201.6543,201.52489
SPY,2017-03-22,202.12889,201.06769
SPY,2017-03-23,201.91312,201.54213
SPY,2017-03-24,201.76649,200.99001
SPY,2017-03-27,201.55942,199.82526
SPY,2017-03-28,203.02612,201.14529
SPY,2017-03-29,203.21593,202.51709
SPY,2017-03-30,203.86301,202.98299
SPY,2017-03-31,203.38847,203.3367
SPY,2017-04-03,203.03474,201.80962
SPY,2017-04-04,203.16417,202.37043
SPY,2017-04-05,202.56018,202.35311
SPY,2017-04-06,203.12964,202.25824
SPY,2017-04-07,202.92256,202.43941
SPY,2017-04-10,203.04335,202.51706
SPY,2017-04-11,202.80177,201.31781
SPY,2017-04-12,201.91312,201.6888
SPY,2017-04-13,200.60173,200.60173
SPY,2017-04-17,202.3791,200.92103
SPY,2017-04-18,201.7751,201.09352
SPY,2017-04-19,201.40411,201.17979
SPY,2017-04-20,203.04335,201.69744
SPY,2017-04-21,202.39635,201.99948
SPY,2017-04-24,204.62222,202.3704
SPY,2017-04-25,205.81285,205.1744
SPY,2017-04-26,205.6834,205.64027
SPY,2017-04-27,205.85596,205.32103
SPY,2017-04-28,205.4073,205.27788
SPY,2017-05-01,205.92502,205.51089
SPY,2017-05-02,206.00264,205.59714
SPY,2017-05-03,205.75246,205.0795
SPY,2017-05-04,205.99406,205.14856
SPY,2017-05-05,206.80504,205.92501
SPY,2017-05-08,206.77054,206.34778
SPY,2017-05-09,206.58073,206.23562
SPY,2017-05-10,206.95171,206.33051
SPY,2017-05-11,206.52898,205.45052
SPY,2017-05-12,206.18385,205.9164
SPY,2017-05-15,207.32268,206.58932
SPY,2017-05-16,207.13289,206.74465
SPY,2017-05-17,203.4575,203.3971
SPY,2017-05-18,204.27711,203.121
SPY,2017-05-19,205.60579,204.70852
SPY,2017-05-22,206.64972,206.04579
SPY,2017-05-23,207.10706,206.64115
SPY,2017-05-24,207.59013,207.00345
SPY,2017-05-25,208.58234,207.89213
SPY,2017-05-26,208.53918,208.31486
SPY,2017-05-30,208.35802,208.06468
SPY,2017-05-31,208.30626,207.61604
SPY,2017-06-01,209.96278,208.47882
SPY,2017-06-02,210.66158,209.72116
SPY,2017-06-05,210.5063,210.30786
SPY,2017-06-06,209.83334,209.75568
SPY,2017-06-07,210.22159,209.50549
SPY,2017-06-08,210.32513,209.79885
SPY,2017-06-09,210.00586,208.74622
SPY,2017-06-12,209.96278,209.11728
SPY,2017-06-13,210.98943,210.15254
SPY,2017-06-14,210.722,209.90236
SPY,2017-06-15,210.31653,209.10002
SPY,2017-06-16,210.36243,209.48679
SPY,2017-06-19,212.11375,211.09072
SPY,2017-06-20,210.68321,210.66588
SPY,2017-06-21,210.6312,210.16304
SPY,2017-06-22,210.53584,210.36245
SPY,2017-06-23,210.78726,210.21506
SPY,2017-06-26,210.92592,210.71785
SPY,2017-06-27,209.22665,209.20931
SPY,2017-06-28,211.09938,210.00699
SPY,2017-06-29,209.24408,208.03899
SPY,2017-06-30,209.6342,209.44347
SPY,2017-07-03,209.98962,209.98962
SPY,2017-07-05,210.47517,209.54751
SPY,2017-07-06,208.55042,208.36834
SPY,2017-07-07,209.90294,208.55913
SPY,2017-07-10,210.12833,209.59947
SPY,2017-07-11,209.97226,208.81052
SPY,2017-07-12,211.55017,210.93463
SPY,2017-07-13,211.90564,211.33343
SPY,2017-07-14,212.89398,211.81027
SPY,2017-07-17,212.868,212.6946
SPY,2017-07-18,212.98068,212.12237
SPY,2017-07-19,214.13379,213.28415
SPY,2017-07-20,214.22916,213.68296
SPY,2017-07-21,214.03845,213.43156
SPY,2017-07-24,213.98642,213.51825
SPY,2017-07-25,214.50659,214.28118
SPY,2017-07-26,214.51521,214.25513
SPY,2017-07-27,214.31587,212.99807
SPY,2017-07-28,214.06442,213.38818
SPY,2017-07-31,213.94308,213.73501
SPY,2017-08-01,214.41989,213.8997
SPY,2017-08-02,214.52385,213.59618
SPY,2017-08-03,214.10776,213.83032
SPY,2017-08-04,214.49789,214.11642
SPY,2017-08-07,214.89674,214.46326
SPY,2017-08-08,214.36783,213.99504
SPY,2017-08-09,214.35918,213.32748
SPY,2017-08-10,211.33345,211.28143
SPY,2017-08-11,211.64558,211.32481
SPY,2017-08-14,213.74362,212.88533
SPY,2017-08-15,213.71762,213.41419
SPY,2017-08-16,214.09047,213.66565
SPY,2017-08-17,210.75258,210.75258
SPY,2017-08-18,210.42313,209.98096
SPY,2017-08-21,210.58786,209.66021
SPY,2017-08-22,212.78995,211.15137
SPY,2017-08-23,212.02699,211.68021
SPY,2017-08-24,211.53285,211.32477
SPY,2017-08-25,212.02699,211.87961
SPY,2017-08-28,212.03575,211.61959
SPY,2017-08-29,212.27847,210.61387
SPY,2017-08-30,213.28415,212.07906
SPY,2017-08-31,214.56726,213.31882
SPY,2017-09-01,214.87068,214.7233
SPY,2017-09-05,213.32747,212.36513
SPY,2017-09-06,214.05574,213.47487
SPY,2017-09-07,214.02977,213.62229
SPY,2017-09-08,213.77834,213.53558
SPY,2017-09-11,216.05847,215.02677
SPY,2017-09-12,216.78671,216.24052
SPY,2017-09-13,216.89073,216.38789
SPY,2017-09-14,216.8214,216.39659
SPY,2017-09-15,217.11327,216.57308
SPY,2017-09-18,217.57504,217.19168
SPY,2017-09-19,217.79288,217.47051
SPY,2017-09-20,217.87129,216.87804
SPY,2017-09-21,217.28754,217.11328
SPY,2017-09-22,217.33109,216.96515
SPY,2017-09-25,216.88676,216.14619
SPY,2017-09-26,217.0174,216.78215
SPY,2017-09-27,217.86258,216.83447
SPY,2017-09-28,218.12402,217.4967
SPY,2017-09-29,218.89069,217.93229
SPY,2017-10-02,219.84038,218.94295
SPY,2017-10-03,220.31084,219.76193
SPY,2017-10-04,220.57224,220.04946
SPY,2017-10-05,221.87917,220.6071
SPY,2017-10-06,221.62648,221.17343
SPY,2017-10-09,221.26054,220.99916
SPY,2017-10-10,221.84431,221.2867
SPY,2017-10-11,222.19281,221.58292
SPY,2017-10-12,221.86174,221.62649
SPY,2017-10-13,222.13179,221.8617
SPY,2017-10-16,222.42801,222.01852
SPY,2017-10-17,222.58487,222.15794
SPY,2017-10-18,222.80267,222.61099
SPY,2017-10-19,222.86366,221.60904
SPY,2017-10-20,224.01375,222.84625
SPY,2017-10-23,223.14247,223.06406
SPY,2017-10-24,223.53465,223.17743
SPY,2017-10-25,222.42801,221.30407
SPY,2017-10-26,222.71558,222.5936
SPY,2017-10-27,224.5365,222.72426
SPY,2017-10-30,223.70015,223.40392
SPY,2017-10-31,224.04868,223.75244
SPY,2017-11-01,224.34482,223.9789
SPY,2017-11-02,224.43199,223.21221
SPY,2017-11-03,225.18126,224.17927
SPY,2017-11-06,225.52979,224.98088
SPY,2017-11-07,225.37299,224.86763
SPY,2017-11-08,225.75635,224.91993
SPY,2017-11-09,224.93738,223.36034
SPY,2017-11-10,224.86766,224.24034
SPY,2017-11-13,225.07674,224.15319
SPY,2017-11-14,224.55397,223.49971
SPY,2017-11-15,223.43004,222.72431
SPY,2017-11-16,225.32944,224.32747
SPY,2017-11-17,224.66725,224.58884
SPY,2017-11-20,225.05061,224.66725
SPY,2017-11-21,226.52307,225.01578
SPY,2017-11-22,226.32266,226.15712
SPY,2017-11-24,226.8454,226.67116
SPY,2017-11-27,226.73215,226.53174
SPY,2017-11-28,229.03235,227.09811
SPY,2017-11-29,228.89288,228.44855
SPY,2017-11-30,230.89682,229.72931
SPY,2017-12-01,230.41768,227.19397
SPY,2017-12-04,230.13885,230.08655
SPY,2017-12-05,229.31113,229.18044
SPY,2017-12-06,229.35469,228.89292
SPY,2017-12-07,230.07794,229.0934
SPY,2017-12-08,231.33244,230.04295
SPY,2017-12-11,232.02957,231.30642
SPY,2017-12-12,232.43901,232.06437
SPY,2017-12-13,232.41292,232.32579
SPY,2017-12-14,231.46321,231.41094
SPY,2017-12-15,233.39067,232.40986
SPY,2017-12-18,234.87071,234.67805
SPY,2017-12-19,233.96866,233.89859
SPY,2017-12-20,233.8461,233.54835
SPY,2017-12-21,234.32771,234.08251
SPY,2017-12-22,234.26645,233.73224
SPY,2017-12-26,233.98611,233.72341
SPY,2017-12-27,234.10007,233.82859
SPY,2017-12-28,234.58163,234.21384
SPY,2017-12-29,233.69717,233.50454
SPY,2018-01-02,235.36986,234.17011
SPY,2018-01-03,236.85863,235.53627
SPY,2018-01-04,237.85684,236.91983
SPY,2018-01-05,239.44196,238.15463
SPY,2018-01-08,239.87988,239.05669
SPY,2018-01-09,240.42281,240.01995
SPY,2018-01-10,240.05507,239.00421
SPY,2018-01-11,241.8064,240.44026
SPY,2018-01-12,243.3828,241.77143
SPY,2018-01-16,242.55083,241.85899
SPY,2018-01-17,244.86267,242.55076
SPY,2018-01-18,244.45117,243.96074
SPY,2018-01-19,245.56335,244.45119
SPY,2018-01-22,247.56006,245.30066
SPY,2018-01-23,248.08533,247.27964
SPY,2018-01-24,247.98907,246.8156
SPY,2018-01-25,248.09406,247.3059
SPY,2018-01-26,250.96664,248.67224
SPY,2018-01-29,249.3027,249.14508
SPY,2018-01-30,246.74559,246.27269
SPY,2018-01-31,246.86819,245.7998
SPY,2018-02-01,246.58791,245.79975
SPY,2018-02-02,241.21964,241.1846
SPY,2018-02-05,231.13129,230.58834
SPY,2018-02-06,235.68506,226.55121
SPY,2018-02-07,234.40651,234.32767
SPY,2018-02-08,225.61415,225.57911
SPY,2018-02-09,229.00319,221.48943
SPY,2018-02-12,232.36606,229.14338
SPY,2018-02-13,232.94411,230.58839
SPY,2018-02-14,236.08792,231.4553
SPY,2018-02-15,239.10042,235.3698
SPY,2018-02-16,239.17046,238.43485
SPY,2018-02-20,237.67303,236.88488
SPY,2018-02-21,236.49071,236.39439
SPY,2018-02-22,236.79729,236.13175
SPY,2018-02-23,240.57164,237.54162
SPY,2018-02-26,243.3653,241.05338
SPY,2018-02-27,240.32642,240.26511
SPY,2018-02-28,237.89198,237.57673
SPY,2018-03-01,234.43274,232.94399
SPY,2018-03-02,235.64128,231.91069
SPY,2018-03-05,238.36484,234.35398
SPY,2018-03-06,238.96907,237.48032
SPY,2018-03-07,238.88148,236.62211
SPY,2018-03-08,240.03748,238.56626
SPY,2018-03-09,244.21472,241.1234
SPY,2018-03-12,243.90819,243.52286
SPY,2018-03-13,242.33189,241.72764
SPY,2018-03-14,241.0883,240.53662
SPY,2018-03-15,240.82565,240.32648
SPY,2018-03-16,241.08682,241.03407
SPY,2018-03-19,237.82474,236.18057
SPY,2018-03-20,238.22925,237.55222
SPY,2018-03-21,237.77202,237.56101
SPY,2018-03-22,231.8284,231.55581
SPY,2018-03-23,226.88708,226.69365
SPY,2018-03-26,233.09445,228.08282
SPY,2018-03-27,229.12917,227.5817
SPY,2018-03-28,228.45213,227.35309
SPY,2018-03-29,231.37123,228.46096
SPY,2018-04-02,226.37715,223.91529
SPY,2018-04-03,229.27858,225.82319
SPY,2018-04-04,231.73172,225.61224
SPY,2018-04-05,233.56046,232.39986
SPY,2018-04-06,228.35539,226.8431
SPY,2018-04-09,229.4808,228.54882
SPY,2018-04-10,233.12964,231.22171
SPY,2018-04-11,231.90752,231.5822
SPY,2018-04-12,233.81546,233.05053
SPY,2018-04-13,233.12964,232.12732
SPY,2018-04-16,235.04639,233.93857
SPY,2018-04-17,237.56097,236.29487
SPY,2018-04-18,237.73685,237.27963
SPY,2018-04-19,236.41803,235.38931
SPY,2018-04-20,234.41338,233.53414
SPY,2018-04-23,234.37819,233.30552
SPY,2018-04-24,231.22173,229.72701
SPY,2018-04-25,231.79321,229.34894
SPY,2018-04-26,234.14963,232.37358
SPY,2018-04-27,234.36937,233.43738
SPY,2018-04-30,232.567,232.49665
SPY,2018-05-01,232.98018,230.45675
SPY,2018-05-02,231.41515,231.02828
SPY,2018-05-03,230.90518,227.7663
SPY,2018-05-04,233.89461,229.61273
SPY,2018-05-07,234.68594,233.97374
SPY,2018-05-08,234.68594,233.12968
SPY,2018-05-09,236.95441,234.83544
SPY,2018-05-10,239.17001,237.5874
SPY,2018-05-11,239.89981,238.78316
SPY,2018-05-14,240.01404,239.46889
SPY,2018-05-15,238.36111,237.42032
SPY,2018-05-16,239.36345,238.36991
SPY,2018-05-17,239.16125,238.38752
SPY,2018-05-18,238.56331,238.21162
SPY,2018-05-21,240.35704,239.65366
SPY,2018-05-22,239.68883,239.36351
SPY,2018-05-23,240.34814,238.26436
SPY,2018-05-24,239.8558,238.07976
SPY,2018-05-25,239.28436,238.78319
SPY,2018-05-29,236.53229,235.42447
SPY,2018-05-30,239.68883,237.76332
SPY,2018-05-31,238.22041,237.62254
SPY,2018-06-01,240.5592,239.44256
SPY,2018-06-04,241.70226,241.13956
SPY,2018-06-05,241.87807,241.06916
SPY,2018-06-06,243.9003,241.86926
SPY,2018-06-07,243.8739,242.96829
SPY,2018-06-08,244.59488,243.24965
SPY,2018-06-11,244.92024,244.70043
SPY,2018-06-12,245.23671,244.59486
SPY,2018-06-13,244.45427,244.25204
SPY,2018-06-14,245.06973,244.48063
SPY,2018-06-15,244.75697,243.18491
SPY,2018-06-18,244.25363,242.83172
SPY,2018-06-19,243.31743,241.57755
SPY,2018-06-20,243.73262,243.39701
SPY,2018-06-21,242.20462,241.71004
SPY,2018-06-22,242.64624,242.42544
SPY,2018-06-25,239.34317,237.66512
SPY,2018-06-26,239.87308,239.1577
SPY,2018-06-27,237.88591,237.73576
SPY,2018-06-28,239.24602,237.12635
SPY,2018-06-29,239.59044,239.47562
SPY,2018-07-02,240.10265,237.78871
SPY,2018-07-03,239.25488,238.83097
SPY,2018-07-05,241.2067,239.30785
SPY,2018-07-06,243.24683,240.85338
SPY,2018-07-09,245.43718,244.20073
SPY,2018-07-10,246.32027,245.59605
SPY,2018-07-11,244.51857,244.21829
SPY,2018-07-12,246.73535,245.17212
SPY,2018-07-13,246.9296,246.10824
SPY,2018-07-16,246.70885,246.26725
SPY,2018-07-17,247.70697,245.88761
SPY,2018-07-18,248.22794,247.34475
SPY,2018-07-19,247.29181,246.81488
SPY,2018-07-20,247.00919,246.85022
SPY,2018-07-23,247.46843,246.46159
SPY,2018-07-24,248.71368,247.84818
SPY,2018-07-25,250.83337,248.42227
SPY,2018-07-26,250.24165,250.02086
SPY,2018-07-27,248.54599,247.62747
SPY,2018-07-30,247.24763,246.72653
SPY,2018-07-31,248.46649,247.62748
SPY,2018-08-01,248.05133,247.40662
SPY,2018-08-02,249.40266,246.54997
SPY,2018-08-03,250.47125,249.34959
SPY,2018-08-06,251.38976,250.11797
SPY,2018-08-07,252.21989,251.91961
SPY,2018-08-08,252.11397,251.65472
SPY,2018-08-09,251.76952,251.63704
SPY,2018-08-10,250.08257,249.376
SPY,2018-08-13,249.14642,248.85496
SPY,2018-08-14,250.73631,249.4822
SPY,2018-08-15,248.86395,247.4332
SPY,2018-08-16,250.87758,250.25934
SPY,2018-08-17,251.76064,250.26805
SPY,2018-08-20,252.29947,251.76071
SPY,2018-08-21,252.89116,252.33475
SPY,2018-08-22,252.74104,252.21994
SPY,2018-08-23,252.40543,252.08747
SPY,2018-08-24,253.92458,252.92657
SPY,2018-08-27,255.92937,254.95786
SPY,2018-08-28,256.05292,255.59364
SPY,2018-08-29,257.43079,256.02653
SPY,2018-08-30,256.3887,255.79698
SPY,2018-08-31,256.39743,255.49659
SPY,2018-09-04,255.95584,254.95784
SPY,2018-09-05,255.267,254.26018
SPY,2018-09-06,254.49864,253.47414
SPY,2018-09-07,254.0041,253.21806
SPY,2018-09-10,254.44562,254.25132
SPY,2018-09-11,255.28467,253.4565
SPY,2018-09-12,255.34647,254.56045
SPY,2018-09-13,256.85666,256.12363
SPY,2018-09-14,256.90085,256.12364
SPY,2018-09-17,255.54082,255.26703
SPY,2018-09-18,256.92737,255.72622
SPY,2018-09-19,257.20108,256.85663
SPY,2018-09-20,259.28549,257.21884
SPY,2018-09-21,259.04861,258.88893
SPY,2018-09-24,258.18793,257.61126
SPY,2018-09-25,257.94849,257.70896
SPY,2018-09-26,257.17657,256.7596
SPY,2018-09-27,257.89529,257.37186
SPY,2018-09-28,257.92188,257.23875
SPY,2018-10-01,258.81796,258.15258
SPY,2018-10-02,258.66718,258.29457
SPY,2018-10-03,258.80908,258.45421
SPY,2018-10-04,256.78625,255.20707
SPY,2018-10-05,255.34906,253.92956
SPY,2018-10-08,255.34906,253.29079
SPY,2018-10-09,254.97644,254.41751
SPY,2018-10-10,246.90302,246.53041
SPY,2018-10-11,241.46458,239.85876
SPY,2018-10-12,244.81819,241.64206
SPY,2018-10-15,243.44301,243.35428
SPY,2018-10-16,248.7661,244.92461
SPY,2018-10-17,248.81055,246.24657
SPY,2018-10-18,245.21739,243.94873
SPY,2018-10-19,245.08432,244.39232
SPY,2018-10-22,243.98418,243.45186
SPY,2018-10-23,242.74219,238.30627
SPY,2018-10-24,235.38745,234.8374
SPY,2018-10-25,239.61038,236.19475
SPY,2018-10-26,235.3963,232.69928
SPY,2018-10-29,234.0921,230.53452
SPY,2018-10-30,237.56091,233.43552
SPY,2018-10-31,240.09837,239.6459
SPY,2018-11-01,242.65343,239.87654
SPY,2018-11-02,241.21622,239.17568
SPY,2018-11-05,242.54692,240.73706
SPY,2018-11-06,244.08171,242.42268
SPY,2018-11-07,249.30731,245.82066
SPY,2018-11-08,248.85483,247.71923
SPY,2018-11-09,246.42393,245.02217
SPY,2018-11-12,241.81943,241.30485
SPY,2018-11-13,241.36703,240.64842
SPY,2018-11-14,239.71684,238.16427
SPY,2018-11-15,242.21869,236.88674
SPY,2018-11-16,242.84862,240.6129
SPY,2018-11-19,238.741,237.8272
SPY,2018-11-20,234.32277,233.4622
SPY,2018-11-21,235.1212,235.11235
SPY,2018-11-23,233.5509,233.39122
SPY,2018-11-26,237.32147,235.40515
SPY,2018-11-27,238.11993,235.68906
SPY,2018-11-28,243.60269,238.0578
SPY,2018-11-29,243.0704,241.69525
SPY,2018-11-30,244.55202,242.60023
SPY,2018-12-03,247.7903,246.20226
SPY,2018-12-04,239.76117,239.45065
SPY,2018-12-06,239.39749,232.83234
SPY,2018-12-07,233.83485,233.0009
SPY,2018-12-10,234.27841,229.44325
SPY,2018-12-11,234.33165,232.8678
SPY,2018-12-12,235.51155,235.43171
SPY,2018-12-13,235.43173,234.32275
SPY,2018-12-14,231.08455,230.5345
SPY,2018-12-17,226.55103,224.92748
SPY,2018-12-18,226.30263,224.7057
SPY,2018-12-19,222.91362,221.21911
SPY,2018-12-20,219.28502,217.04931
SPY,2018-12-21,214.79199,214.14949
SPY,2018-12-24,209.11653,209.05407
SPY,2018-12-26,219.6821,208.59894
SPY,2018-12-27,221.36868,213.23925
SPY,2018-12-28,221.08316,219.92308
SPY,2018-12-31,223.01958,220.83329
SPY,2019-01-02,223.25159,219.47689
SPY,2019-01-03,217.92418,217.44229
SPY,2019-01-04,225.22374,220.5656
SPY,2019-01-07,226.99953,224.59907
SPY,2019-01-08,229.1322,226.66036
SPY,2019-01-09,230.20312,228.61472
SPY,2019-01-10,231.01515,227.99896
SPY,2019-01-11,231.10437,229.36425
SPY,2019-01-14,229.69443,228.811
SPY,2019-01-15,232.32695,230.06034
SPY,2019-01-16,232.8891,232.55
SPY,2019-01-17,234.65596,231.97887
SPY,2019-01-18,237.77917,234.6916
SPY,2019-01-22,234.56676,232.96051
SPY,2019-01-23,235.05756,232.60356
SPY,2019-01-24,235.18246,233.87069
SPY,2019-01-25,237.17249,235.28068
SPY,2019-01-28,235.36993,233.61198
SPY,2019-01-29,235.05756,234.22766
SPY,2019-01-30,238.77872,235.80716
SPY,2019-01-31,240.87569,238.502
SPY,2019-02-01,240.99179,240.20651
SPY,2019-02-04,242.68727,240.36712
SPY,2019-02-05,243.70456,242.61587
SPY,2019-02-06,243.38327,242.65155
SPY,2019-02-07,241.06313,239.41225
SPY,2019-02-08,241.35759,239.00174
SPY,2019-02-11,241.49152,240.96502
SPY,2019-02-12,244.59689,243.02632
SPY,2019-02-13,245.39102,245.00731
SPY,2019-02-14,244.84679,243.49931
SPY,2019-02-15,247.51492,246.4084
SPY,2019-02-19,247.94325,246.71179
SPY,2019-02-20,248.44301,247.40786
SPY,2019-02-21,247.55963,246.6048
SPY,2019-02-22,249.09438,247.54164
SPY,2019-02-25,249.43356,249.35325
SPY,2019-02-26,249.25508,248.88028
SPY,2019-02-27,249.14801,247.61314
SPY,2019-02-28,248.68393,248.36269
SPY,2019-03-01,250.23668,248.80889
SPY,2019-03-04,249.32646,247.04201
SPY,2019-03-05,248.98732,248.44299
SPY,2019-03-06,247.47922,247.15798
SPY,2019-03-07,245.40895,244.57013
SPY,2019-03-08,244.91814,243.09773
SPY,2019-03-11,248.46983,245.60535
SPY,2019-03-12,249.40675,248.83565
SPY,2019-03-13,251.05769,250.12963
SPY,2019-03-14,250.89702,250.45977
SPY,2019-03-15,252.1366,251.25822
SPY,2019-03-18,253.0508,252.12761
SPY,2019-03-19,253.11354,252.22622
SPY,2019-03-20,252.35172,251.24929
SPY,2019-03-21,255.2019,251.49123
SPY,2019-03-22,250.29013,250.22738
SPY,2019-03-25,250.10197,248.84717
SPY,2019-03-26,251.96625,250.56803
SPY,2019-03-27,250.64876,249.10713
SPY,2019-03-28,251.59877,250.12886
SPY,2019-03-29,253.1853,251.98427
SPY,2019-04-01,256.18774,254.90605
SPY,2019-04-02,256.31339,255.52464
SPY,2019-04-03,256.71664,256.11612
SPY,2019-04-04,257.3978,256.34915
SPY,2019-04-05,258.64374,257.77433
SPY,2019-04-08,258.84088,257.56813
SPY,2019-04-09,257.51434,256.96762
SPY,2019-04-10,258.39267,257.51429
SPY,2019-04-11,258.32095,257.75628
SPY,2019-04-12,260.06879,258.36583
SPY,2019-04-15,259.89847,259.10075
SPY,2019-04-16,260.06879,259.47723
SPY,2019-04-17,259.43243,259.02012
SPY,2019-04-18,259.94327,258.72432
SPY,2019-04-22,260.16742,259.09188
SPY,2019-04-23,262.50665,260.30178
SPY,2019-04-24,261.92413,261.78072
SPY,2019-04-25,261.7627,260.57961
SPY,2019-04-26,262.98178,261.03681
SPY,2019-04-29,263.39407,262.98179
SPY,2019-04-30,263.52847,261.64628
SPY,2019-05-01,261.54773,261.53876
SPY,2019-05-02,260.98303,259.49518
SPY,2019-05-03,263.53745,261.09055
SPY,2019-05-06,262.45291,258.93943
SPY,2019-05-07,258.07016,256.17002
SPY,2019-05-08,257.71152,257.11996
SPY,2019-05-09,256.93182,253.92026
SPY,2019-05-10,258.22241,253.02389
SPY,2019-05-13,251.73331,250.89976
SPY,2019-05-14,254.00978,252.62054
SPY,2019-05-15,255.49765,252.18135
SPY,2019-05-16,257.86395,256.12514
SPY,2019-05-17,256.19681,255.55147
SPY,2019-05-20,254.50276,253.75882
SPY,2019-05-21,256.79733,255.93687
SPY,2019-05-22,256.00858,255.53354
SPY,2019-05-23,252.88063,251.47344
SPY,2019-05-24,253.45419,252.83575
SPY,2019-05-28,251.09686,251.07895
SPY,2019-05-29,249.41183,248.01362
SPY,2019-05-30,250.093,248.99952
SPY,2019-05-31,246.72296,246.69607
SPY,2019-06-03,246.09555,244.76903
SPY,2019-06-04,251.43747,247.93296
SPY,2019-06-05,253.61549,251.24929
SPY,2019-06-06,255.26468,253.26596
SPY,2019-06-07,257.81909,256.10717
SPY,2019-06-10,259.00211,258.91247
SPY,2019-06-11,258.93942,258.29409
SPY,2019-06-12,258.48239,257.9715
SPY,2019-06-13,259.54898,258.68855
SPY,2019-06-14,259.26218,258.50032
SPY,2019-06-17,259.36075,259.19045
SPY,2019-06-18,262.07654,260.81276
SPY,2019-06-19,262.66809,261.24299
SPY,2019-06-20,265.17761,262.73075
SPY,2019-06-21,264.79214,264.576
SPY,2019-06-24,264.46799,264.31486
SPY,2019-06-25,261.87411,261.76604
SPY,2019-06-26,261.61288,261.50481
SPY,2019-06-27,262.54071,261.99132
SPY,2019-06-28,263.89154,262.9999
SPY,2019-07-01,266.28726,265.08938
SPY,2019-07-02,266.98087,265.40472
SPY,2019-07-03,269.11533,267.51216
SPY,2019-07-05,268.80902,266.60244
SPY,2019-07-08,267.33209,266.79169
SPY,2019-07-09,267.66528,266.12517
SPY,2019-07-10,268.94421,268.19668
SPY,2019-07-11,269.57471,268.57499
SPY,2019-07-12,270.78152,269.75479
SPY,2019-07-15,270.87167,270.36731
SPY,2019-07-16,269.99805,269.69183
SPY,2019-07-17,268.16061,268.16061
SPY,2019-07-18,269.1424,267.22403
SPY,2019-07-19,267.64725,267.47612
SPY,2019-07-22,268.30475,267.5302
SPY,2019-07-23,270.22311,268.59293
SPY,2019-07-24,271.49304,269.3765
SPY,2019-07-25,270.19611,269.39451
SPY,2019-07-26,272.00653,270.75461
SPY,2019-07-29,271.51105,270.96166
SPY,2019-07-30,270.84464,269.73682
SPY,2019-07-31,267.8815,265.87306
SPY,2019-08-01,265.54871,264.75613
SPY,2019-08-02,263.54932,262.00019
SPY,2019-08-05,255.62349,253.73211
SPY,2019-08-06,259.20807,256.03778
SPY,2019-08-07,259.36118,254.02031
SPY,2019-08-08,264.44995,260.29795
SPY,2019-08-09,262.64859,260.8743
SPY,2019-08-12,259.45132,258.50562
SPY,2019-08-13,263.48627,258.81187
SPY,2019-08-14,255.69563,255.56956
SPY,2019-08-15,256.37115,254.3357
SPY,2019-08-16,260.15384,256.42512
SPY,2019-08-19,263.28815,262.48658
SPY,2019-08-20,261.27063,261.14455
SPY,2019-08-21,263.39627,262.73878
SPY,2019-08-22,263.31506,261.54979
SPY,2019-08-23,256.55124,255.30833
SPY,2019-08-26,259.38824,257.20865
SPY,2019-08-27,258.37054,257.614
SPY,2019-08-28,260.18982,256.91143
SPY,2019-08-29,263.51331,261.73902
SPY,2019-08-30,263.39627,262.4686
SPY,2019-09-03,261.85602,260.53206
SPY,2019-09-04,264.82822,263.27008
SPY,2019-09-05,268.23273,264.79222
SPY,2019-09-06,268.43985,267.87246
SPY,2019-09-09,268.57492,267.63823
SPY,2019-09-10,268.51187,266.56646
SPY,2019-09-11,270.4213,268.16966
SPY,2019-09-12,271.35797,270.56539
SPY,2019-09-13,271.1778,270.80852
SPY,2019-09-16,270.34021,269.70075
SPY,2019-09-17,271.02466,269.97088
SPY,2019-09-18,271.18683,268.61094
SPY,2019-09-19,271.16879,270.83556
SPY,2019-09-20,269.88754,269.10036
SPY,2019-09-23,269.82425,268.97372
SPY,2019-09-24,267.707,266.7479
SPY,2019-09-25,269.29041,266.31356
SPY,2019-09-26,268.72943,267.32698
SPY,2019-09-27,267.28171,265.73449
SPY,2019-09-30,268.52127,267.7522
SPY,2019-10-01,265.32733,265.11019
SPY,2019-10-02,260.64035,259.35553
SPY,2019-10-03,262.77573,257.70877
SPY,2019-10-04,266.3317,263.37294
SPY,2019-10-07,265.18253,264.90204
SPY,2019-10-08,261.06573,261.02953
SPY,2019-10-09,263.54489,262.45008
SPY,2019-10-10,265.32733,263.30056
SPY,2019-10-11,268.078,267.95134
SPY,2019-10-14,267.7793,267.43546
SPY,2019-10-15,270.43054,268.70235
SPY,2019-10-16,269.99615,269.56186
SPY,2019-10-17,270.79242,270.10475
SPY,2019-10-18,269.60712,268.75659
SPY,2019-10-21,271.43491,270.48486
SPY,2019-10-22,270.54803,270.45755
SPY,2019-10-23,271.33527,270.08662
SPY,2019-10-24,271.77869,270.9553
SPY,2019-10-25,272.89154,271.15429
SPY,2019-10-28,274.42975,274.07689
SPY,2019-10-29,274.34827,274.03158
SPY,2019-10-30,275.18979,273.24442
SPY,2019-10-31,274.45688,273.0092
SPY,2019-11-01,276.99951,275.73275
SPY,2019-11-04,278.11237,277.74139
SPY,2019-11-05,277.80472,277.51517
SPY,2019-11-06,277.86807,276.92706
SPY,2019-11-07,278.84521,278.37472
SPY,2019-11-08,279.5329,277.8047
SPY,2019-11-11,278.99905,278.02184
SPY,2019-11-12,279.58731,278.81821
SPY,2019-11-13,279.67764,278.37471
SPY,2019-11-14,280.08484,278.76382
SPY,2019-11-15,282.11163,280.72727
SPY,2019-11-18,282.31967,281.42392
SPY,2019-11-19,282.23828,281.59587
SPY,2019-11-20,281.18866,279.64144
SPY,2019-11-21,280.7363,279.94009
SPY,2019-11-22,281.36066,280.35633
SPY,2019-11-25,283.54123,282.28355
SPY,2019-11-26,284.18365,283.26076
SPY,2019-11-27,285.45044,284.44608
SPY,2019-11-29,284.39175,284.16555
SPY,2019-12-02,281.9758,281.55054
SPY,2019-12-03,280.08484,277.89521
SPY,2019-12-04,281.81305,280.78158
SPY,2019-12-05,282.31967,281.01674
SPY,2019-12-06,284.89847,284.2108
SPY,2019-12-09,284.00272,283.93032
SPY,2019-12-10,283.686,283.03454
SPY,2019-12-11,284.49133,283.60461
SPY,2019-12-12,286.94339,284.26515
SPY,2019-12-13,287.11526,285.93899
SPY,2019-12-16,289.08774,287.05191
SPY,2019-12-17,289.15106,289.06963
SPY,2019-12-18,289.16913,289.11484
SPY,2019-12-19,290.35452,289.10588
SPY,2019-12-20,291.62744,290.40903
SPY,2019-12-23,292.07303,291.92754
SPY,2019-12-24,292.08209,291.78202
SPY,2019-12-26,293.63693,292.4549
SPY,2019-12-27,293.56415,293.03679
SPY,2019-12-30,291.94565,291.46374
SPY,2019-12-31,292.65494,291.10011
SPY,2020-01-02,295.39178,293.26412
SPY,2020-01-03,293.15503,291.9639
SPY,2020-01-06,294.27338,291.29097
SPY,2020-01-07,293.44589,293.00034
SPY,2020-01-08,295.00986,293.39137
SPY,2020-01-09,297.01022,295.98275
SPY,2020-01-10,296.15552,295.69181
SPY,2020-01-13,298.19232,296.34652
SPY,2020-01-14,297.73764,297.18298
SPY,2020-01-15,298.41046,297.56486
SPY,2020-01-16,300.89288,299.55627
SPY,2020-01-17,301.82938,300.82918
SPY,2020-01-21,301.23828,300.80185
SPY,2020-01-22,301.27469,301.12013
SPY,2020-01-23,301.62021,299.51982
SPY,2020-01-24,298.93787,297.6558
SPY,2020-01-27,294.14606,293.38228
SPY,2020-01-28,297.22855,294.23707
SPY,2020-01-29,296.983,296.78296
SPY,2020-01-30,297.94675,294.18242
SPY,2020-01-31,292.53668,291.62742
SPY,2020-02-03,294.7099,293.89157
SPY,2020-02-04,299.20157,297.98316
SPY,2020-02-05,302.6568,300.66554
SPY,2020-02-06,303.6752,302.60225
SPY,2020-02-07,302.05667,301.51111
SPY,2020-02-10,304.31168,301.13836
SPY,2020-02-11,304.83899,304.3116
SPY,2020-02-12,306.80304,305.90285
SPY,2020-02-13,306.47568,305.11179
SPY,2020-02-14,306.96667,305.69371
SPY,2020-02-18,306.1756,304.7935
SPY,2020-02-19,307.6395,306.85754
SPY,2020-02-20,306.37561,303.40231
SPY,2020-02-21,303.22055,302.40219
SPY,2020-02-24,293.16406,292.09111
SPY,2020-02-25,284.28064,283.40776
SPY,2020-02-26,283.23495,282.50756
SPY,2020-02-27,270.5144,270.5144
SPY,2020-02-28,269.37784,259.63055
SPY,2020-03-02,281.04358,267.74108
SPY,2020-03-03,272.99664,270.56893
SPY,2020-03-04,284.4715,275.80624
SPY,2020-03-05,275.01532,272.78765
SPY,2020-03-06,270.46899,263.89505
SPY,2020-03-09,249.34679,248.63756
SPY,2020-03-10,262.24918,248.68298
SPY,2020-03-11,249.46497,246.30075
SPY,2020-03-12,225.59685,225.20586
SPY,2020-03-13,244.88229,225.96965
SPY,2020-03-16,218.08636,215.8223
SPY,2020-03-17,229.86133,215.55865
SPY,2020-03-18,218.22276,207.32981
SPY,2020-03-19,218.68645,211.14868
SPY,2020-03-20,209.26234,208.98796
SPY,2020-03-23,203.91191,199.6224
SPY,2020-03-24,222.38695,213.83537
SPY,2020-03-25,225.71617,219.27734
SPY,2020-03-26,238.89568,227.78318
SPY,2020-03-27,231.77998,229.61237
SPY,2020-03-30,239.30721,231.88059
SPY,2020-03-31,235.74028,234.34093
SPY,2020-04-01,225.13077,223.0729
SPY,2020-04-02,230.32581,223.70404
SPY,2020-04-03,226.99663,224.28024
SPY,2020-04-06,242.24312,226.97832
SPY,2020-04-07,242.49004,242.27054
SPY,2020-04-08,250.63016,242.5999
SPY,2020-04-09,254.44398,251.94709
SPY,2020-04-13,252.12091,248.23383
SPY,2020-04-14,259.5567,251.98375
SPY,2020-04-15,254.04163,251.93801
SPY,2020-04-16,255.26727,252.21248
SPY,2020-04-17,262.16333,258.28537
SPY,2020-04-20,257.54446,257.32497
SPY,2020-04-21,249.72455,248.79163
SPY,2020-04-22,255.26727,253.26428
SPY,2020-04-23,255.24887,254.94706
SPY,2020-04-24,258.80667,254.71837
SPY,2020-04-27,262.53821,260.31572
SPY,2020-04-28,261.33105,261.02922
SPY,2020-04-29,268.17239,265.6115
SPY,2020-04-30,265.67538,263.94676
SPY,2020-05-01,258.64203,257.48046
SPY,2020-05-04,259.35544,255.29458
SPY,2020-05-05,261.7518,259.48356
SPY,2020-05-06,259.97736,259.54749
SPY,2020-05-07,263.11444,262.61142
SPY,2020-05-08,267.46808,265.10837
SPY,2020-05-11,267.52292,265.12665
SPY,2020-05-12,262.1907,262.05349
SPY,2020-05-13,257.55371,255.13913
SPY,2020-05-14,260.63589,249.67888
SPY,2020-05-15,261.83408,257.31591
SPY,2020-05-18,269.80939,267.7058
SPY,2020-05-19,267.03818,267.0199
SPY,2020-05-20,271.57462,270.33076
SPY,2020-05-21,269.69968,268.61129
SPY,2020-05-22,270.21201,268.18157
SPY,2020-05-26,273.54102,270.23014
SPY,2020-05-27,277.61093,271.51964
SPY,2020-05-28,277.09885,276.43117
SPY,2020-05-29,278.33359,273.89773
SPY,2020-06-01,279.45859,277.18122
SPY,2020-06-02,281.77249,279.04698
SPY,2020-06-03,285.52243,283.47372
SPY,2020-06-04,284.77243,282.68712
SPY,2020-06-05,292.07101,290.07717
SPY,2020-06-08,295.60132,292.33616
SPY,2020-06-09,293.39713,292.08921
SPY,2020-06-10,291.75992,291.04653
SPY,2020-06-11,274.94034,274.3916
SPY,2020-06-12,278.23297,273.10203
SPY,2020-06-15,280.83041,271.40081
SPY,2020-06-16,286.23572,281.39746
SPY,2020-06-17,285.04688,284.31517
SPY,2020-06-18,285.15656,283.0804
SPY,2020-06-19,283.52692,281.58859
SPY,2020-06-22,285.34576,281.79066
SPY,2020-06-23,286.65936,286.25516
SPY,2020-06-24,279.34711,277.51904
SPY,2020-06-25,282.34186,276.76575
SPY,2020-06-26,275.6358,275.05709
SPY,2020-06-29,279.68698,274.60694
SPY,2020-06-30,283.26962,279.09905
SPY,2020-07-01,285.25391,283.92191
SPY,2020-07-02,286.82477,286.16335
SPY,2020-07-06,291.2525,289.88375
SPY,2020-07-07,288.24863,287.87198
SPY,2020-07-08,290.4534,287.25657
SPY,2020-07-09,288.79984,285.40088
SPY,2020-07-10,291.74866,287.31167
SPY,2020-07-13,289.22238,288.57016
SPY,2020-07-14,292.97049,286.61354
SPY,2020-07-15,295.66202,293.29193
SPY,2020-07-16,294.68829,293.12661
SPY,2020-07-17,295.54263,293.72373
SPY,2020-07-20,297.93103,294.53208
SPY,2020-07-21,298.56497,297.58203
SPY,2020-07-22,300.26434,298.09638
SPY,2020-07-23,296.6817,295.32214
SPY,2020-07-24,294.77103,293.27365
SPY,2020-07-27,296.92056,294.6699
SPY,2020-07-28,295.03735,294.74338
SPY,2020-07-29,298.66592,295.87327
SPY,2020-07-30,297.60034,293.63187
SPY,2020-07-31,299.95206,295.18435
SPY,2020-08-03,302.03738,301.06364
SPY,2020-08-04,303.20404,301.18304
SPY,2020-08-05,305.08713,304.23281
SPY,2020-08-06,307.12659,304.18698
SPY,2020-08-07,307.34708,305.26176
SPY,2020-08-10,308.26569,305.86804
SPY,2020-08-11,305.72107,304.99537
SPY,2020-08-12,309.98349,308.11867
SPY,2020-08-13,309.42319,308.50455
SPY,2020-08-14,309.43231,308.31158
SPY,2020-08-17,310.41525,309.4415
SPY,2020-08-18,311.08588,309.22102
SPY,2020-08-19,309.79062,309.23024
SPY,2020-08-20,310.75516,307.94414
SPY,2020-08-21,311.85751,310.08453
SPY,2020-08-24,315.01773,311.83007
SPY,2020-08-25,316.1199,314.42043
SPY,2020-08-26,319.28931,316.16596
SPY,2020-08-27,319.98749,318.33396
SPY,2020-08-28,322.05432,319.82205
SPY,2020-08-31,320.88766,320.65801
SPY,2020-09-01,323.91006,320.82344
SPY,2020-09-02,328.59503,324.67245
SPY,2020-09-03,317.28662,314.71443
SPY,2020-09-04,314.69611,307.62262
SPY,2020-09-08,306.09772,305.79458
SPY,2020-09-09,312.1423,309.22103
SPY,2020-09-10,306.72232,305.76693
SPY,2020-09-11,306.8786,304.06759
SPY,2020-09-14,310.92047,307.02548
SPY,2020-09-15,312.49142,310.92974
SPY,2020-09-16,311.25128,310.97567
SPY,2020-09-17,308.51376,305.89565
SPY,2020-09-18,304.96185,302.49007
SPY,2020-09-21,301.56775,296.73485
SPY,2020-09-22,304.63913,300.54407
SPY,2020-09-23,297.57416,297.0761
SPY,2020-09-24,298.36734,294.95478
SPY,2020-09-25,303.19107,296.65189
SPY,2020-09-28,308.22681,306.34529
SPY,2020-09-29,306.54831,305.85658
SPY,2020-09-30,308.8725,307.01864
SPY,2020-10-01,310.85544,308.98315
SPY,2020-10-02,307.90411,305.46
SPY,2020-10-05,313.36411,309.90544
SPY,2020-10-06,308.90933,308.40207
SPY,2020-10-07,314.28629,311.82371
SPY,2020-10-08,317.07181,315.30096
SPY,2020-10-09,319.90323,318.09551
SPY,2020-10-12,325.0498,321.94162
SPY,2020-10-13,322.92853,321.96932
SPY,2020-10-14,320.89938,320.17078
SPY,2020-10-15,320.50275,316.47226
SPY,2020-10-16,320.30911,320.13387
SPY,2020-10-19,315.43936,314.54472
SPY,2020-10-20,316.70285,316.02035
SPY,2020-10-21,316.10345,315.79908
SPY,2020-10-22,317.83731,314.18497
SPY,2020-10-23,318.91647,316.47236
SPY,2020-10-26,313.02301,309.54588
SPY,2020-10-27,311.94382,311.73168
SPY,2020-10-28,301.28189,300.79307
SPY,2020-10-29,304.34402,299.83391
SPY,2020-10-30,301.17117,297.53727
SPY,2020-11-02,304.54681,301.81676
SPY,2020-11-03,309.92392,304.62987
SPY,2020-11-04,316.85049,313.20736
SPY,2020-11-05,323.02991,321.75711
SPY,2020-11-06,322.95624,320.64123
SPY,2020-11-09,327.01425,326.5531
SPY,2020-11-10,326.53473,323.27897
SPY,2020-11-11,328.96042,327.47548
SPY,2020-11-12,325.76926,323.97077
SPY,2020-11-13,330.27933,327.15268
SPY,2020-11-16,334.40204,331.65354
SPY,2020-11-17,332.60352,330.50065
SPY,2020-11-18,328.60074,328.56384
SPY,2020-11-19,329.98416,326.63617
SPY,2020-11-20,327.72452,327.65075
SPY,2020-11-23,329.68896,327.30019
SPY,2020-11-24,335.0015,331.37682
SPY,2020-11-25,334.48499,333.39667
SPY,2020-11-27,335.41666,334.41131
SPY,2020-11-30,333.93167,331.26621
SPY,2020-12-01,337.58401,336.5787
SPY,2020-12-02,338.29413,335.90535
SPY,2020-12-03,338.20193,337.10438
SPY,2020-12-04,341.11646,338.69077
SPY,2020-12-07,340.41547,339.15191
SPY,2020-12-08,341.41156,339.10578
SPY,2020-12-09,338.34949,337.51941
SPY,2020-12-10,338.23886,336.11753
SPY,2020-12-11,337.84225,335.03845
SPY,2020-12-14,336.32968,336.15444
SPY,2020-12-15,340.87662,337.49175
SPY,2020-12-16,341.41156,340.21254
SPY,2020-12-17,343.32074,342.22319
SPY,2020-12-18,341.94986,339.94917
SPY,2020-12-21,340.72729,335.32732
SPY,2020-12-22,340.15302,339.03227
SPY,2020-12-23,340.45865,340.13446
SPY,2020-12-24,341.78317,340.34751
SPY,2020-12-28,344.71945,343.70058
SPY,2020-12-29,344.0618,343.47826
SPY,2020-12-30,344.55267,344.16367
SPY,2020-12-31,346.30328,343.84875
SPY,2021-01-04,341.58865,337.91147
SPY,2021-01-05,343.94128,340.90321
SPY,2021-01-06,345.99759,341.89435
SPY,2021-01-07,351.13821,348.1835
SPY,2021-01-08,353.13898,349.28581
SPY,2021-01-11,350.75851,349.86006
SPY,2021-01-12,350.83258,348.60033
SPY,2021-01-13,351.77734,349.98043
SPY,2021-01-14,350.54544,350.21201
SPY,2021-01-15,347.98898,346.1365
SPY,2021-01-19,350.72147,348.96161
SPY,2021-01-20,355.57498,352.611
SPY,2021-01-21,355.89908,354.98211
SPY,2021-01-22,354.63937,353.67607
SPY,2021-01-25,356.03809,350.54545
SPY,2021-01-26,355.48236,355.2508
SPY,2021-01-27,346.79419,344.57121
SPY,2021-01-28,349.77667,348.16502
SPY,2021-01-29,342.77432,341.10707
SPY,2021-02-01,348.47995,343.06143
SPY,2021-02-02,353.40756,348.56334
SPY,2021-02-03,353.68542,352.41648
SPY,2021-02-04,357.70532,353.79658
SPY,2021-02-05,359.11313,357.65895
SPY,2021-02-08,361.70663,359.70595
SPY,2021-02-09,361.46591,360.46558
SPY,2021-02-10,361.30835,358.91866
SPY,2021-02-11,361.89191,359.47443
SPY,2021-02-12,363.67953,361.0212
SPY,2021-02-16,363.36462,362.65143
SPY,2021-02-17,363.44803,360.6137
SPY,2021-02-18,361.90118,359.14097
SPY,2021-02-19,361.26205,360.81745
SPY,2021-02-22,358.48334,358.21472
SPY,2021-02-23,358.91864,352.15709
SPY,2021-02-24,362.87369,356.85312
SPY,2021-02-25,354.12997,352.69431
SPY,2021-02-26,352.30533,350.33246
SPY,2021-03-01,360.84521,352.4998
SPY,2021-03-02,358.02948,357.5293
SPY,2021-03-03,353.28714,353.18524
SPY,2021-03-04,348.91525,344.45076
SPY,2021-03-05,355.33417,345.15478
SPY,2021-03-08,353.56503,353.28717
SPY,2021-03-09,358.6131,356.89027
SPY,2021-03-10,360.84521,359.53924
SPY,2021-03-11,364.50394,362.84596
SPY,2021-03-12,364.99475,362.34571
SPY,2021-03-15,367.17145,363.1145
SPY,2021-03-16,366.70837,365.93958
SPY,2021-03-17,367.9588,364.29086
SPY,2021-03-18,362.60513,361.92897
SPY,2021-03-19,361.93417,359.76895
SPY,2021-03-22,364.82425,362.38955
SPY,2021-03-23,361.95276,361.17217
SPY,2021-03-24,360.11282,360.06637
SPY,2021-03-25,362.13864,356.74883
SPY,2021-03-26,367.97449,362.68691
SPY,2021-03-29,367.78864,365.02869
SPY,2021-03-30,366.81296,365.22388
SPY,2021-03-31,368.29971,367.35186
SPY,2021-04-01,372.27698,370.01885
SPY,2021-04-05,377.62027,374.85105
SPY,2021-04-06,377.39731,376.72823
SPY,2021-04-07,377.83411,376.77475
SPY,2021-04-08,379.62762,378.15008
SPY,2021-04-09,382.38751,379.38597
SPY,2021-04-12,382.52698,381.18882
SPY,2021-04-13,383.66064,382.04371
SPY,2021-04-14,382.35037,381.81138
SPY,2021-04-15,386.45776,384.43195
SPY,2021-04-16,387.74951,386.32772
SPY,2021-04-19,385.84439,384.52484
SPY,2021-04-20,383.01944,381.55117
SPY,2021-04-21,386.64368,382.26677
SPY,2021-04-22,383.1124,382.05304
SPY,2021-04-23,387.2662,383.59558
SPY,2021-04-26,388.07471,387.3313
SPY,2021-04-27,387.991,386.85728
SPY,2021-04-28,387.87952,387.41488
SPY,2021-04-29,390.35141,386.98744
SPY,2021-04-30,387.78662,386.89452
SPY,2021-05-03,388.62308,388.13056
SPY,2021-05-04,386.2254,382.55478
SPY,2021-05-05,386.34619,385.78862
SPY,2021-05-06,389.43143,384.42262
SPY,2021-05-07,392.26575,389.5151
SPY,2021-05-10,388.38132,388.26051
SPY,2021-05-11,384.91516,381.05867
SPY,2021-05-12,376.73758,375.4273
SPY,2021-05-13,381.26315,378.23371
SPY,2021-05-14,387.11755,383.95802
SPY,2021-05-17,386.13254,384.1253
SPY,2021-05-18,382.80573,382.64774
SPY,2021-05-19,381.80206,376.66317
SPY,2021-05-20,385.90948,382.55481
SPY,2021-05-21,385.59366,385.13832
SPY,2021-05-24,389.52441,387.5822
SPY,2021-05-25,388.66006,388.08392
SPY,2021-05-26,389.43143,388.21408
SPY,2021-05-27,389.63586,389.35706
SPY,2021-05-28,390.33289,390.10057
SPY,2021-06-01,389.98911,389.55234
SPY,2021-06-02,390.60233,389.6359
SPY,2021-06-03,389.15262,386.83873
SPY,2021-06-04,392.71179,389.21771
SPY,2021-06-07,392.33075,391.40147
SPY,2021-06-08,392.4144,390.59303
SPY,2021-06-09,391.82901,391.60599
SPY,2021-06-10,393.65027,391.73596
SPY,2021-06-11,394.30084,392.91623
SPY,2021-06-14,395.18372,393.17648
SPY,2021-06-15,394.45874,393.58522
SPY,2021-06-16,392.25641,390.22132
SPY,2021-06-17,392.12637,389.6638
SPY,2021-06-18,386.83636,386.63125
SPY,2021-06-21,392.37436,387.77805
SPY,2021-06-22,394.47211,391.64719
SPY,2021-06-23,393.99655,393.91265
SPY,2021-06-24,396.3273,395.87978
SPY,2021-06-25,397.7352,396.74695
SPY,2021-06-28,398.53702,397.06397
SPY,2021-06-29,398.75137,398.21995
SPY,2021-06-30,399.08698,398.26653
SPY,2021-07-01,401.2966,399.77692
SPY,2021-07-02,404.36395,401.38053
SPY,2021-07-06,403.62741,400.90507
SPY,2021-07-07,405.05386,402.30355
SPY,2021-07-08,401.75351,398.58361
SPY,2021-07-09,406.04205,401.55762
SPY,2021-07-12,407.49658,405.52941
SPY,2021-07-13,406.1073,405.84625
SPY,2021-07-14,406.71332,405.47335
SPY,2021-07-15,405.32425,403.43165
SPY,2021-07-16,402.14508,401.75352
SPY,2021-07-19,396.20618,393.40923
SPY,2021-07-20,401.88397,396.07564
SPY,2021-07-21,405.13779,401.83741
SPY,2021-07-22,405.98621,404.33602
SPY,2021-07-23,410.1629,407.22611
SPY,2021-07-26,411.16983,409.52897
SPY,2021-07-27,409.2959,406.48029
SPY,2021-07-28,409.12802,407.71091
SPY,2021-07-29,410.8248,410.04166
SPY,2021-07-30,408.82974,408.13981
SPY,2021-08-02,407.97202,407.61773
SPY,2021-08-03,411.29102,406.58283
SPY,2021-08-04,409.26794,409.03487
SPY,2021-08-05,411.85977,410.10701
SPY,2021-08-06,412.54031,411.89701
SPY,2021-08-09,412.20465,411.44015
SPY,2021-08-10,412.71747,411.97163
SPY,2021-08-11,413.74307,412.66158
SPY,2021-08-12,414.98297,412.69882
SPY,2021-08-13,415.73816,414.94569
SPY,2021-08-16,416.7171,412.8946
SPY,2021-08-17,413.98547,411.01138
SPY,2021-08-18,409.45435,409.21196
SPY,2021-08-19,410.08832,406.60147
SPY,2021-08-20,413.35153,409.94858
SPY,2021-08-23,416.98749,413.42604
SPY,2021-08-24,417.64941,417.13665
SPY,2021-08-25,418.52579,417.46293
SPY,2021-08-26,416.05524,415.962
SPY,2021-08-27,419.77509,416.801
SPY,2021-08-30,421.62112,420.20399
SPY,2021-08-31,420.99646,420.39979
SPY,2021-09-01,421.22015,420.98707
SPY,2021-09-02,422.51605,421.32269
SPY,2021-09-03,422.41364,420.98719
SPY,2021-09-07,420.90317,420.2319
SPY,2021-09-08,420.39044,418.47918
SPY,2021-09-09,418.59103,418.34862
SPY,2021-09-10,415.29065,415.16944
SPY,2021-09-13,416.35349,414.05066
SPY,2021-09-14,414.10669,413.22098
SPY,2021-09-15,417.56549,413.42601
SPY,2021-09-16,416.90359,413.96678
SPY,2021-09-17,412.8425,412.48708
SPY,2021-09-20,405.95868,401.11379
SPY,2021-09-21,405.57523,405.05146
SPY,2021-09-22,409.53159,405.68751
SPY,2021-09-23,414.50732,411.15895
SPY,2021-09-24,415.19012,412.6648
SPY,2021-09-27,414.00229,413.31015
SPY,2021-09-28,405.65939,404.92986
SPY,2021-09-29,406.34213,405.78095
SPY,2021-09-30,401.37573,401.03901
SPY,2021-10-01,406.14575,399.5893
SPY,2021-10-04,400.90805,398.77553
SPY,2021-10-05,405.07956,401.60959
SPY,2021-10-06,406.76309,399.87928
SPY,2021-10-07,410.27979,409.84955
SPY,2021-10-08,409.53159,408.90495
SPY,2021-10-11,406.56662,406.50114
SPY,2021-10-12,405.56583,404.78018
SPY,2021-10-13,407.0249,403.62042
SPY,2021-10-14,413.8714,410.205
SPY,2021-10-15,417.02325,415.35842
SPY,2021-10-18,418.25793,414.59154
SPY,2021-10-19,421.48468,419.26799
SPY,2021-10-20,423.14014,421.83072
SPY,2021-10-21,424.24384,422.11135
SPY,2021-10-22,423.80429,421.86821
SPY,2021-10-25,426.07693,423.1214
SPY,2021-10-26,426.46051,426.08639
SPY,2021-10-27,424.5712,424.49636
SPY,2021-10-28,428.66788,425.98356
SPY,2021-10-29,429.53769,426.08642
SPY,2021-11-01,430.27655,428.5556
SPY,2021-11-02,432.01614,430.31389
SPY,2021-11-03,434.65375,431.01541
SPY,2021-11-04,436.70203,434.90623
SPY,2021-11-05,438.21722,436.7114
SPY,2021-11-08,438.59143,437.90868
SPY,2021-11-09,437.14169,435.73874
SPY,2021-11-10,433.62488,432.14711
SPY,2021-11-11,433.76517,433.74647
SPY,2021-11-12,437.03879,434.08323
SPY,2021-11-15,437.18842,436.06607
SPY,2021-11-16,438.9187,436.85169
SPY,2021-11-17,437.85254,437.23524
SPY,2021-11-18,439.33963,436.16894
SPY,2021-11-19,438.55389,438.18911
SPY,2021-11-22,437.31931,437.11354
SPY,2021-11-23,437.89923,434.40121
SPY,2021-11-24,439.06839,435.09335
SPY,2021-11-26,429.27576,428.15338
SPY,2021-11-29,434.54153,431.85722
SPY,2021-11-30,426.0863,425.84312
SPY,2021-12-01,421.35373,421.15732
SPY,2021-12-02,427.80737,421.17608
SPY,2021-12-03,424.08487,419.87601
SPY,2021-12-06,429.10736,424.21572
SPY,2021-12-07,437.98346,428.97649
SPY,2021-12-08,439.14319,436.62722
SPY,2021-12-09,436.17825,435.98185
SPY,2021-12-10,440.2843,436.32799
SPY,2021-12-13,436.38406,436.10346
SPY,2021-12-14,433.38174,430.47297
SPY,2021-12-15,440.15338,430.93128
SPY,2021-12-16,436.27182,434.72855
SPY,2021-12-17,431.6286,429.92976
SPY,2021-12-20,427.03897,423.43479
SPY,2021-12-21,434.62274,428.28727
SPY,2021-12-22,438.96841,434.17221
SPY,2021-12-23,441.69971,439.86008
SPY,2021-12-27,447.95068,443.02309
SPY,2021-12-28,447.58466,446.8244
SPY,2021-12-29,448.15717,446.69297
SPY,2021-12-30,446.9183,446.45841
SPY,2021-12-31,445.79187,445.5197
SPY,2022-01-03,448.37305,444.75011
SPY,2022-01-04,448.22278,446.37376
SPY,2022-01-05,439.616,439.52213
SPY,2022-01-06,439.20316,436.84729
SPY,2022-01-07,437.46667,436.11511
SPY,2022-01-10,436.9223,428.55948
SPY,2022-01-11,440.90186,433.67471
SPY,2022-01-12,442.09387,440.14162
SPY,2022-01-13,436.00247,434.97941
SPY,2022-01-14,436.18079,431.65678
SPY,2022-01-18,428.45621,427.34868
SPY,2022-01-19,424.00729,423.7351
SPY,2022-01-20,419.31439,417.20257
SPY,2022-01-21,411.08292,411.05476
SPY,2022-01-24,412.8287,394.92045
SPY,2022-01-25,407.78854,400.91807
SPY,2022-01-26,406.7655,402.52306
SPY,2022-01-27,404.75684,403.07678
SPY,2022-01-28,414.80914,401.54688
SPY,2022-01-31,422.28027,412.80053
SPY,2022-02-01,425.13354,419.49262
SPY,2022-02-02,429.26337,425.22742
SPY,2022-02-03,419.17361,418.33826
SPY,2022-02-04,421.14459,416.57364
SPY,2022-02-07,419.79309,418.46968
SPY,2022-02-08,423.24713,417.8784
SPY,2022-02-09,429.44174,427.06711
SPY,2022-02-10,421.7265,419.7367
SPY,2022-02-11,413.41064,411.984
SPY,2022-02-14,412.05908,408.60508
SPY,2022-02-15,418.70422,415.96353
SPY,2022-02-16,419.17361,414.79979
SPY,2022-02-17,410.21945,409.61877
SPY,2022-02-18,407.5632,405.3012
SPY,2022-02-22,403.18942,399.70724
SPY,2022-02-23,396.03738,395.47423
SPY,2022-02-24,401.99744,385.42199
SPY,2022-02-25,410.8671,401.58444
SPY,2022-02-28,409.8158,404.24997
SPY,2022-03-01,403.57431,400.88054
SPY,2022-03-02,410.99847,405.06659
SPY,2022-03-03,408.95233,407.15962
SPY,2022-03-04,405.62976,401.60321
SPY,2022-03-07,393.67209,393.60638
SPY,2022-03-08,390.68744,389.62683
SPY,2022-03-09,401.16211,396.85399
SPY,2022-03-10,399.35065,394.62015
SPY,2022-03-11,394.2728,393.76595
SPY,2022-03-14,391.39136,390.25567
SPY,2022-03-15,399.99823,392.72417
SPY,2022-03-16,408.86789,398.71236
SPY,2022-03-17,413.98315,406.58707
SPY,2022-03-18,418.5174,411.64443
SPY,2022-03-21,418.39511,414.90211
SPY,2022-03-22,423.29086,419.77904
SPY,2022-03-23,417.83957,417.75484
SPY,2022-03-24,424.13821,418.74341
SPY,2022-03-25,426.20953,422.19872
SPY,2022-03-28,429.24124,423.73344
SPY,2022-03-29,434.55127,430.4369
SPY,2022-03-30,431.86798,429.76842
SPY,2022-03-31,425.22092,424.76898
SPY,2022-04-01,426.42609,422.8672
SPY,2022-04-04,430.0791,425.80469
SPY,2022-04-05,424.64664,423.50742
SPY,2022-04-06,420.40042,417.52884
SPY,2022-04-07,422.51886,417.58539
SPY,2022-04-08,421.38904,419.85438
SPY,2022-04-11,414.18658,413.68759
SPY,2022-04-12,412.65189,411.10781
SPY,2022-04-13,417.37823,412.22821
SPY,2022-04-14,412.18115,412.07757
SPY,2022-04-18,412.35062,410.12865
SPY,2022-04-19,419.00699,412.0775
SPY,2022-04-20,418.69635,417.53832
SPY,2022-04-21,412.43533,411.5315
SPY,2022-04-22,401.1185,400.55359
SPY,2022-04-25,403.44403,394.33967
SPY,2022-04-26,391.75995,391.7317
SPY,2022-04-27,392.86151,390.73373
SPY,2022-04-28,402.78491,393.17216
SPY,2022-04-29,387.89969,387.15589
SPY,2022-05-02,390.23468,381.32803
SPY,2022-05-03,392.02353,389.18017
SPY,2022-05-04,403.96179,389.5097
SPY,2022-05-05,389.60388,385.48951
SPY,2022-05-06,387.27829,381.99647
SPY,2022-05-09,374.87878,373.30646
SPY,2022-05-10,375.74493,371.72472
SPY,2022-05-11,369.77582,369.03202
SPY,2022-05-12,369.38974,362.62032
SPY,2022-05-13,378.22104,372.46843
SPY,2022-05-16,376.6864,374.34207
SPY,2022-05-17,384.43503,379.03077
SPY,2022-05-18,368.93787,367.7045
SPY,2022-05-19,366.67822,364.46568
SPY,2022-05-20,366.83829,358.28002
SPY,2022-05-23,373.70187,367.54443
SPY,2022-05-24,370.84909,364.32444
SPY,2022-05-25,374.12549,368.96606
SPY,2022-05-26,381.60107,375.14237
SPY,2022-05-27,390.96906,383.85129
SPY,2022-05-31,388.7753,386.04494
SPY,2022-06-01,385.63071,383.1263
SPY,2022-06-02,392.97449,383.22991
SPY,2022-06-03,386.52518,385.55543
SPY,2022-06-06,387.70206,386.53457
SPY,2022-06-07,391.42093,383.7665
SPY,2022-06-08,387.16541,386.37455
SPY,2022-06-09,377.95746,377.95746
SPY,2022-06-10,366.99832,366.95126
SPY,2022-06-13,353.06403,351.46346
SPY,2022-06-14,352.00018,348.91205
SPY,2022-06-15,357.0184,350.35254
SPY,2022-06-16,345.20255,342.78287
SPY,2022-06-17,345.94669,342.45755
SPY,2022-06-21,354.65536,351.57279
SPY,2022-06-22,354.01248,350.03161
SPY,2022-06-23,357.48264,352.59405
SPY,2022-06-24,368.84842,360.6125
SPY,2022-06-27,367.43954,366.35214
SPY,2022-06-28,359.9317,359.81824
SPY,2022-06-29,359.63858,357.8231
SPY,2022-06-30,356.71671,352.28197
SPY,2022-07-01,360.48959,353.45454
SPY,2022-07-05,361.17038,352.60351
SPY,2022-07-06,362.3902,358.93887
SPY,2022-07-07,367.81772,362.40905
SPY,2022-07-08,367.5152,364.66902
SPY,2022-07-11,363.31683,362.62656
SPY,2022-07-12,360.10184,358.36199
SPY,2022-07-13,358.21075,354.26774
SPY,2022-07-14,357.34076,350.84469
SPY,2022-07-15,364.16788,359.82771
SPY,2022-07-18,361.16092,359.94112
SPY,2022-07-19,370.91922,364.41371
SPY,2022-07-20,373.28311,369.74668
SPY,2022-07-21,377.08432,370.31403
SPY,2022-07-22,373.58575,371.37312
SPY,2022-07-25,374.03958,371.80802
SPY,2022-07-26,369.61444,368.7256
SPY,2022-07-27,379.21194,372.60238
SPY,2022-07-28,383.96808,376.47914
SPY,2022-07-29,389.56589,384.63
SPY,2022-08-01,388.41226,386.17126
SPY,2022-08-02,385.84973,384.67723
SPY,2022-08-03,391.892,387.68419
SPY,2022-08-04,391.62723,389.99138
SPY,2022-08-05,390.96533,387.30598
SPY,2022-08-08,390.51147,389.41461
SPY,2022-08-09,388.96072,387.89222
SPY,2022-08-10,397.1304,394.03839
SPY,2022-08-11,397.1304,396.39286
SPY,2022-08-12,403.85342,398.1138
SPY,2022-08-15,405.51761,401.59349
SPY,2022-08-16,406.31198,403.64546
SPY,2022-08-17,403.42801,401.43287
SPY,2022-08-18,404.60056,402.34063
SPY,2022-08-19,399.16345,398.29351
SPY,2022-08-22,390.8519,389.95359
SPY,2022-08-23,389.90637,389.35792
SPY,2022-08-24,391.15451,388.99861
SPY,2022-08-25,396.67661,391.5516
SPY,2022-08-26,383.24945,383.19272
SPY,2022-08-29,380.71539,379.36323
SPY,2022-08-30,376.53598,374.44628
SPY,2022-08-31,373.67084,373.53847
SPY,2022-09-01,374.84335,368.8106
SPY,2022-09-02,370.89084,369.08479
SPY,2022-09-06,369.49146,367.27882
SPY,2022-09-07,376.12936,368.96195
SPY,2022-09-08,378.58786,372.66857
SPY,2022-09-09,384.46936,380.55468
SPY,2022-09-12,388.60138,386.22799
SPY,2022-09-13,371.70401,370.58824
SPY,2022-09-14,373.12244,369.83184
SPY,2022-09-15,368.88626,367.6192
SPY,2022-09-16,366.07214,362.79651
SPY,2022-09-19,368.91092,362.86289
SPY,2022-09-20,364.67639,361.93248
SPY,2022-09-21,358.31497,358.30547
SPY,2022-09-22,355.30524,354.56466
SPY,2022-09-23,349.35214,344.92768
SPY,2022-09-26,345.89615,344.68085
SPY,2022-09-27,345.01315,342.63001
SPY,2022-09-28,351.80176,344.27258
SPY,2022-09-29,344.45297,341.51916
SPY,2022-09-30,339.12653,338.99362
SPY,2022-10-03,348.0798,341.05384
SPY,2022-10-04,358.86569,348.04191
SPY,2022-10-05,358.03012,352.20048
SPY,2022-10-06,354.33682,353.84309
SPY,2022-10-07,344.45297,342.69647
SPY,2022-10-10,341.82294,339.59174
SPY,2022-10-11,339.6582,337.73081
SPY,2022-10-12,338.53784,338.29097
SPY,2022-10-13,347.4722,330.51491
SPY,2022-10-14,339.55383,338.91768
SPY,2022-10-17,348.27924,339.22142
SPY,2022-10-18,352.37137,348.94382
SPY,2022-10-19,349.8743,347.07339
SPY,2022-10-20,346.94049,346.18091
SPY,2022-10-21,355.3717,345.16506
SPY,2022-10-24,359.72021,354.25134
SPY,2022-10-25,365.46445,359.53035
SPY,2022-10-26,362.711,362.07488
SPY,2022-10-27,360.77408,360.15691
SPY,2022-10-28,369.35718,360.48927
SPY,2022-10-31,366.68924,365.78727
SPY,2022-11-01,365.08469,363.91687
SPY,2022-11-02,355.92233,355.81791
SPY,2022-11-03,352.25751,350.14971
SPY,2022-11-04,357.32758,351.29853
SPY,2022-11-07,360.74567,356.54906
SPY,2022-11-08,362.69199,358.62832
SPY,2022-11-09,355.21985,354.72611
SPY,2022-11-10,374.74057,366.14801
SPY,2022-11-11,378.36749,373.71514
SPY,2022-11-14,375.14886,374.87351
SPY,2022-11-15,378.34857,374.55075
SPY,2022-11-16,375.46222,374.83558
SPY,2022-11-17,374.31329,370.42055
SPY,2022-11-18,376.01285,373.17399
SPY,2022-11-21,374.64563,372.81319
SPY,2022-11-22,379.68719,375.17728
SPY,2022-11-23,382.07986,379.12704
SPY,2022-11-25,381.99445,381.2444
SPY,2022-11-28,375.89893,375.13934
SPY,2022-11-29,375.2533,373.42082
SPY,2022-11-30,387.07404,373.59178
SPY,2022-12-01,386.78915,384.29208
SPY,2022-12-02,386.3429,381.814
SPY,2022-12-05,379.39294,378.04473
SPY,2022-12-06,373.92401,371.84473
SPY,2022-12-07,373.28793,372.15808
SPY,2022-12-08,376.21219,373.39231
SPY,2022-12-09,373.40186,373.27842
SPY,2022-12-12,378.78528,373.52529
SPY,2022-12-13,381.65259,378.89917
SPY,2022-12-14,379.21252,376.27871
SPY,2022-12-15,369.93634,368.2843
SPY,2022-12-16,365.56882,363.44183
SPY,2022-12-19,362.46887,360.80924
SPY,2022-12-20,362.96487,360.39911
SPY,2022-12-21,368.39215,365.01564
SPY,2022-12-22,363.13657,357.46135
SPY,2022-12-23,365.22543,360.57081
SPY,2022-12-27,363.78522,362.11604
SPY,2022-12-28,359.26413,359.03522
SPY,2022-12-29,365.73096,361.57231
SPY,2022-12-30,364.76761,360.95235
SPY,2023-01-03,363.23193,360.38001
SPY,2023-01-04,366.03619,362.44984
SPY,2023-01-05,361.85849,361.26713
SPY,2023-01-06,370.15671,361.88714
SPY,2023-01-09,369.94681,369.76561
SPY,2023-01-10,372.5412,368.43026
SPY,2023-01-11,377.25308,373.3043
SPY,2023-01-12,378.62653,374.29623
SPY,2023-01-13,380.09546,375.17377
SPY,2023-01-17,379.3992,378.722
SPY,2023-01-18,373.40924,373.20895
SPY,2023-01-19,370.69086,369.37459
SPY,2023-01-20,377.59644,370.44282
SPY,2023-01-23,382.12704,377.44381
SPY,2023-01-24,381.71692,379.27515
SPY,2023-01-25,381.86008,375.38366
SPY,2023-01-26,386.05685,381.55484
SPY,2023-01-27,386.94379,384.80725
SPY,2023-01-30,382.08893,381.79325
SPY,2023-01-31,387.70682,382.26051
SPY,2023-02-01,391.82733,383.76761
SPY,2023-02-02,397.53119,393.81131
SPY,2023-02-03,393.30579,392.10397
SPY,2023-02-06,390.90213,389.25205
SPY,2023-02-07,396.01462,388.74655
SPY,2023-02-08,391.68423,390.99749
SPY,2023-02-09,388.2887,387.06781
SPY,2023-02-10,389.19485,386.3048
SPY,2023-02-13,393.76355,389.38554
SPY,2023-02-14,393.58237,389.64311
SPY,2023-02-15,394.86057,390.55885
SPY,2023-02-16,389.42368,389.29016
SPY,2023-02-17,388.45093,385.38916
SPY,2023-02-21,380.65823,380.40071
SPY,2023-02-22,380.13364,378.68382
SPY,2023-02-23,382.1557,377.94937
SPY,2023-02-24,378.07339,375.45995
SPY,2023-02-27,379.36102,378.42627
SPY,2023-02-28,377.95892,377.85399
SPY,2023-03-01,376.50912,375.21195
SPY,2023-03-02,379.43726,374.21034
SPY,2023-03-03,385.52264,380.60095
SPY,2023-03-06,385.78973,385.35099
SPY,2023-03-07,379.87601,379.26558
SPY,2023-03-08,380.496,378.2736
SPY,2023-03-09,373.47598,372.49355
SPY,2023-03-10,368.08688,366.57032
SPY,2023-03-13,367.56229,363.06982
SPY,2023-03-14,373.63815,369.17427
SPY,2023-03-15,371.30124,365.98848
SPY,2023-03-16,377.8158,368.44935
SPY,2023-03-17,373.3981,372.01936
SPY,2023-03-20,376.98856,373.47471
SPY,2023-03-21,381.93863,378.75029
SPY,2023-03-22,375.42795,375.38967
SPY,2023-03-23,376.44287,373.74284
SPY,2023-03-24,378.91312,372.83327
SPY,2023-03-27,379.62158,378.73116
SPY,2023-03-28,378.7695,376.94076
SPY,2023-03-29,384.27478,381.71836
SPY,2023-03-30,386.52484,384.66738
SPY,2023-03-31,391.97281,387.3387
SPY,2023-04-03,393.46643,391.06321
SPY,2023-04-04,391.28342,389.91423
SPY,2023-04-05,390.25894,388.61212
SPY,2023-04-06,391.78131,388.42063
SPY,2023-04-10,392.18335,388.69823
SPY,2023-04-11,392.28876,391.5228
SPY,2023-04-12,390.6897,390.10566
SPY,2023-04-13,395.87924,390.63237
SPY,2023-04-14,394.91217,392.61428
SPY,2023-04-17,396.32916,393.60041
SPY,2023-04-18,396.58768,395.21852
SPY,2023-04-19,396.52072,394.62495
SPY,2023-04-20,394.35684,392.81532
SPY,2023-04-21,394.66321,392.71957
SPY,2023-04-24,395.07489,393.13126
SPY,2023-04-25,388.80359,388.74614
SPY,2023-04-26,387.15674,386.60143
SPY,2023-04-27,394.86432,389.43553
SPY,2023-04-28,398.23453,393.92598
SPY,2023-05-01,397.8324,397.60259
SPY,2023-05-02,393.36111,390.46961
SPY,2023-05-03,390.66101,390.42165
SPY,2023-05-04,387.89401,386.56314
SPY,2023-05-05,395.07489,391.25465
SPY,2023-05-08,395.18021,393.78233
SPY,2023-05-09,393.44727,393.21749
SPY,2023-05-10,395.28555,391.47487
SPY,2023-05-11,394.59619,392.52808
SPY,2023-05-12,394.07916,391.66638
SPY,2023-05-15,395.43875,392.77703
SPY,2023-05-16,392.7962,392.78662
SPY,2023-05-17,397.5643,393.16958
SPY,2023-05-18,401.39417,397.02817
SPY,2023-05-19,400.81012,399.59416
SPY,2023-05-22,400.97287,399.59413
SPY,2023-05-23,396.47275,396.08019
SPY,2023-05-24,393.6004,392.44189
SPY,2023-05-25,397.00903,394.86434
SPY,2023-05-26,402.15051,397.58346
SPY,2023-05-30,402.30371,400.92497
SPY,2023-05-31,400.07285,398.51219
SPY,2023-06-01,403.87393,399.05793
SPY,2023-06-02,409.71445,405.91335
SPY,2023-06-05,408.92926,408.23031
SPY,2023-06-06,409.8197,407.86648
SPY,2023-06-07,408.40268,407.9814
SPY,2023-06-08,410.87296,407.70378
SPY,2023-06-09,411.61014,410.62396
SPY,2023-06-12,415.34424,411.8687
SPY,2023-06-13,418.08258,416.13895
SPY,2023-06-14,418.58044,415.14318
SPY,2023-06-15,423.7699,417.67091
SPY,2023-06-16,422.32645,421.85556
SPY,2023-06-20,420.13531,418.06914
SPY,2023-06-21,417.9827,417.39646
SPY,2023-06-22,419.49146,416.69491
SPY,2023-06-23,416.32013,415.60899
SPY,2023-06-26,414.61911,414.37886
SPY,2023-06-27,419.16473,415.04198
SPY,2023-06-28,419.3761,417.47328
SPY,2023-06-29,421.02905,418.55927
SPY,2023-06-30,425.99753,423.91212
SPY,2023-07-03,426.48761,425.37283
SPY,2023-07-05,425.85336,424.67131
SPY,2023-07-06,422.51868,420.02004
SPY,2023-07-07,421.45184,421.21159
SPY,2023-07-10,422.51868,420.52937
SPY,2023-07-11,425.20947,422.30723
SPY,2023-07-12,428.63068,427.56397
SPY,2023-07-13,432.03262,430.0049
SPY,2023-07-14,431.76358,431.00437
SPY,2023-07-17,433.26276,431.57137
SPY,2023-07-18,436.48212,432.50351
SPY,2023-07-19,437.4527,436.40517
SPY,2023-07-20,434.55051,433.83937
SPY,2023-07-21,434.55051,434.54092
SPY,2023-07-24,436.49173,434.66578
SPY,2023-07-25,437.68344,436.17464
SPY,2023-07-26,437.7507,435.70374
SPY,2023-07-27,434.84842,433.94507
SPY,2023-07-28,439.10571,434.84841
SPY,2023-07-31,439.94183,438.26965
SPY,2023-08-01,438.68286,437.73144
SPY,2023-08-02,432.58044,431.83086
SPY,2023-08-03,431.34073,429.92804
SPY,2023-08-04,429.38983,428.87088
SPY,2023-08-07,433.13782,430.52386
SPY,2023-08-08,431.25427,427.90994
SPY,2023-08-09,428.37122,427.61201
SPY,2023-08-10,428.52493,427.36212
SPY,2023-08-11,428.27509,426.06477
SPY,2023-08-14,430.63919,427.05463
SPY,2023-08-15,425.62268,425.05566
SPY,2023-08-16,422.49945,422.39372
SPY,2023-08-17,419.28006,418.7611
SPY,2023-08-18,419.48178,416.12786
SPY,2023-08-21,422.21106,418.3478
SPY,2023-08-22,421.0675,420.51013
SPY,2023-08-23,425.75723,421.98046
SPY,2023-08-24,419.85666,419.8278
SPY,2023-08-25,422.81659,418.04036
SPY,2023-08-28,425.4978,422.81657
SPY,2023-08-29,431.64825,425.20946
SPY,2023-08-30,433.42615,431.28308
SPY,2023-08-31,432.79184,432.60924
SPY,2023-09-01,433.59912,432.14798
SPY,2023-09-05,431.72516,431.65791
SPY,2023-09-06,428.82291,426.50686
SPY,2023-09-07,427.50635,425.48822
SPY,2023-09-08,428.15015,427.19875
SPY,2023-09-11,430.96591,429.0631
SPY,2023-09-12,428.60187,428.02528
SPY,2023-09-13,429.10156,427.72729
SPY,2023-09-14,432.80142,430.26437
SPY,2023-09-15,427.58694,427.15298
SPY,2023-09-18,427.83768,426.80576
SPY,2023-09-19,426.95041,424.27903
SPY,2023-09-20,423.02533,422.82278
SPY,2023-09-21,416.03339,415.87908
SPY,2023-09-22,415.09787,414.68315
SPY,2023-09-25,416.84354,413.45848
SPY,2023-09-26,410.71954,409.89014
SPY,2023-09-27,410.88348,407.25735
SPY,2023-09-28,413.26556,409.7455
SPY,2023-09-29,412.26263,410.74852
SPY,2023-10-02,412.09863,409.35008
SPY,2023-10-03,406.58228,405.22246
SPY,2023-10-04,409.54294,405.58888
SPY,2023-10-05,409.38864,406.1772
SPY,2023-10-06,414.24924,405.62748
SPY,2023-10-09,416.90137,411.80933
SPY,2023-10-10,419.07129,417.13283
SPY,2023-10-11,420.7879,417.75967
SPY,2023-10-12,418.2226,415.87911
SPY,2023-10-13,416.13947,414.57714
SPY,2023-10-16,420.51782,418.13575
SPY,2023-10-17,420.4986,417.0557
SPY,2023-10-18,414.89542,413.81529
SPY,2023-10-19,411.24994,410.57488
SPY,2023-10-20,406.1965,406.0904
SPY,2023-10-23,405.49246,402.92715
SPY,2023-10-24,408.54962,405.76249
SPY,2023-10-25,402.68607,402.17493
SPY,2023-10-26,397.86404,396.94788
SPY,2023-10-27,396.06058,394.64291
SPY,2023-10-30,400.79581,397.54578
SPY,2023-10-31,403.31299,399.465
SPY,2023-11-01,407.6142,403.74693
SPY,2023-11-02,415.42587,411.37537
SPY,2023-11-03,419.21594,417.59575
SPY,2023-11-06,420.18036,418.2419
SPY,2023-11-07,421.37616,419.04232
SPY,2023-11-08,421.68484,419.38956
SPY,2023-11-09,418.39615,417.97181
SPY,2023-11-10,424.92514,418.3865
SPY,2023-11-13,424.52011,422.81313
SPY,2023-11-14,432.75616,430.21013
SPY,2023-11-15,433.67233,432.82365
SPY,2023-11-16,434.20276,432.16786
SPY,2023-11-17,434.74277,433.29616
SPY,2023-11-20,438.08932,434.48244
SPY,2023-11-21,437.13452,435.87116
SPY,2023-11-22,438.82217,437.73242
SPY,2023-11-24,439.09222,438.54254
SPY,2023-11-27,438.30148,437.9157
SPY,2023-11-28,438.73538,437.35629
SPY,2023-11-29,438.42679,438.03141
SPY,2023-11-30,440.15308,437.20201
SPY,2023-12-01,442.75699,438.95724
SPY,2023-12-04,440.43271,438.16636
SPY,2023-12-05,440.34595,438.67752
SPY,2023-12-06,438.5715,438.13751
SPY,2023-12-07,441.91794,440.047
SPY,2023-12-08,443.81781,440.93423
SPY,2023-12-11,445.54413,443.11385
SPY,2023-12-12,447.57898,444.20357
SPY,2023-12-13,453.75113,447.59824
SPY,2023-12-14,455.2074,452.54564
SPY,2023-12-15,454.45795,452.61816
SPY,2023-12-18,457.01428,455.00021
SPY,2023-12-19,459.79333,457.47908
SPY,2023-12-20,453.42188,452.99582
SPY,2023-12-21,457.72116,453.98346
SPY,2023-12-22,458.64099,456.7528
SPY,2023-12-26,460.57767,458.97027
SPY,2023-12-27,461.4104,459.84174
SPY,2023-12-28,461.58472,461.16835
SPY,2023-12-29,460.24844,458.30213
SPY,2024-01-02,457.67273,455.58117
SPY,2024-01-03,453.93503,453.33468
SPY,2024-01-04,452.4729,452.25018
SPY,2024-01-05,453.09265,451.64985
SPY,2024-01-08,459.56094,453.46056
SPY,2024-01-09,458.86374,456.41391
SPY,2024-01-10,461.45886,458.8541
SPY,2024-01-11,461.25549,457.2951
SPY,2024-01-12,461.57501,460.17098
SPY,2024-01-16,459.8804,458.06966
SPY,2024-01-17,457.32416,454.98083
SPY,2024-01-18,461.39099,457.44998
SPY,2024-01-19,467.14282,461.43948
SPY,2024-01-22,468.13055,467.48177
SPY,2024-01-23,469.49576,467.58821
SPY,2024-01-24,470.00897,469.51512
SPY,2024-01-25,472.56537,470.00904
SPY,2024-01-26,471.965,471.12257
SPY,2024-01-29,475.70267,471.73261
SPY,2024-01-30,475.33472,474.57941
SPY,2024-01-31,467.57852,467.55914
SPY,2024-02-01,473.6983,468.46939
SPY,2024-02-02,478.68512,473.79513
SPY,2024-02-05,476.94214,474.69568
SPY,2024-02-06,478.32684,476.45798
SPY,2024-02-07,482.31631,479.66312
SPY,2024-02-08,482.52933,481.50292
SPY,2024-02-09,485.31799,482.69385
SPY,2024-02-12,485.10501,484.38844
SPY,2024-02-13,478.42368,475.17016
SPY,2024-02-14,482.77142,478.73355
SPY,2024-02-15,486.10242,482.99411
SPY,2024-02-16,483.68155,482.94562
SPY,2024-02-20,481.01874,478.78194
SPY,2024-02-21,481.45447,477.92013
SPY,2024-02-22,491.4184,487.08035
SPY,2024-02-23,491.75735,491.03112
SPY,2024-02-26,489.95624,489.83035
SPY,2024-02-27,490.86649,488.75557
SPY,2024-02-28,490.21771,488.95889
SPY,2024-02-29,491.98004,489.33657
SPY,2024-03-01,496.59882,492.44478
SPY,2024-03-04,496.06625,495.77577
SPY,2024-03-05,491.10852,488.91046
SPY,2024-03-06,493.59708,492.30923
SPY,2024-03-07,498.49673,493.65517
SPY,2024-03-08,495.50473,494.93343
SPY,2024-03-11,495.07864,492.38674
SPY,2024-03-12,500.40439,494.67194
SPY,2024-03-13,499.61996,498.18688
SPY,2024-03-14,498.63239,495.60156
SPY,2024-03-15,495.20844,493.54748
SPY,2024-03-18,498.15158,497.74364
SPY,2024-03-19,500.9198,496.46141
SPY,2024-03-20,505.55298,500.30788
SPY,2024-03-21,507.22369,506.94197
SPY,2024-03-22,506.26205,506.02889
SPY,2024-03-25,504.8634,504.70796
SPY,2024-03-26,503.93085,503.53263
SPY,2024-03-27,508.16586,504.59141
SPY,2024-03-28,508.06873,507.78706
SPY,2024-04-01,507.18475,506.02888
SPY,2024-04-02,503.96008,501.66772
SPY,2024-04-03,504.51367,502.82358
SPY,2024-04-04,498.35553,498.05442
SPY,2024-04-05,503.56174,499.26852
SPY,2024-04-08,503.84335,503.0372
SPY,2024-04-09,504.42618,499.59868
SPY,2024-04-10,499.37546,497.40371
SPY,2024-04-11,503.14413,497.39393
SPY,2024-04-12,496.19919,494.47993
SPY,2024-04-15,489.98276,489.13768
SPY,2024-04-16,489.08908,487.80693
SPY,2024-04-17,486.19455,484.80557
SPY,2024-04-18,485.19406,484.2616
SPY,2024-04-19,480.95917,479.69643
SPY,2024-04-22,485.38843,481.22145
SPY,2024-04-23,491.14828,485.20381
SPY,2024-04-24,490.91522,488.70061
SPY,2024-04-25,489.05026,483.22234
SPY,2024-04-26,493.68344,491.19686
SPY,2024-04-29,495.43179,492.70238
SPY,2024-04-30,487.58356,487.58356
SPY,2024-05-01,486.00034,485.53409
SPY,2024-05-02,490.54608,485.22323
SPY,2024-05-03,496.62659,493.97487
SPY,2024-05-06,501.7551,498.57886
SPY,2024-05-07,502.30881,501.63859
SPY,2024-05-08,502.35736,500.36617
SPY,2024-05-09,505.25186,501.89113
SPY,2024-05-10,505.90268,504.68853
SPY,2024-05-13,505.97064,504.83421
SPY,2024-05-14,508.29205,505.63064
SPY,2024-05-15,514.58624,510.11813
SPY,2024-05-16,513.52759,513.38187
SPY,2024-05-17,514.26575,512.19683
SPY,2024-05-20,514.85828,513.99379
SPY,2024-05-21,516.12097,513.89667
SPY,2024-05-22,514.63483,512.46874
SPY,2024-05-23,510.87585,509.67137
SPY,2024-05-24,514.25604,511.76946
SPY,2024-05-28,514.61548,511.9929
SPY,2024-05-29,511.01184,510.3028
SPY,2024-05-30,507.62195,506.37869
SPY,2024-05-31,512.24548,503.49387
SPY,2024-06-03,512.66302,507.61215
SPY,2024-06-04,513.23608,509.90446
SPY,2024-06-05,519.336,513.56635
SPY,2024-06-06,519.32635,517.40316
SPY,2024-06-07,518.69501,517.26713
SPY,2024-06-10,520.29755,517.2962
SPY,2024-06-11,521.5506,516.7911
SPY,2024-06-12,525.83423,524.80463
SPY,2024-06-13,526.89294,524.11498
SPY,2024-06-14,527.21362,524.3676
SPY,2024-06-17,531.40948,526.07694
SPY,2024-06-18,532.7597,531.05017
SPY,2024-06-20,531.31244,529.54463
SPY,2024-06-21,530.60004,529.14811
SPY,2024-06-24,528.87537,528.75844
SPY,2024-06-25,530.91193,528.58297
SPY,2024-06-26,531.57458,529.15796
SPY,2024-06-27,532.4126,530.69755
SPY,2024-06-28,530.3175,529.07999
SPY,2024-07-01,531.40894,528.66097
SPY,2024-07-02,534.98505,529.76199
SPY,2024-07-03,537.3725,534.63428
SPY,2024-07-05,540.47131,537.04122
SPY,2024-07-08,541.09503,540.03285
SPY,2024-07-09,541.62109,541.32877
SPY,2024-07-10,546.98065,542.5469
SPY,2024-07-11,542.26422,541.63086
SPY,2024-07-12,545.68463,542.91721
SPY,2024-07-15,547.18536,545.33388
SPY,2024-07-16,550.43024,547.74073
SPY,2024-07-17,542.71259,542.391
SPY,2024-07-18,538.54193,536.36892
SPY,2024-07-19,534.96564,533.91321
SPY,2024-07-22,540.48108,536.94381
SPY,2024-07-23,539.6333,539.14607
SPY,2024-07-24,527.40393,526.48794
SPY,2024-07-25,524.65582,523.72038
SPY,2024-07-26,530.53192,527.65727
SPY,2024-07-29,530.84363,528.8557
SPY,2024-07-30,528.15424,524.76315
SPY,2024-07-31,536.7392,533.59173
SPY,2024-08-01,529.13837,525.6498
SPY,2024-08-02,519.28674,515.09654
SPY,2024-08-05,504.16315,497.23476
SPY,2024-08-06,508.81131,504.64062
SPY,2024-08-07,505.41043,504.81603
SPY,2024-08-08,517.09418,508.50924
SPY,2024-08-09,519.37439,515.05756
SPY,2024-08-12,519.64722,517.38648
SPY,2024-08-13,528.19312,522.58031
SPY,2024-08-14,529.85956,526.32228
SPY,2024-08-15,538.94147,534.8585
SPY,2024-08-16,540.14978,537.17771
SPY,2024-08-19,545.31445,539.71134
SPY,2024-08-20,544.42767,543.09268
SPY,2024-08-21,546.29852,540.55897
SPY,2024-08-22,542.01086,540.80255
SPY,2024-08-23,547.77002,543.05363
SPY,2024-08-26,546.46423,544.76869
SPY,2024-08-27,547.21466,544.05744
SPY,2024-08-28,544.03784,540.86111
SPY,2024-08-29,544.08655,542.94645
SPY,2024-08-30,549.28033,542.90743
SPY,2024-09-03,537.97675,535.47239
SPY,2024-09-04,536.87561,535.42368
SPY,2024-09-05,535.56982,533.12393
SPY,2024-09-06,526.55603,525.65955
SPY,2024-09-09,532.45154,528.81684
SPY,2024-09-10,534.77063,529.49886
SPY,2024-09-11,540.2569,526.16633
SPY,2024-09-12,544.80774,538.61992
SPY,2024-09-13,547.65308,545.15848
SPY,2024-09-16,548.46185,545.59696
SPY,2024-09-17,548.68597,546.46419
SPY,2024-09-18,547.05872,546.50327
SPY,2024-09-19,556.39392,553.56804
SPY,2024-09-20,555.43207,552.42153
SPY,2024-09-23,556.82001,555.28541
SPY,2024-09-24,558.41327,554.79672
SPY,2024-09-25,557.18164,556.07713
SPY,2024-09-26,559.39069,557.04486
SPY,2024-09-27,558.57941,557.5531
SPY,2024-09-30,560.81775,555.26588
SPY,2024-10-01,555.79376,553.23287
SPY,2024-10-02,556.02832,552.51933
SPY,2024-10-03,555.01184,552.73438
SPY,2024-10-04,560.05536,555.28543
SPY,2024-10-07,554.99225,553.84866
SPY,2024-10-08,560.24115,556.6833
SPY,2024-10-09,564.12152,559.63503
SPY,2024-10-10,563.13428,561.53126
SPY,2024-10-11,566.50653,562.91927
SPY,2024-10-14,571.13965,567.6306
SPY,2024-10-15,566.70203,565.48995
SPY,2024-10-16,569.16516,565.90053
SPY,2024-10-17,569.21411,569.02839
SPY,2024-10-18,571.40356,569.43889
SPY,2024-10-21,570.46521,567.50353
SPY,2024-10-22,570.16211,567.28842
SPY,2024-10-23,564.95227,561.46279
SPY,2024-10-24,566.17426,563.5645
SPY,2024-10-25,565.9787,565.04039
SPY,2024-10-28,567.72839,567.42539
SPY,2024-10-29,568.64716,565.38247
SPY,2024-10-30,566.92688,566.22309
SPY,2024-10-31,555.81335,555.61785
SPY,2024-11-01,558.15912,557.74861
SPY,2024-11-04,556.95697,555.0803
SPY,2024-11-05,563.69153,557.65094
SPY,2024-11-06,577.70801,572.18549
SPY,2024-11-07,582.17493,579.62381
SPY,2024-11-08,584.69678,582.72232
SPY,2024-11-11,585.25385,583.53354
SPY,2024-11-12,583.43579,580.96283
SPY,2024-11-13,583.7193,581.53962
SPY,2024-11-14,579.96588,579.28172
SPY,2024-11-15,572.53741,570.69003
SPY,2024-11-18,574.88324,572.13663
SPY,2024-11-19,576.98474,570.85621
SPY,2024-11-20,577.18018,571.44259
SPY,2024-11-21,580.27863,574.19896
SPY,2024-11-22,582.07715,579.7704
SPY,2024-11-25,584.05176,581.7743
SPY,2024-11-26,587.10132,584.5795
SPY,2024-11-27,585.32245,583.80742
SPY,2024-11-29,588.95844,585.85996
SPY,2024-12-02,590.0141,588.88023
SPY,2024-12-03,590.28766,588.75313
SPY,2024-12-04,593.95312,591.30429
SPY,2024-12-05,592.97559,592.62372
SPY,2024-12-06,594.09973,593.32757
SPY,2024-12-09,591.04034,590.4539
SPY,2024-12-10,589.20276,588.54789
SPY,2024-12-11,593.75763,591.84182
SPY,2024-12-12,590.69818,590.69818
SPY,2024-12-13,590.58099,589.21255
SPY,2024-12-16,593.10272,591.5584
SPY,2024-12-17,590.65912,589.29073
SPY,2024-12-18,573.05542,572.6742
SPY,2024-12-19,572.87946,572.63509
SPY,2024-12-20,579.76038,569.71762
SPY,2024-12-23,583.23206,576.33747
SPY,2024-12-24,589.71472,583.99703
SPY,2024-12-26,589.75403,586.55683
SPY,2024-12-27,583.54596,579.37784
SPY,2024-12-30,576.88672,573.15013
SPY,2024-12-31,574.78784,573.15979
SPY,2025-01-02,573.37573,569.31548
SPY,2025-01-03,580.54492,575.13126
SPY,2025-01-06,583.88916,582.16306
SPY,2025-01-07,577.28882,575.47449
SPY,2025-01-08,578.13226,573.92494
SPY,2025-01-10,569.3056,567.40298
SPY,2025-01-13,570.18835,564.26469
SPY,2025-01-14,570.9729,567.20686
SPY,2025-01-15,581.35895,577.84791
SPY,2025-01-16,580.24091,579.54456
SPY,2025-01-17,586.06647,584.13439
SPY,2025-01-21,591.43097,587.13535
SPY,2025-01-22,594.75574,593.69653
SPY,2025-01-23,598.00189,593.85341
SPY,2025-01-24,596.25616,595.10872
SPY,2025-01-27,587.82196,583.18311
SPY,2025-01-28,592.87268,585.74273
SPY,2025-01-29,590.21484,587.67472
SPY,2025-01-30,593.38263,589.14586
SPY,2025-01-31,590.22467,589.46949
SPY,2025-02-03,586.25275,579.11298
SPY,2025-02-04,590.18542,585.77213
SPY,2025-02-05,592.57837,587.04708
SPY,2025-02-06,594.638,591.01909
SPY,2025-02-07,589.19495,588.48879
SPY,2025-02-10,593.19629,591.12696
SPY,2025-02-11,593.6474,590.82288
SPY,2025-02-12,591.73505,586.97852
SPY,2025-02-13,597.98224,591.57808
SPY,2025-02-14,597.953,597.33514
SPY,2025-02-18,599.70844,596.65837
SPY,2025-02-19,601.12067,597.8156
SPY,2025-02-20,598.61975,595.3245
SPY,2025-02-21,588.38098,587.92001
SPY,2025-02-24,585.70349,584.99733
SPY,2025-02-25,582.79071,578.20089
SPY,2025-02-26,583.0849,580.45654
SPY,2025-02-27,573.77777,573.38551
SPY,2025-02-28,582.73187,571.21808
SPY,2025-03-03,572.52246,568.72703
SPY,2025-03-04,565.74554,561.22438
SPY,2025-03-05,571.82611,562.03842
SPY,2025-03-06,561.67554,559.13541
SPY,2025-03-07,564.82367,554.73195
SPY,2025-03-10,549.7793,544.88545
SPY,2025-03-11,545.20898,541.38416
SPY,2025-03-12,548.10223,543.02204
SPY,2025-03-13,540.79565,539.08919
SPY,2025-03-14,551.96631,540.8644
SPY,2025-03-17,556.22272,551.51515
SPY,2025-03-18,550.21082,548.28856
SPY,2025-03-19,556.20312,550.80909
SPY,2025-03-20,554.59473,551.76039
SPY,2025-03-21,554.77765,548.92478
SPY,2025-03-24,564.71289,560.89619
SPY,2025-03-25,566.07031,564.32917
SPY,2025-03-26,559.3125,557.93532
SPY,2025-03-27,557.82709,555.72199
SPY,2025-03-28,546.59338,546.01304
SPY,2025-03-31,550.26257,537.94684
SPY,2025-04-01,551.81671,544.64568
SPY,2025-04-02,555.30884,545.75725
SPY,2025-04-03,527.94275,527.94275
SPY,2025-04-04,497.03546,496.81905
SPY,2025-04-07,496.15015,473.93856
SPY,2025-04-08,488.37903,481.17846
SPY,2025-04-09,539.66833,485.00505
SPY,2025-04-10,516.02057,501.00955
SPY,2025-04-11,525.22772,511.58404
SPY,2025-04-14,530.3233,525.14912
SPY,2025-04-15,528.83789,528.05096
SPY,2025-04-16,517.08289,511.80051
SPY,2025-04-17,517.82062,515.36141
SPY,2025-04-21,505.49509,500.16351
SPY,2025-04-22,518.64703,510.71855
SPY,2025-04-23,526.68365,525.1688
SPY,2025-04-24,537.76978,526.71319
SPY,2025-04-25,541.65533,534.81872
SPY,2025-04-28,541.86188,536.12705
SPY,2025-04-29,545.27527,539.5994
SPY,2025-04-30,545.49164,532.68412
SPY,2025-05-01,549.35748,548.75745
SPY,2025-05-02,557.51227,553.20373
SPY,2025-05-05,554.31531,552.53484
SPY,2025-05-06,549.68219,547.87225
SPY,2025-05-07,551.99377,546.96711
SPY,2025-05-08,555.84009,552.53493
SPY,2025-05-09,555.13177,553.57754
SPY,2025-05-12,573.47754,567.62461
SPY,2025-05-13,577.26471,573.32998
SPY,2025-05-14,578.00244,575.98584
SPY,2025-05-15,580.82562,575.55303
SPY,2025-05-16,584.50458,579.66487
SPY,2025-05-19,585.14386,578.504
SPY,2025-05-20,583.17657,579.9796
SPY,2025-05-21,573.34961,572.3266
SPY,2025-05-22,573.57587,571.92323
SPY,2025-05-23,569.66077,566.20803
SPY,2025-05-27,581.50439,568.99191
SPY,2025-05-28,578.14008,577.41216
SPY,2025-05-29,580.4223,576.50726
SPY,2025-05-30,579.77307,573.7234
SPY,2025-06-02,583.03882,575.51362
SPY,2025-06-03,586.36371,582.19284
SPY,2025-06-04,586.20636,585.77354
SPY,2025-06-05,583.37335,581.40599
SPY,2025-06-06,589.36401,587.12119
SPY,2025-06-09,589.8952,588.72462
SPY,2025-06-10,593.23962,589.31474
SPY,2025-06-11,591.54767,589.4918
SPY,2025-06-12,593.89868,589.73772
SPY,2025-06-13,587.25885,585.76363
SPY,2025-06-16,592.84619,590.42631
SPY,2025-06-17,587.78033,587.02288
SPY,2025-06-18,587.69171,586.73751
SPY,2025-06-20,586.31152,584.91052
SPY,2025-06-23,592.10272,583.95347
SPY,2025-06-24,598.64386,595.31899
SPY,2025-06-25,598.97925,597.42042
SPY,2025-06-26,603.66565,600.21258
SPY,2025-06-27,606.66479,602.63955
SPY,2025-06-30,609.56537,606.79305
SPY,2025-07-01,609.3681,607.26666
SPY,2025-07-02,612.13055,608.34202
SPY,2025-07-03,616.95496,614.08394
SPY,2025-07-07,612.35742,609.5851
SPY,2025-07-08,612.02203,611.21302
SPY,2025-07-09,615.6922,612.58441
SPY,2025-07-10,617.42859,614.65627
SPY,2025-07-11,615.258,613.19605
SPY,2025-07-14,616.43207,613.46242
SPY,2025-07-15,613.79791,613.71897
SPY,2025-07-16,615.84998,609.76272
SPY,2025-07-17,619.61871,615.81049
SPY,2025-07-18,619.16504,618.06006
SPY,2025-07-21,620.33899,619.91476
SPY,2025-07-22,620.4278,617.79361
SPY,2025-07-23,625.70605,621.28608
SPY,2025-07-24,625.91327,625.48904
SPY,2025-07-25,628.55725,626.32761
SPY,2025-07-28,628.39941,627.01816
SPY,2025-07-29,626.74188,625.83424
SPY,2025-07-30,625.9527,623.07181
SPY,2025-07-31,623.60461,622.31218
SPY,2025-08-01,613.38342,610.98601
SPY,2025-08-04,622.70673,617.19172
SPY,2025-08-05,619.54962,618.6321
SPY,2025-08-06,624.29529,619.70761
SPY,2025-08-07,623.77228,620.67437
SPY,2025-08-08,628.63617,625.24229
SPY,2025-08-11,627.39307,626.14995
SPY,2025-08-12,634.07233,628.25141
SPY,2025-08-13,636.24286,634.06247
SPY,2025-08-14,636.30206,633.72707
SPY,2025-08-15,634.81226,633.90461
SPY,2025-08-18,634.67413,633.56916
SPY,2025-08-19,631.23096,629.91877
SPY,2025-08-20,629.55371,624.46293
SPY,2025-08-21,627.02808,625.31142
SPY,2025-08-22,636.65723,628.7053
SPY,2025-08-25,633.85522,633.73684
SPY,2025-08-26,636.50916,632.96733
SPY,2025-08-27,637.95953,635.77915
SPY,2025-08-28,640.21875,636.6868
SPY,2025-08-29,636.4007,634.51633
SPY,2025-09-02,631.68469,626.40639
SPY,2025-09-03,635.10815,631.87217
SPY,2025-09-04,640.41614,634.88137
SPY,2025-09-05,638.56134,634.70379
SPY,2025-09-08,640.13,638.55142
SPY,2025-09-09,641.60986,638.54152
SPY,2025-09-10,643.46472,641.90589
SPY,2025-09-11,648.81195,644.82614
SPY,2025-09-12,648.59497,648.09186
SPY,2025-09-15,652.04797,650.49908
SPY,2025-09-16,651.15021,650.37082
SPY,2025-09-17,650.34125,645.52668
SPY,2025-09-18,653.37994,651.41664
SPY,2025-09-19,656.61603,653.32155
SPY,2025-09-22,659.72253,655.10234
SPY,2025-09-23,656.13123,654.91431
SPY,2025-09-24,654.0437,652.62897
SPY,2025-09-25,651.02631,647.42514
SPY,2025-09-26,654.7561,650.85815
SPY,2025-09-29,656.59625,654.79567
SPY,2025-09-30,659.06952,654.54829
SPY,2025-10-01,661.31531,655.98282
SPY,2025-10-02,662.07697,659.66307
SPY,2025-10-03,662.0672,661.02836
SPY,2025-10-06,664.44159,662.31457
SPY,2025-10-07,661.97815,660.54361
SPY,2025-10-08,665.92554,662.27492
SPY,2025-10-09,663.9964,662.06726
SPY,2025-10-10,646.04999,645.87192
SPY,2025-10-13,655.96301,652.72796
SPY,2025-10-14,655.16168,646.19839
SPY,2025-10-15,658.07025,651.89686
SPY,2025-10-16,653.58868,650.09633
SPY,2025-10-17,657.29865,651.11535
SPY,2025-10-20,664.13483,660.14787
SPY,2025-10-21,664.12494,662.82892
SPY,2025-10-22,660.67218,656.22021
SPY,2025-10-23,664.58997,660.67221
SPY,2025-10-24,670.02136,668.43846
SPY,2025-10-27,677.92603,674.83933
SPY,2025-10-28,679.72662,677.52044
SPY,2025-10-29,680.05316,675.58139
SPY,2025-10-30,672.57391,672.57391
SPY,2025-10-31,674.78003,671.99012
SPY,2025-11-03,676.04639,672.68265
SPY,2025-11-04,668.03284,667.37991
SPY,2025-11-05,670.34784,666.9742
SPY,2025-11-06,663.15546,661.5824
SPY,2025-11-07,663.80835,654.15257
SPY,2025-11-10,674.16663,667.82507
SPY,2025-11-11,675.70996,671.48552
IWM,2002-04-18,37.388374,37.08703
IWM,2002-04-19,37.359329,37.359329
IWM,2002-04-22,36.865559,36.854667
IWM,2002-04-23,36.996265,36.814733
IWM,2002-04-24,36.684021,36.585992
IWM,2002-04-25,36.782051,36.382681
IWM,2002-04-26,36.077702,36.077702
IWM,2002-04-29,36.186611,35.979665
IWM,2002-04-30,36.778419,36.168471
IWM,2002-05-01,37.032539,36.291888
IWM,2002-05-02,37.159641,36.901866
IWM,2002-05-03,36.996265,36.778427
IWM,2002-05-06,36.288284,36.288284
IWM,2002-05-07,36.026886,36.015992
IWM,2002-05-08,36.887329,36.480699
IWM,2002-05-09,36.215687,36.197532
IWM,2002-05-10,35.627499,35.543995
IWM,2002-05-13,36.088585,35.580294
IWM,2002-05-14,37.177784,36.386304
IWM,2002-05-15,37.141487,36.727594
IWM,2002-05-16,36.702171,36.578731
IWM,2002-05-17,36.814724,36.495226
IWM,2002-05-20,36.349987,36.31005
IWM,2002-05-21,35.798145,35.678333
IWM,2002-05-22,35.580299,35.344307
IWM,2002-05-23,36.288284,35.398778
IWM,2002-05-24,35.714645,35.714645
IWM,2002-05-28,35.623867,35.217234
IWM,2002-05-29,35.170048,35.101065
IWM,2002-05-30,35.297108,34.868692
IWM,2002-05-31,35.035694,35.035694
IWM,2002-06-03,34.218803,34.218803
IWM,2002-06-04,34.226059,33.7686
IWM,2002-06-05,34.345882,34.026387
IWM,2002-06-06,33.677845,33.601602
IWM,2002-06-07,33.982838,33.115114
IWM,2002-06-10,33.946507,33.837586
IWM,2002-06-11,33.401909,33.401909
IWM,2002-06-12,33.510826,33.020687
IWM,2002-06-13,33.038845,32.955339
IWM,2002-06-14,33.308594,32.22015
IWM,2002-06-17,34.083977,33.399604
IWM,2002-06-18,34.178635,33.909254
IWM,2002-06-19,33.490604,33.490604
IWM,2002-06-20,33.417812,33.243077
IWM,2002-06-21,33.345005,33.199393
IWM,2002-06-24,33.239441,32.711601
IWM,2002-06-25,32.769836,32.56234
IWM,2002-06-26,32.751637,31.998098
IWM,2002-06-27,33.38142,32.573279
IWM,2002-06-28,32.999187,32.999187
IWM,2002-07-01,32.325726,32.252918
IWM,2002-07-02,31.353769,31.306447
IWM,2002-07-03,30.978804,30.578373
IWM,2002-07-05,32.005371,31.233633
IWM,2002-07-08,31.342867,31.324667
IWM,2002-07-09,31.222713,31.051622
IWM,2002-07-10,30.363619,30.341775
IWM,2002-07-11,30.126987,29.522699
IWM,2002-07-12,29.868519,29.813914
IWM,2002-07-15,29.682894,28.703656
IWM,2002-07-16,29.486292,29.282437
IWM,2002-07-17,29.759315,29.16595
IWM,2002-07-18,28.721859,28.721859
IWM,2002-07-19,28.121189,27.902773
IWM,2002-07-22,27.560585,27.156513
IWM,2002-07-23,26.119036,26.119036
IWM,2002-07-24,27.666147,25.299964
IWM,2002-07-25,27.447741,26.719684
IWM,2002-07-26,27.884569,27.174715
IWM,2002-07-29,28.958452,28.212193
IWM,2002-07-30,29.045813,28.219467
IWM,2002-07-31,28.594427,28.52162
IWM,2002-08-01,28.175798,28.030187
IWM,2002-08-02,27.291214,27.251171
IWM,2002-08-05,26.563147,26.563147
IWM,2002-08-06,27.72076,26.938099
IWM,2002-08-07,27.826332,27.232964
IWM,2002-08-08,28.274082,27.556946
IWM,2002-08-09,28.033833,27.826336
IWM,2002-08-12,28.102995,27.742608
IWM,2002-08-13,27.302132,27.265729
IWM,2002-08-14,28.277729,26.992709
IWM,2002-08-15,28.306837,28.172146
IWM,2002-08-16,28.74004,28.132113
IWM,2002-08-19,29.140476,28.783727
IWM,2002-08-20,28.994858,28.776441
IWM,2002-08-21,29.588238,28.892945
IWM,2002-08-22,29.777517,29.358884
IWM,2002-08-23,28.994858,28.994858
IWM,2002-08-26,29.522709,28.849257
IWM,2002-08-27,28.958452,28.874724
IWM,2002-08-28,28.394217,28.274086
IWM,2002-08-29,28.605341,27.975571
IWM,2002-08-30,28.412413,28.303203
IWM,2002-09-03,27.575155,27.36038
IWM,2002-09-04,28.157589,27.465935
IWM,2002-09-05,27.593361,27.593361
IWM,2002-09-06,28.503414,27.957372
IWM,2002-09-09,28.416058,27.93554
IWM,2002-09-10,28.594427,28.244957
IWM,2002-09-11,28.503414,28.485212
IWM,2002-09-12,28.030172,28.019252
IWM,2002-09-13,28.379374,27.849772
IWM,2002-09-16,28.05065,27.984906
IWM,2002-09-17,27.667139,27.553915
IWM,2002-09-18,27.594093,27.101013
IWM,2002-09-19,26.586021,26.516624
IWM,2002-09-20,26.699232,26.589661
IWM,2002-09-23,26.041798,25.859176
IWM,2002-09-24,25.840925,25.749615
IWM,2002-09-25,26.626202,25.928587
IWM,2002-09-26,26.976831,26.593325
IWM,2002-09-27,26.315737,26.312084
IWM,2002-09-30,26.13312,25.74231
IWM,2002-10-01,26.973164,25.91396
IWM,2002-10-02,26.315737,26.224426
IWM,2002-10-03,26.030844,25.899359
IWM,2002-10-04,25.311323,25.146962
IWM,2002-10-07,24.63196,24.507776
IWM,2002-10-08,24.818237,24.270373
IWM,2002-10-09,23.777304,23.733476
IWM,2002-10-10,24.471252,23.59467
IWM,2002-10-11,25.092167,24.752491
IWM,2002-10-14,25.260183,24.873024
IWM,2002-10-15,26.279202,25.724034
IWM,2002-10-16,25.621778,25.464724
IWM,2002-10-17,26.388781,26.060062
IWM,2002-10-18,26.443581,26.136775
IWM,2002-10-21,26.790552,26.202511
IWM,2002-10-22,26.447231,26.334004
IWM,2002-10-23,26.867247,26.151371
IWM,2002-10-24,26.607925,26.578705
IWM,2002-10-25,27.188654,26.53487
IWM,2002-10-28,26.881861,26.79055
IWM,2002-10-29,26.805153,26.36321
IWM,2002-10-30,27.265375,26.823432
IWM,2002-10-31,27.210592,27.148502
IWM,2002-11-01,27.849754,27.009695
IWM,2002-11-04,28.09083,28.050653
IWM,2002-11-05,28.1383,27.878978
IWM,2002-11-06,28.616762,28.141948
IWM,2002-11-07,27.937414,27.86802
IWM,2002-11-08,27.557564,27.517387
IWM,2002-11-11,26.889156,26.874546
IWM,2002-11-12,27.320158,27.046226
IWM,2002-11-13,27.466249,27.046223
IWM,2002-11-14,28.061596,27.652523
IWM,2002-11-15,28.05065,27.886289
IWM,2002-11-18,27.835127,27.783993
IWM,2002-11-19,27.736546,27.594101
IWM,2002-11-20,28.470667,27.583127
IWM,2002-11-21,29.025839,28.401274
IWM,2002-11-22,29.226713,28.733636
IWM,2002-11-25,29.420303,29.073321
IWM,2002-11-26,29.091581,28.92722
IWM,2002-11-27,29.884159,29.277858
IWM,2002-11-29,29.515276,29.511626
IWM,2002-12-02,29.741728,29.555453
IWM,2002-12-03,29.219425,29.193858
IWM,2002-12-04,28.930882,28.726346
IWM,2002-12-05,28.795721,28.653277
IWM,2002-12-06,28.912607,28.434137
IWM,2002-12-09,28.145611,28.087173
IWM,2002-12-10,28.693472,28.295359
IWM,2002-12-11,28.726345,28.52546
IWM,2002-12-12,28.843222,28.182133
IWM,2002-12-13,28.278027,28.244994
IWM,2002-12-16,28.784502,28.369783
IWM,2002-12-17,28.479877,28.435838
IWM,2002-12-18,28.024788,27.900003
IWM,2002-12-19,27.955061,27.789908
IWM,2002-12-20,28.270679,28.028455
IWM,2002-12-23,28.461525,28.153236
IWM,2002-12-24,28.406479,28.289036
IWM,2002-12-26,28.406479,28.278026
IWM,2002-12-27,27.94404,27.94404
IWM,2002-12-30,27.855963,27.635758
IWM,2002-12-31,27.822931,27.74586
IWM,2003-01-02,28.589966,27.91834
IWM,2003-01-03,28.542267,28.380785
IWM,2003-01-06,28.876247,28.542268
IWM,2003-01-07,28.725763,28.494549
IWM,2003-01-08,28.439489,28.333057
IWM,2003-01-09,28.857885,28.619332
IWM,2003-01-10,28.920284,28.520243
IWM,2003-01-13,28.986366,28.692758
IWM,2003-01-14,29.0047,28.817524
IWM,2003-01-15,28.938643,28.681737
IWM,2003-01-16,28.898272,28.766148
IWM,2003-01-17,28.355082,28.222958
IWM,2003-01-21,27.94404,27.922021
IWM,2003-01-22,27.701822,27.694481
IWM,2003-01-23,27.874306,27.734843
IWM,2003-01-24,27.298107,27.298107
IWM,2003-01-27,26.883398,26.839356
IWM,2003-01-28,27.103586,26.677858
IWM,2003-01-29,27.309116,26.60079
IWM,2003-01-30,26.865032,26.780622
IWM,2003-01-31,27.246731,26.663188
IWM,2003-02-03,27.011839,26.883386
IWM,2003-02-04,27.011839,26.589778
IWM,2003-02-05,26.809994,26.67787
IWM,2003-02-06,26.663185,26.52372
IWM,2003-02-07,26.17507,26.160389
IWM,2003-02-10,26.446636,26.017237
IWM,2003-02-11,26.373253,26.072306
IWM,2003-02-12,26.002567,25.936506
IWM,2003-02-13,25.932837,25.66859
IWM,2003-02-14,26.167717,25.87778
IWM,2003-02-18,26.692549,26.369579
IWM,2003-02-19,26.369585,26.178742
IWM,2003-02-20,26.314526,26.204425
IWM,2003-02-21,26.542067,26.112667
IWM,2003-02-24,26.134693,26.131022
IWM,2003-02-25,26.373253,25.819069
IWM,2003-02-26,26.241125,26.061292
IWM,2003-02-27,26.384258,26.167724
IWM,2003-02-28,26.428297,26.303513
IWM,2003-03-03,26.347565,26.15305
IWM,2003-03-04,26.006245,25.984225
IWM,2003-03-05,26.057613,25.90347
IWM,2003-03-06,25.844753,25.745662
IWM,2003-03-07,25.914644,25.572549
IWM,2003-03-10,25.469557,25.399668
IWM,2003-03-11,25.289314,25.289314
IWM,2003-03-12,25.344484,25.098029
IWM,2003-03-13,26.028677,25.469552
IWM,2003-03-14,26.061787,25.877864
IWM,2003-03-17,26.665043,25.815323
IWM,2003-03-18,27.014505,26.569414
IWM,2003-03-19,26.948275,26.705496
IWM,2003-03-20,27.124857,26.506878
IWM,2003-03-21,27.503721,27.139556
IWM,2003-03-24,26.915188,26.782764
IWM,2003-03-25,27.202093,26.852642
IWM,2003-03-26,26.867365,26.867365
IWM,2003-03-27,27.047602,26.705506
IWM,2003-03-28,27.036556,26.922525
IWM,2003-03-31,26.484812,26.466418
IWM,2003-04-01,26.944628,26.565748
IWM,2003-04-02,27.481676,27.268326
IWM,2003-04-03,27.496374,27.441197
IWM,2003-04-04,27.415442,27.341874
IWM,2003-04-07,27.43384,27.43384
IWM,2003-04-08,27.455906,27.35291
IWM,2003-04-09,27.305092,27.154274
IWM,2003-04-10,27.312428,27.209432
IWM,2003-04-11,27.161625,27.135876
IWM,2003-04-14,27.654552,27.227851
IWM,2003-04-15,27.952505,27.459595
IWM,2003-04-16,27.661907,27.610409
IWM,2003-04-17,28.084923,27.680294
IWM,2003-04-21,28.276217,28.022403
IWM,2003-04-22,28.666113,28.029741
IWM,2003-04-23,28.96776,28.673483
IWM,2003-04-24,28.820616,28.706585
IWM,2003-04-25,28.415987,28.408631
IWM,2003-04-28,28.919933,28.52634
IWM,2003-04-29,29.114878,28.967739
IWM,2003-04-30,29.206856,28.912579
IWM,2003-05-01,29.170065,28.872109
IWM,2003-05-02,29.905752,29.243631
IWM,2003-05-05,30.041847,29.891033
IWM,2003-05-06,30.328773,30.085998
IWM,2003-05-07,30.144863,30.06026
IWM,2003-05-08,29.894718,29.82115
IWM,2003-05-09,30.3251,29.975646
IWM,2003-05-12,30.65617,30.273614
IWM,2003-05-13,30.836401,30.439128
IWM,2003-05-14,30.81801,30.68191
IWM,2003-05-15,30.939402,30.788584
IWM,2003-05-16,30.556856,30.5495
IWM,2003-05-19,30.027136,29.990352
IWM,2003-05-20,30.019798,29.743915
IWM,2003-05-21,30.133806,29.857923
IWM,2003-05-22,30.439135,30.108074
IWM,2003-05-23,30.67823,30.306707
IWM,2003-05-27,31.399212,30.630415
IWM,2003-05-28,31.612558,31.48749
IWM,2003-05-29,31.814867,31.318278
IWM,2003-05-30,32.381359,31.954661
IWM,2003-06-02,32.550552,32.421807
IWM,2003-06-03,32.653549,32.37031
IWM,2003-06-04,33.09866,32.62414
IWM,2003-06-05,33.639359,32.866886
IWM,2003-06-06,33.253151,33.253151
IWM,2003-06-09,32.63517,32.620456
IWM,2003-06-10,33.124386,32.723434
IWM,2003-06-11,33.437065,32.841156
IWM,2003-06-12,33.624676,33.40029
IWM,2003-06-13,33.02779,33.001999
IWM,2003-06-16,33.584133,33.105148
IWM,2003-06-17,33.654133,33.39622
IWM,2003-06-18,33.632027,33.370428
IWM,2003-06-19,33.175163,33.035154
IWM,2003-06-20,32.891457,32.884089
IWM,2003-06-23,32.305607,32.198756
IWM,2003-06-24,32.294594,32.047733
IWM,2003-06-25,32.511951,32.301936
IWM,2003-06-26,33.068314,32.570908
IWM,2003-06-27,32.858276,32.854591
IWM,2003-06-30,32.755112,32.460351
IWM,2003-07-01,32.979889,32.331418
IWM,2003-07-02,33.805206,33.112523
IWM,2003-07-03,33.514133,33.458866
IWM,2003-07-07,34.210506,33.842057
IWM,2003-07-08,34.818424,34.151533
IWM,2003-07-09,35.076351,34.538416
IWM,2003-07-10,34.391033,34.324715
IWM,2003-07-11,34.866352,34.48685
IWM,2003-07-14,35.153725,34.855279
IWM,2003-07-15,35.05793,34.814752
IWM,2003-07-16,34.866352,34.671074
IWM,2003-07-17,33.760975,33.742554
IWM,2003-07-18,33.989429,33.727831
IWM,2003-07-21,33.694653,33.462531
IWM,2003-07-22,34.088902,33.573075
IWM,2003-07-23,34.321056,33.779435
IWM,2003-07-24,34.254723,34.144187
IWM,2003-07-25,34.505272,34.004181
IWM,2003-07-28,34.928989,34.479481
IWM,2003-07-29,34.947399,34.486838
IWM,2003-07-30,34.814758,34.575266
IWM,2003-07-31,34.884777,34.807403
IWM,2003-08-01,34.394699,34.284166
IWM,2003-08-04,34.048367,33.775712
IWM,2003-08-05,33.45887,33.45887
IWM,2003-08-06,33.307808,33.215696
IWM,2003-08-07,33.41832,33.024079
IWM,2003-08-08,33.344635,33.211993
IWM,2003-08-11,33.805206,33.322539
IWM,2003-08-12,34.372627,33.716788
IWM,2003-08-13,34.486843,34.192085
IWM,2003-08-14,34.71159,34.27682
IWM,2003-08-15,34.722645,34.648956
IWM,2003-08-18,35.41164,34.752116
IWM,2003-08-19,36.074844,35.40795
IWM,2003-08-20,36.056442,35.647463
IWM,2003-08-21,36.351181,36.144848
IWM,2003-08-22,35.710087,35.699034
IWM,2003-08-25,35.676922,35.341632
IWM,2003-08-26,35.813255,35.043198
IWM,2003-08-27,36.1633,35.735897
IWM,2003-08-28,36.402767,35.846408
IWM,2003-08-29,36.553856,36.354893
IWM,2003-09-02,37.397579,36.513301
IWM,2003-09-03,37.556004,37.390203
IWM,2003-09-04,37.710773,37.419698
IWM,2003-09-05,37.471275,37.305474
IWM,2003-09-08,37.99078,37.570748
IWM,2003-09-09,37.710773,37.622346
IWM,2003-09-10,36.966503,36.929659
IWM,2003-09-11,37.287048,36.914917
IWM,2003-09-12,37.452137,36.857541
IWM,2003-09-15,37.359798,37.319174
IWM,2003-09-16,37.917461,37.455819
IWM,2003-09-17,37.906391,37.736507
IWM,2003-09-18,38.30154,37.670014
IWM,2003-09-19,38.260918,38.072567
IWM,2003-09-22,37.736511,37.574012
IWM,2003-09-23,38.249847,37.78082
IWM,2003-09-24,37.304413,37.304413
IWM,2003-09-25,36.296181,36.296181
IWM,2003-09-26,35.675728,35.631412
IWM,2003-09-29,36.314651,35.365514
IWM,2003-09-30,35.84193,35.509547
IWM,2003-10-01,36.809525,35.934252
IWM,2003-10-02,37.164062,36.750433
IWM,2003-10-03,37.751278,37.485371
IWM,2003-10-06,38.07626,37.592459
IWM,2003-10-07,38.290482,37.743896
IWM,2003-10-08,37.991337,37.832532
IWM,2003-10-09,38.39019,38.002412
IWM,2003-10-10,38.34219,37.86208
IWM,2003-10-13,38.944157,38.371722
IWM,2003-10-14,39.198997,38.733661
IWM,2003-10-15,38.70779,38.693017
IWM,2003-10-16,39.054962,38.685648
IWM,2003-10-17,38.297874,38.294183
IWM,2003-10-20,38.489899,38.227686
IWM,2003-10-21,38.66349,38.401278
IWM,2003-10-22,37.817764,37.77714
IWM,2003-10-23,37.485378,37.252711
IWM,2003-10-24,37.39304,37.034805
IWM,2003-10-27,37.939651,37.503861
IWM,2003-10-28,38.851841,38.061509
IWM,2003-10-29,39.110363,38.622869
IWM,2003-10-30,39.221149,39.010641
IWM,2003-10-31,38.962627,38.430814
IWM,2003-11-03,39.623692,39.217447
IWM,2003-11-04,39.679104,39.487059
IWM,2003-11-05,39.874836,39.169445
IWM,2003-11-06,40.188759,39.535074
IWM,2003-11-07,39.882236,39.882236
IWM,2003-11-10,39.239628,39.228549
IWM,2003-11-11,38.970016,38.777974
IWM,2003-11-12,39.87114,39.029104
IWM,2003-11-13,39.978252,39.608938
IWM,2003-11-14,39.221149,39.147288
IWM,2003-11-17,38.744743,38.368041
IWM,2003-11-18,38.320011,38.29785
IWM,2003-11-19,38.722565,38.249843
IWM,2003-11-20,38.460361,38.327408
IWM,2003-11-21,38.885059,38.519439
IWM,2003-11-24,39.775135,39.07344
IWM,2003-11-25,40.015175,39.704952
IWM,2003-11-26,40.229374,39.719722
IWM,2003-11-28,40.421421,40.122278
IWM,2003-12-01,40.942158,40.532219
IWM,2003-12-02,40.879364,40.753796
IWM,2003-12-03,40.144432,40.125968
IWM,2003-12-04,40.236767,39.55723
IWM,2003-12-05,39.738194,39.572003
IWM,2003-12-08,40.033646,39.498139
IWM,2003-12-09,39.357796,39.295013
IWM,2003-12-10,39.003262,38.737355
IWM,2003-12-11,40.092716,39.018014
IWM,2003-12-12,40.379932,39.853689
IWM,2003-12-15,39.434933,39.412695
IWM,2003-12-16,39.784054,39.08954
IWM,2003-12-17,39.776604,39.379209
IWM,2003-12-18,40.389416,39.709759
IWM,2003-12-19,40.25943,39.988309
IWM,2003-12-22,40.708817,40.13315
IWM,2003-12-23,40.931648,40.571393
IWM,2003-12-24,40.883373,40.80538
IWM,2003-12-26,41.028236,40.927958
IWM,2003-12-29,41.65218,41.191648
IWM,2003-12-30,41.759865,41.525883
IWM,2003-12-31,41.150772,41.106203
IWM,2004-01-02,41.592758,41.284501
IWM,2004-01-05,42.079281,41.711596
IWM,2004-01-06,42.023571,41.967861
IWM,2004-01-07,42.469254,41.953012
IWM,2004-01-08,42.792343,42.491513
IWM,2004-01-09,42.450672,42.383821
IWM,2004-01-12,43.245461,42.52495
IWM,2004-01-13,43.06348,42.495243
IWM,2004-01-14,43.28632,42.996628
IWM,2004-01-15,43.397747,42.814654
IWM,2004-01-16,43.639133,43.498004
IWM,2004-01-20,44.162815,43.568578
IWM,2004-01-21,44.10339,43.639144
IWM,2004-01-22,43.854561,43.698575
IWM,2004-01-23,44.092243,43.59457
IWM,2004-01-26,44.530499,43.791419
IWM,2004-01-27,43.973396,43.932542
IWM,2004-01-28,43.28632,43.037482
IWM,2004-01-29,42.877777,42.398678
IWM,2004-01-30,42.933464,42.617777
IWM,2004-02-02,43.044888,42.576927
IWM,2004-02-03,42.803493,42.751498
IWM,2004-02-04,41.745018,41.707879
IWM,2004-02-05,42.134991,41.815589
IWM,2004-02-06,43.200886,42.134976
IWM,2004-02-09,43.28632,43.152617
IWM,2004-02-10,43.806282,43.215762
IWM,2004-02-11,44.073666,43.639132
IWM,2004-02-12,43.772842,43.754271
IWM,2004-02-13,43.323456,43.230607
IWM,2004-02-17,44.084831,43.587161
IWM,2004-02-18,43.761703,43.631715
IWM,2004-02-19,42.989204,42.989204
IWM,2004-02-20,42.914921,42.547236
IWM,2004-02-23,42.268673,42.183253
IWM,2004-02-24,42.264954,41.819276
IWM,2004-02-25,42.859219,42.220415
IWM,2004-02-26,43.119167,42.636353
IWM,2004-02-27,43.342014,43.063467
IWM,2004-03-01,44.029118,43.379173
IWM,2004-03-02,43.679985,42.498943
IWM,2004-03-03,43.724575,43.293753
IWM,2004-03-04,44.277935,43.590851
IWM,2004-03-05,44.378216,43.899113
IWM,2004-03-08,43.750557,43.724559
IWM,2004-03-09,43.379154,43.223165
IWM,2004-03-10,42.469254,42.420973
IWM,2004-03-11,42.042141,41.997575
IWM,2004-03-12,43.174889,42.272394
IWM,2004-03-15,42.060711,41.90101
IWM,2004-03-16,42.079281,41.60389
IWM,2004-03-17,42.859219,42.264984
IWM,2004-03-18,42.599239,42.097854
IWM,2004-03-19,42.227825,42.079269
IWM,2004-03-22,41.414478,41.262204
IWM,2004-03-23,41.485035,41.325334
IWM,2004-03-24,41.429337,41.121076
IWM,2004-03-25,42.38382,41.596457
IWM,2004-03-26,42.491337,42.264369
IWM,2004-03-29,43.306206,42.75925
IWM,2004-03-30,43.659664,43.161081
IWM,2004-03-31,43.756428,43.276446
IWM,2004-04-01,44.236397,43.678279
IWM,2004-04-02,44.798248,44.504306
IWM,2004-04-05,44.928455,44.574982
IWM,2004-04-06,44.3815,44.28104
IWM,2004-04-07,44.716389,44.035484
IWM,2004-04-08,44.31826,44.255008
IWM,2004-04-12,44.433598,44.321976
IWM,2004-04-13,43.399212,43.235497
IWM,2004-04-14,43.265278,42.84483
IWM,2004-04-15,42.930405,42.565769
IWM,2004-04-16,43.257843,42.625308
IWM,2004-04-19,43.577816,42.852262
IWM,2004-04-20,42.614143,42.517402
IWM,2004-04-21,43.309895,42.43179
IWM,2004-04-22,43.905235,43.198286
IWM,2004-04-23,43.81221,43.417808
IWM,2004-04-26,43.905235,43.603853
IWM,2004-04-27,43.793629,43.481084
IWM,2004-04-28,42.878311,42.640181
IWM,2004-04-29,42.026253,41.765799
IWM,2004-04-30,41.341633,41.341633
IWM,2004-05-03,41.884857,41.483012
IWM,2004-05-04,42.119282,41.840223
IWM,2004-05-05,42.305298,42.152747
IWM,2004-05-06,41.687679,41.189093
IWM,2004-05-07,40.500729,40.500729
IWM,2004-05-10,39.782623,39.496124
IWM,2004-05-11,40.649536,39.998399
IWM,2004-05-12,40.958397,39.551941
IWM,2004-05-13,40.396549,40.344458
IWM,2004-05-14,40.240273,40.054233
IWM,2004-05-17,39.857048,39.258001
IWM,2004-05-18,40.307243,39.82354
IWM,2004-05-19,40.020748,39.976101
IWM,2004-05-20,40.102608,39.804947
IWM,2004-05-21,40.478416,40.12494
IWM,2004-05-24,41.00304,40.627243
IWM,2004-05-25,41.858822,40.787237
IWM,2004-05-26,42.145309,41.695095
IWM,2004-05-27,42.15649,41.810457
IWM,2004-05-28,42.230892,41.962995
IWM,2004-06-01,42.632732,42.000198
IWM,2004-06-02,42.491337,42.312741
IWM,2004-06-03,41.672779,41.672779
IWM,2004-06-04,42.19368,41.9109
IWM,2004-06-07,42.956455,42.268111
IWM,2004-06-08,42.915531,42.725773
IWM,2004-06-09,42.13789,42.13789
IWM,2004-06-10,42.305298,42.074611
IWM,2004-06-14,41.475586,41.386288
IWM,2004-06-15,42.230892,41.750911
IWM,2004-06-16,42.312756,42.015092
IWM,2004-06-17,42.20483,41.918331
IWM,2004-06-18,42.349976,42.044871
IWM,2004-06-21,42.182518,42.156473
IWM,2004-06-22,42.509956,41.825333
IWM,2004-06-23,43.149929,42.398329
IWM,2004-06-24,42.99366,42.926686
IWM,2004-06-25,43.499157,42.801531
IWM,2004-06-28,43.409607,43.30515
IWM,2004-06-29,43.771481,43.327535
IWM,2004-06-30,44.017704,43.663295
IWM,2004-07-01,43.215603,43.215603
IWM,2004-07-02,43.34993,43.014175
IWM,2004-07-06,42.573959,42.435925
IWM,2004-07-07,42.521725,42.417265
IWM,2004-07-08,41.749481,41.630098
IWM,2004-07-09,42.025558,41.727107
IWM,2004-07-12,41.783054,41.469683
IWM,2004-07-13,41.839043,41.786814
IWM,2004-07-14,41.596519,41.439834
IWM,2004-07-15,41.6898,41.607726
IWM,2004-07-16,41.223476,41.186171
IWM,2004-07-19,41.171234,40.90636
IWM,2004-07-20,41.988258,41.201095
IWM,2004-07-21,40.671333,40.671333
IWM,2004-07-22,40.738487,39.996093
IWM,2004-07-23,40.156525,40.06699
IWM,2004-07-26,39.630489,39.436495
IWM,2004-07-27,40.369152,39.798366
IWM,2004-07-28,40.335587,39.693918
IWM,2004-07-29,40.813095,40.384072
IWM,2004-07-30,41.036922,40.66386
IWM,2004-08-02,40.887726,40.413937
IWM,2004-08-03,40.302002,40.283351
IWM,2004-08-04,40.268425,39.805825
IWM,2004-08-05,39.526035,39.443964
IWM,2004-08-06,38.697826,38.563523
IWM,2004-08-09,38.574722,38.462802
IWM,2004-08-10,39.179081,38.593372
IWM,2004-08-11,39.126858,38.470269
IWM,2004-08-12,38.563526,38.425492
IWM,2004-08-13,38.556049,38.302366
IWM,2004-08-16,39.216381,38.585904
IWM,2004-08-17,39.462612,39.298463
IWM,2004-08-18,40.305744,39.171632
IWM,2004-08-19,39.962513,39.817019
IWM,2004-08-20,40.671333,39.884173
IWM,2004-08-23,40.522102,40.369145
IWM,2004-08-24,40.634022,40.335573
IWM,2004-08-25,40.865322,40.290805
IWM,2004-08-26,40.626564,40.589258
IWM,2004-08-27,40.947395,40.719827
IWM,2004-08-30,40.481071,40.440034
IWM,2004-08-31,40.417664,40.246055
IWM,2004-09-01,41.130219,40.697464
IWM,2004-09-02,41.853939,41.014547
IWM,2004-09-03,41.391354,41.186171
IWM,2004-09-07,41.913639,41.562962
IWM,2004-09-08,41.6898,41.454772
IWM,2004-09-09,42.036755,41.671151
IWM,2004-09-10,42.424728,41.83902
IWM,2004-09-13,42.652302,42.439656
IWM,2004-09-14,42.566505,42.215828
IWM,2004-09-15,42.309082,42.100165
IWM,2004-09-16,42.764217,42.406077
IWM,2004-09-17,42.689617,42.361323
IWM,2004-09-20,42.499348,42.38743
IWM,2004-09-21,42.820187,42.607541
IWM,2004-09-22,42.096439,42.074056
IWM,2004-09-23,42.055401,42.003169
IWM,2004-09-24,42.132061,42.124583
IWM,2004-09-27,41.683315,41.541215
IWM,2004-09-28,42.180668,41.559923
IWM,2004-09-29,42.573311,42.057272
IWM,2004-09-30,42.573311,42.371382
IWM,2004-10-01,43.646526,42.790199
IWM,2004-10-04,43.893318,43.826008
IWM,2004-10-05,43.852203,43.657755
IWM,2004-10-06,44.136375,43.706342
IWM,2004-10-07,43.399734,43.377299
IWM,2004-10-08,42.853767,42.853767
IWM,2004-10-11,43.055702,42.782726
IWM,2004-10-12,42.954731,42.472345
IWM,2004-10-13,42.330257,42.31904
IWM,2004-10-14,42.053532,42.053532
IWM,2004-10-15,42.487309,41.989965
IWM,2004-10-18,42.666805,42.150766
IWM,2004-10-19,42.225544,42.180673
IWM,2004-10-20,42.446171,41.907693
IWM,2004-10-21,42.98465,42.304075
IWM,2004-10-22,42.251701,42.221788
IWM,2004-10-25,42.704182,42.090917
IWM,2004-10-26,43.265099,42.247978
IWM,2004-10-27,43.68766,43.070655
IWM,2004-10-28,43.526855,43.321186
IWM,2004-10-29,43.448334,43.283798
IWM,2004-11-01,43.79237,43.27259
IWM,2004-11-02,43.62035,43.429639
IWM,2004-11-03,44.323364,44.020472
IWM,2004-11-04,44.86557,44.061594
IWM,2004-11-05,45.067501,44.738433
IWM,2004-11-08,44.91045,44.787048
IWM,2004-11-09,45.071239,44.873051
IWM,2004-11-10,45.396572,45.097417
IWM,2004-11-11,45.845303,45.433967
IWM,2004-11-12,46.312714,45.751801
IWM,2004-11-15,46.57449,46.125757
IWM,2004-11-16,46.163166,46.013591
IWM,2004-11-17,46.409943,46.222972
IWM,2004-11-18,46.338921,46.09212
IWM,2004-11-19,45.845303,45.665812
IWM,2004-11-22,46.331432,45.658335
IWM,2004-11-23,46.61937,45.916359
IWM,2004-11-24,46.899818,46.611884
IWM,2004-11-26,46.929729,46.929729
IWM,2004-11-29,47.098007,46.724065
IWM,2004-11-30,47.445766,47.161573
IWM,2004-12-01,47.887035,47.370996
IWM,2004-12-02,47.819733,47.696334
IWM,2004-12-03,47.729973,47.729973
IWM,2004-12-06,47.505604,47.434554
IWM,2004-12-07,46.67173,46.634336
IWM,2004-12-08,47.191502,46.593195
IWM,2004-12-09,46.83252,46.331438
IWM,2004-12-10,47.191502,46.679203
IWM,2004-12-13,47.707535,47.09427
IWM,2004-12-14,47.965553,47.640223
IWM,2004-12-15,48.365673,47.943122
IWM,2004-12-16,47.987991,47.737451
IWM,2004-12-17,47.79356,47.621547
IWM,2004-12-20,47.73745,47.498124
IWM,2004-12-21,48.242268,47.718751
IWM,2004-12-22,48.335754,48.19366
IWM,2004-12-23,48.459919,48.41866
IWM,2004-12-27,48.14856,47.885963
IWM,2004-12-28,48.786289,48.189826
IWM,2004-12-29,48.782551,48.621246
IWM,2004-12-30,48.609966,48.609966
IWM,2004-12-31,48.579971,48.527453
IWM,2005-01-03,47.949749,47.694657
IWM,2005-01-04,46.921864,46.839333
IWM,2005-01-05,45.984035,45.984035
IWM,2005-01-06,46.227863,45.935256
IWM,2005-01-07,45.713959,45.687699
IWM,2005-01-10,46.179092,45.728932
IWM,2005-01-11,45.616405,45.485109
IWM,2005-01-12,45.803967,45.11372
IWM,2005-01-13,45.665154,45.447575
IWM,2005-01-14,46.10033,45.702688
IWM,2005-01-18,46.648026,45.924015
IWM,2005-01-19,45.98027,45.98027
IWM,2005-01-20,45.706436,45.627658
IWM,2005-01-21,45.601406,45.447602
IWM,2005-01-24,45.252522,45.07996
IWM,2005-01-25,45.368816,45.18875
IWM,2005-01-26,45.972786,45.436343
IWM,2005-01-27,46.104095,45.822744
IWM,2005-01-28,46.066574,45.530131
IWM,2005-01-31,46.606747,46.194099
IWM,2005-02-01,46.869381,46.53926
IWM,2005-02-02,47.225716,46.861834
IWM,2005-02-03,46.966888,46.610511
IWM,2005-02-04,47.559601,46.914368
IWM,2005-02-07,47.548344,47.334517
IWM,2005-02-08,47.664646,47.492084
IWM,2005-02-09,46.648026,46.648026
IWM,2005-02-10,46.730553,46.445449
IWM,2005-02-11,47.492077,46.426695
IWM,2005-02-14,47.450813,47.161961
IWM,2005-02-15,47.492077,47.203224
IWM,2005-02-16,47.634636,47.248245
IWM,2005-02-17,47.214497,47.173232
IWM,2005-02-18,47.098198,46.891873
IWM,2005-02-22,46.179092,46.14158
IWM,2005-02-23,46.452965,46.261645
IWM,2005-02-24,46.888103,46.055304
IWM,2005-02-25,47.668388,46.816833
IWM,2005-02-28,47.372032,47.023157
IWM,2005-03-01,47.735909,47.372027
IWM,2005-03-02,47.649628,47.454559
IWM,2005-03-03,47.690895,47.372031
IWM,2005-03-04,48.2761,47.83719
IWM,2005-03-07,48.156067,48.114802
IWM,2005-03-08,47.69841,47.660897
IWM,2005-03-09,47.158207,47.158207
IWM,2005-03-10,46.955627,46.689282
IWM,2005-03-11,46.921864,46.670524
IWM,2005-03-14,47.27449,46.843088
IWM,2005-03-15,46.955627,46.854342
IWM,2005-03-16,46.693035,46.497963
IWM,2005-03-17,46.693035,46.456698
IWM,2005-03-18,46.441708,46.321665
IWM,2005-03-21,46.497963,46.197857
IWM,2005-03-22,46.179092,46.179092
IWM,2005-03-23,45.841469,45.770195
IWM,2005-03-24,46.0103,45.976387
IWM,2005-03-28,46.029144,45.950011
IWM,2005-03-29,45.369713,45.162458
IWM,2005-03-30,46.036674,45.42622
IWM,2005-03-31,46.029144,45.784208
IWM,2005-04-01,45.836971,45.527975
IWM,2005-04-04,46.006527,45.369695
IWM,2005-04-05,46.089432,45.878411
IWM,2005-04-06,46.232616,46.104495
IWM,2005-04-07,46.413498,45.931163
IWM,2005-04-08,45.708836,45.648542
IWM,2005-04-11,45.482754,45.365939
IWM,2005-04-12,45.908554,44.955188
IWM,2005-04-13,45.087086,45.011719
IWM,2005-04-14,44.182709,44.182709
IWM,2005-04-15,43.576019,43.334852
IWM,2005-04-18,43.854877,43.191668
IWM,2005-04-19,44.578369,44.073422
IWM,2005-04-20,43.881241,43.779499
IWM,2005-04-21,44.955177,43.730497
IWM,2005-04-22,44.227928,43.741824
IWM,2005-04-25,44.634895,44.276913
IWM,2005-04-26,44.005596,43.730516
IWM,2005-04-27,43.986759,43.421522
IWM,2005-04-28,42.863819,42.863819
IWM,2005-04-29,43.425293,42.577437
IWM,2005-05-02,43.869946,43.361233
IWM,2005-05-03,44.088501,43.583557
IWM,2005-05-04,44.578369,43.873706
IWM,2005-05-05,44.570827,44.261831
IWM,2005-05-06,44.729115,44.525632
IWM,2005-05-09,45.15868,44.491701
IWM,2005-05-10,44.619808,44.476613
IWM,2005-05-11,44.642433,44.092269
IWM,2005-05-12,43.937763,43.851095
IWM,2005-05-13,43.779495,43.293391
IWM,2005-05-16,44.454006,43.673979
IWM,2005-05-17,44.7178,44.02821
IWM,2005-05-18,45.614635,44.921276
IWM,2005-05-19,45.727684,45.478981
IWM,2005-05-20,45.67115,45.358388
IWM,2005-05-23,45.972626,45.686238
IWM,2005-05-24,45.784206,45.693769
IWM,2005-05-25,45.441288,45.332011
IWM,2005-05-26,46.074352,45.629699
IWM,2005-05-27,46.330605,45.897258
IWM,2005-05-31,46.232616,46.078117
IWM,2005-06-01,46.756409,46.21378
IWM,2005-06-02,46.884556,46.609475
IWM,2005-06-03,46.541641,46.390911
IWM,2005-06-06,46.71497,46.368292
IWM,2005-06-07,46.809174,46.703663
IWM,2005-06-08,46.511463,46.443635
IWM,2005-06-09,46.967442,46.243939
IWM,2005-06-10,47.065399,46.78655
IWM,2005-06-13,47.27644,46.824251
IWM,2005-06-14,47.683418,47.080499
IWM,2005-06-15,47.811512,47.208593
IWM,2005-06-16,48.278782,47.728621
IWM,2005-06-17,48.24865,48.143142
IWM,2005-06-20,48.102104,48.01146
IWM,2005-06-21,48.23806,47.988786
IWM,2005-06-22,48.351368,47.958574
IWM,2005-06-23,47.497795,47.497795
IWM,2005-06-24,46.991722,46.88597
IWM,2005-06-27,47.112549,46.908598
IWM,2005-06-28,47.845264,47.376935
IWM,2005-06-29,48.22295,48.064323
IWM,2005-06-30,48.117199,47.890588
IWM,2005-07-01,48.32872,47.920818
IWM,2005-07-05,49.091629,48.162522
IWM,2005-07-06,48.645969,48.630859
IWM,2005-07-07,48.781952,47.943488
IWM,2005-07-08,49.831898,48.759271
IWM,2005-07-11,50.443741,49.839447
IWM,2005-07-12,50.285133,50.103846
IWM,2005-07-13,50.171818,49.96787
IWM,2005-07-14,49.809242,49.68838
IWM,2005-07-15,49.854553,49.416436
IWM,2005-07-18,49.567532,49.378689
IWM,2005-07-19,50.262455,49.66571
IWM,2005-07-20,50.87431,49.998081
IWM,2005-07-21,50.081161,50.02073
IWM,2005-07-22,50.85165,50.088723
IWM,2005-07-25,50.519287,50.315339
IWM,2005-07-26,50.670361,50.300224
IWM,2005-07-27,50.813877,50.194472
IWM,2005-07-28,51.335091,50.625039
IWM,2005-07-29,51.282219,50.942304
IWM,2005-08-01,51.259552,51.1538
IWM,2005-08-02,51.644794,51.365305
IWM,2005-08-03,51.387993,51.267136
IWM,2005-08-04,50.526833,50.443741
IWM,2005-08-05,49.831898,49.597734
IWM,2005-08-08,49.658146,49.491963
IWM,2005-08-09,49.733711,49.439116
IWM,2005-08-10,49.665722,49.000996
IWM,2005-08-11,50.096291,49.514656
IWM,2005-08-12,49.491985,49.197391
IWM,2005-08-15,50.020752,49.28804
IWM,2005-08-16,49.144516,49.144516
IWM,2005-08-17,49.084091,48.978334
IWM,2005-08-18,48.925442,48.698834
IWM,2005-08-19,49.182289,48.880139
IWM,2005-08-22,49.461777,49.000999
IWM,2005-08-23,49.454216,48.993439
IWM,2005-08-24,49.257812,49.031204
IWM,2005-08-25,49.529758,49.235164
IWM,2005-08-26,48.721489,48.676168
IWM,2005-08-29,49.37867,48.49488
IWM,2005-08-30,49.159615,48.872569
IWM,2005-08-31,50.254917,49.038767
IWM,2005-09-01,50.254917,50.013198
IWM,2005-09-02,49.982971,49.779023
IWM,2005-09-06,50.730824,50.058537
IWM,2005-09-07,50.88187,50.519289
IWM,2005-09-08,50.594818,50.413525
IWM,2005-09-09,50.904533,50.64771
IWM,2005-09-12,51.131149,50.821444
IWM,2005-09-13,50.73835,50.541957
IWM,2005-09-14,50.156715,50.043408
IWM,2005-09-15,49.982971,49.89988
IWM,2005-09-16,50.564613,50.111385
IWM,2005-09-19,50.322884,50.081165
IWM,2005-09-20,49.597744,49.522202
IWM,2005-09-21,48.79705,48.79705
IWM,2005-09-22,49.046326,48.419365
IWM,2005-09-23,49.385761,48.673538
IWM,2005-09-26,49.719124,49.39332
IWM,2005-09-27,49.552437,49.219055
IWM,2005-09-28,49.484257,49.052378
IWM,2005-09-29,50.029778,49.105404
IWM,2005-09-30,50.302544,49.847935
IWM,2005-10-03,50.605614,50.340426
IWM,2005-10-04,49.840374,49.794915
IWM,2005-10-05,48.567451,48.529571
IWM,2005-10-06,48.135578,47.627932
IWM,2005-10-07,48.567451,48.18861
IWM,2005-10-10,48.021935,47.961319
IWM,2005-10-11,47.355156,47.355156
IWM,2005-10-12,46.688423,46.408081
IWM,2005-10-13,46.877827,46.256527
IWM,2005-10-14,47.665813,46.461098
IWM,2005-10-17,47.749157,47.150587
IWM,2005-10-18,47.105133,47.052095
IWM,2005-10-19,48.120438,46.506575
IWM,2005-10-20,47.226353,46.885395
IWM,2005-10-21,47.749157,47.377891
IWM,2005-10-24,48.794758,47.673385
IWM,2005-10-25,48.378036,47.938582
IWM,2005-10-26,48.127998,47.968886
IWM,2005-10-27,47.120289,46.930868
IWM,2005-10-28,47.779469,46.991478
IWM,2005-10-31,48.325008,48.044667
IWM,2005-11-01,48.567451,48.18861
IWM,2005-11-02,49.544868,48.378036
IWM,2005-11-03,49.719124,49.45393
IWM,2005-11-04,49.613064,49.203914
IWM,2005-11-07,49.79491,49.446377
IWM,2005-11-08,49.613064,49.294833
IWM,2005-11-09,49.779739,49.332709
IWM,2005-11-10,50.044956,49.052388
IWM,2005-11-11,50.332855,49.969165
IWM,2005-11-14,50.151005,49.817623
IWM,2005-11-15,49.423634,49.363018
IWM,2005-11-16,49.438786,48.93114
IWM,2005-11-17,50.294979,49.567604
IWM,2005-11-18,50.6814,50.287408
IWM,2005-11-21,51.196602,50.401033
IWM,2005-11-22,51.469379,50.984463
IWM,2005-11-23,51.530006,51.348158
IWM,2005-11-25,51.492107,51.348146
IWM,2005-11-28,50.810219,50.620798
IWM,2005-11-29,50.885983,50.651097
IWM,2005-11-30,51.105705,50.817788
IWM,2005-12-01,51.939148,51.090541
IWM,2005-12-02,52.143719,51.613343
IWM,2005-12-05,51.772469,51.461816
IWM,2005-12-06,51.931553,51.787591
IWM,2005-12-07,51.613346,51.333001
IWM,2005-12-08,51.749714,51.2951
IWM,2005-12-09,52.007336,51.461803
IWM,2005-12-12,52.166447,51.734568
IWM,2005-12-13,52.174023,51.757295
IWM,2005-12-14,52.113415,51.840649
IWM,2005-12-15,51.583019,51.317832
IWM,2005-12-16,51.401184,51.378455
IWM,2005-12-19,50.764736,50.620775
IWM,2005-12-20,50.749565,50.416183
IWM,2005-12-21,51.363289,50.825335
IWM,2005-12-22,51.69875,51.257594
IWM,2005-12-23,51.820435,51.691132
IWM,2005-12-27,51.044605,51.01418
IWM,2005-12-28,51.348854,50.930516
IWM,2005-12-29,51.075043,51.075043
IWM,2005-12-30,50.747959,50.550199
IWM,2006-01-03,51.759602,50.238379
IWM,2006-01-04,52.041027,51.630296
IWM,2006-01-05,52.322414,51.911684
IWM,2006-01-06,52.946159,52.238791
IWM,2006-01-09,53.296028,52.915723
IWM,2006-01-10,53.775211,52.99939
IWM,2006-01-11,53.683941,53.27321
IWM,2006-01-12,53.493778,53.280808
IWM,2006-01-13,53.516605,53.257995
IWM,2006-01-17,53.265602,52.892904
IWM,2006-01-18,53.151489,52.710339
IWM,2006-01-19,54.003395,53.197149
IWM,2006-01-20,53.38731,53.113489
IWM,2006-01-23,53.554623,53.235162
IWM,2006-01-24,54.155487,53.577427
IWM,2006-01-25,54.292416,53.828442
IWM,2006-01-26,55.075874,54.315263
IWM,2006-01-27,55.34967,54.961763
IWM,2006-01-30,55.189934,55.121482
IWM,2006-01-31,55.030228,54.862892
IWM,2006-02-01,55.600651,55.121468
IWM,2006-02-02,54.764,54.505395
IWM,2006-02-03,54.59668,54.391317
IWM,2006-02-06,55.083462,54.398911
IWM,2006-02-07,54.193554,54.117494
IWM,2006-02-08,54.535801,53.9121
IWM,2006-02-09,54.254391,54.185933
IWM,2006-02-10,54.140316,53.524223
IWM,2006-02-13,53.782818,53.508997
IWM,2006-02-14,54.406517,53.47857
IWM,2006-02-15,54.885704,54.140303
IWM,2006-02-16,55.372494,54.855278
IWM,2006-02-17,55.258385,54.992172
IWM,2006-02-21,55.015003,54.649907
IWM,2006-02-22,55.387695,54.748785
IWM,2006-02-23,55.34967,55.053033
IWM,2006-02-24,55.79084,55.106289
IWM,2006-02-27,55.942924,55.767981
IWM,2006-02-28,55.205147,55.098662
IWM,2006-03-01,56.209167,55.235586
IWM,2006-03-02,55.973373,55.593068
IWM,2006-03-03,55.691917,55.638675
IWM,2006-03-06,55.258385,55.098657
IWM,2006-03-07,54.459743,54.338049
IWM,2006-03-08,54.649914,53.91212
IWM,2006-03-09,54.170731,54.170731
IWM,2006-03-10,55.007393,53.988177
IWM,2006-03-13,55.121513,54.916145
IWM,2006-03-14,55.729996,54.77163
IWM,2006-03-15,56.239594,55.555042
IWM,2006-03-16,56.110283,56.110283
IWM,2006-03-17,56.33847,56.057042
IWM,2006-03-20,56.308075,56.064679
IWM,2006-03-21,55.524597,55.524597
IWM,2006-03-22,56.384083,55.440927
IWM,2006-03-23,56.62751,56.095084
IWM,2006-03-24,57.099392,56.489516
IWM,2006-03-27,57.107021,56.73347
IWM,2006-03-28,56.809696,56.664855
IWM,2006-03-29,57.861748,56.916445
IWM,2006-03-30,57.709248,57.381441
IWM,2006-03-31,57.915092,57.427194
IWM,2006-04-03,57.434803,57.404314
IWM,2006-04-04,57.694035,57.229006
IWM,2006-04-05,57.991329,57.381454
IWM,2006-04-06,58.113308,57.594915
IWM,2006-04-07,57.183247,57.068894
IWM,2006-04-10,57.122253,56.802071
IWM,2006-04-11,56.10833,55.993977
IWM,2006-04-12,56.695354,56.070234
IWM,2006-04-13,56.840195,56.230325
IWM,2006-04-17,56.878311,56.337049
IWM,2006-04-18,58.471592,57.023148
IWM,2006-04-19,58.898525,58.143803
IWM,2006-04-20,58.585964,58.113316
IWM,2006-04-21,58.456367,58.136185
IWM,2006-04-24,57.991329,57.732136
IWM,2006-04-25,58.029453,57.541555
IWM,2006-04-26,57.9837,57.770245
IWM,2006-04-27,57.503437,57.091772
IWM,2006-04-28,58.090446,57.251872
IWM,2006-05-01,57.37381,57.37381
IWM,2006-05-02,58.159065,57.488206
IWM,2006-05-03,58.059937,57.701635
IWM,2006-05-04,58.768902,58.128538
IWM,2006-05-05,59.09671,58.944244
IWM,2006-05-08,59.180546,58.951847
IWM,2006-05-09,59.09671,58.967114
IWM,2006-05-10,58.738419,58.49447
IWM,2006-05-11,57.411919,57.350936
IWM,2006-05-12,56.032104,56.032104
IWM,2006-05-15,55.780544,55.155424
IWM,2006-05-16,55.872017,55.605199
IWM,2006-05-17,54.850483,54.77425
IWM,2006-05-18,54.332081,54.225353
IWM,2006-05-19,54.812359,53.813687
IWM,2006-05-22,54.202507,53.43254
IWM,2006-05-23,53.501122,53.440133
IWM,2006-05-24,53.912804,52.685433
IWM,2006-05-25,55.048683,54.156745
IWM,2006-05-26,55.376499,54.903845
IWM,2006-05-30,53.851814,53.790826
IWM,2006-05-31,54.789497,53.874684
IWM,2006-06-01,55.856766,54.621776
IWM,2006-06-02,55.818642,55.406977
IWM,2006-06-05,54.194874,54.019538
IWM,2006-06-06,53.966164,53.219066
IWM,2006-06-07,53.44014,53.371532
IWM,2006-06-08,53.485897,51.839236
IWM,2006-06-09,53.013237,52.921754
IWM,2006-06-12,51.793476,51.709618
IWM,2006-06-13,50.810066,50.771947
IWM,2006-06-14,51.419949,50.733846
IWM,2006-06-15,53.180943,51.770612
IWM,2006-06-16,52.487206,52.273751
IWM,2006-06-19,51.458076,51.412338
IWM,2006-06-20,51.397076,51.313218
IWM,2006-06-21,52.296631,51.267471
IWM,2006-06-22,52.101921,51.811789
IWM,2006-06-23,52.414978,51.704913
IWM,2006-06-26,53.063965,52.644032
IWM,2006-06-27,52.147766,51.933978
IWM,2006-06-28,52.376789,51.536929
IWM,2006-06-29,54.400101,52.537134
IWM,2006-06-30,54.766586,53.865644
IWM,2006-07-03,55.453754,54.789504
IWM,2006-07-05,54.644428,54.201591
IWM,2006-07-06,54.629166,54.331397
IWM,2006-07-07,53.819847,53.712956
IWM,2006-07-10,53.827457,53.583134
IWM,2006-07-11,54.300835,53.140296
IWM,2006-07-12,53.178463,53.132648
IWM,2006-07-13,51.972149,51.933971
IWM,2006-07-14,51.559834,51.116996
IWM,2006-07-17,51.491142,51.1781
IWM,2006-07-18,51.842335,50.865043
IWM,2006-07-19,53.063965,51.750726
IWM,2006-07-20,51.704918,51.628568
IWM,2006-07-21,50.964314,50.658908
IWM,2006-07-24,52.590588,51.346068
IWM,2006-07-25,52.720394,52.216474
IWM,2006-07-26,52.605839,52.010302
IWM,2006-07-27,52.101921,51.895776
IWM,2006-07-28,53.193756,52.285183
IWM,2006-07-31,53.201385,52.728007
IWM,2006-08-01,52.369175,52.056139
IWM,2006-08-02,53.063965,52.60586
IWM,2006-08-03,53.705315,52.331
IWM,2006-08-04,53.155582,52.6593
IWM,2006-08-07,52.949409,52.483668
IWM,2006-08-08,52.216465,52.056129
IWM,2006-08-09,51.689644,51.613294
IWM,2006-08-10,52.147766,51.178105
IWM,2006-08-11,51.613289,51.330794
IWM,2006-08-14,51.918694,51.674371
IWM,2006-08-15,53.002884,52.445525
IWM,2006-08-16,53.766384,53.056319
IWM,2006-08-17,53.850376,53.544971
IWM,2006-08-18,54.163425,53.453361
IWM,2006-08-21,53.583145,53.331185
IWM,2006-08-22,53.758766,53.42282
IWM,2006-08-23,53.140305,52.834899
IWM,2006-08-24,53.048687,52.613486
IWM,2006-08-25,53.140305,52.85781
IWM,2006-08-28,53.705315,53.079236
IWM,2006-08-29,54.400101,53.35409
IWM,2006-08-30,54.820038,54.239768
IWM,2006-08-31,54.797123,54.644423
IWM,2006-09-01,54.835312,54.560448
IWM,2006-09-05,55.331612,54.743705
IWM,2006-09-06,54.155792,54.087073
IWM,2006-09-07,53.674767,53.49152
IWM,2006-09-08,53.880901,53.575496
IWM,2006-09-11,53.812218,53.178503
IWM,2006-09-12,55.079624,53.88855
IWM,2006-09-13,55.54538,54.972747
IWM,2006-09-14,55.346836,54.980355
IWM,2006-09-15,55.476654,55.10253
IWM,2006-09-18,55.461395,55.07964
IWM,2006-09-19,55.217049,54.323743
IWM,2006-09-20,55.957653,55.530089
IWM,2006-09-21,55.354481,55.041439
IWM,2006-09-22,54.621517,54.25503
IWM,2006-09-25,55.270493,54.293201
IWM,2006-09-26,55.44743,55.118069
IWM,2006-09-27,55.853428,55.301939
IWM,2006-09-28,55.63126,55.340199
IWM,2006-09-29,55.148708,55.095092
IWM,2006-10-02,54.627861,54.489989
IWM,2006-10-03,54.551273,54.137657
IWM,2006-10-04,55.87635,54.451675
IWM,2006-10-05,56.588715,55.799782
IWM,2006-10-06,56.297665,55.914687
IWM,2006-10-09,56.726601,55.960646
IWM,2006-10-10,56.757183,56.404845
IWM,2006-10-11,56.535114,55.998948
IWM,2006-10-12,57.676388,56.741922
IWM,2006-10-13,58.135956,57.546167
IWM,2006-10-16,58.480614,57.975087
IWM,2006-10-17,58.189583,57.714689
IWM,2006-10-18,58.19722,57.906153
IWM,2006-10-19,58.480614,57.890831
IWM,2006-10-20,57.906151,57.81424
IWM,2006-10-23,58.021042,57.515509
IWM,2006-10-24,58.135956,57.707017
IWM,2006-10-25,58.518913,57.814237
IWM,2006-10-26,59.009132,58.112967
IWM,2006-10-27,58.319771,58.166582
IWM,2006-10-30,58.572571,57.852571
IWM,2006-10-31,58.388725,57.982764
IWM,2006-11-01,57.124905,57.124905
IWM,2006-11-02,57.040623,56.757217
IWM,2006-11-03,57.316349,56.841455
IWM,2006-11-06,57.982742,57.446577
IWM,2006-11-07,58.365765,58.036404
IWM,2006-11-08,58.664444,57.760623
IWM,2006-11-09,58.128258,57.699325
IWM,2006-11-10,58.610828,57.913813
IWM,2006-11-13,58.695087,58.365727
IWM,2006-11-14,59.82872,58.541916
IWM,2006-11-15,60.280586,59.729104
IWM,2006-11-16,60.23468,60.03553
IWM,2006-11-17,60.196346,59.621881
IWM,2006-11-20,60.280586,59.828676
IWM,2006-11-21,60.380211,59.981911
IWM,2006-11-22,60.449085,60.173341
IWM,2006-11-24,60.17337,59.92061
IWM,2006-11-27,58.825291,58.764013
IWM,2006-11-28,59.024437,58.434655
IWM,2006-11-29,59.790409,59.208288
IWM,2006-11-30,59.798077,59.361483
IWM,2006-12-01,59.575924,58.863586
IWM,2006-12-04,60.755508,59.690832
IWM,2006-12-05,60.801468,60.564024
IWM,2006-12-06,60.594654,60.349549
IWM,2006-12-07,60.334244,60.249994
IWM,2006-12-08,60.341919,59.867031
IWM,2006-12-11,60.495102,60.15808
IWM,2006-12-12,60.165707,59.660174
IWM,2006-12-13,60.242302,59.859325
IWM,2006-12-14,60.487434,60.17339
IWM,2006-12-15,60.433811,60.364872
IWM,2006-12-18,59.675507,59.461034
IWM,2006-12-19,59.637211,59.055084
IWM,2006-12-20,59.982594,59.705679
IWM,2006-12-21,59.705666,59.467208
IWM,2006-12-22,59.31337,59.267219
IWM,2006-12-26,60.159512,59.459538
IWM,2006-12-27,60.874859,60.267186
IWM,2006-12-28,60.597969,60.497975
IWM,2006-12-29,60.021049,59.990281
IWM,2007-01-03,60.121021,59.397967
IWM,2007-01-04,60.28257,59.444134
IWM,2007-01-05,59.021084,58.998003
IWM,2007-01-08,58.790298,58.63646
IWM,2007-01-09,59.344131,58.605696
IWM,2007-01-10,59.805695,58.898032
IWM,2007-01-11,60.174885,59.536444
IWM,2007-01-12,60.751808,60.097979
IWM,2007-01-16,60.344109,60.228733
IWM,2007-01-17,60.082588,60.082588
IWM,2007-01-18,59.582569,59.244117
IWM,2007-01-19,59.813362,59.12877
IWM,2007-01-22,59.374924,59.159547
IWM,2007-01-23,59.936432,59.228765
IWM,2007-01-24,60.590275,59.951839
IWM,2007-01-25,59.828743,59.636442
IWM,2007-01-26,60.05183,59.351857
IWM,2007-01-29,60.574879,60.02105
IWM,2007-01-30,60.905617,60.390251
IWM,2007-01-31,61.0364,60.482571
IWM,2007-02-01,61.690197,61.182525
IWM,2007-02-02,61.728676,61.551756
IWM,2007-02-05,61.720989,61.436387
IWM,2007-02-06,61.87484,61.374855
IWM,2007-02-07,62.444031,61.751745
IWM,2007-02-08,62.344036,61.982509
IWM,2007-02-09,61.774834,61.305618
IWM,2007-02-12,61.605591,61.228682
IWM,2007-02-13,62.059425,61.220989
IWM,2007-02-14,62.151745,61.936363
IWM,2007-02-15,62.197906,61.967143
IWM,2007-02-16,62.436367,61.797925
IWM,2007-02-20,63.036285,61.613259
IWM,2007-02-21,63.151703,62.713256
IWM,2007-02-22,63.374802,62.790204
IWM,2007-02-23,63.036285,62.813221
IWM,2007-02-26,62.99017,62.451729
IWM,2007-02-27,60.036419,59.590279
IWM,2007-02-28,60.636425,59.621075
IWM,2007-03-01,60.321033,59.036463
IWM,2007-03-02,59.121078,59.036465
IWM,2007-03-05,57.821121,57.80574
IWM,2007-03-06,59.398014,58.605734
IWM,2007-03-07,59.205677,59.074914
IWM,2007-03-08,59.651848,59.290321
IWM,2007-03-09,60.136452,59.551854
IWM,2007-03-12,60.305676,59.805691
IWM,2007-03-13,58.759533,58.659538
IWM,2007-03-14,59.382568,58.097999
IWM,2007-03-15,59.844154,59.321095
IWM,2007-03-16,59.436455,58.874939
IWM,2007-03-19,60.174885,59.851814
IWM,2007-03-20,60.651756,59.967165
IWM,2007-03-21,61.744072,60.559502
IWM,2007-03-22,61.744072,61.467164
IWM,2007-03-23,61.83963,61.693204
IWM,2007-03-26,61.708588,61.253887
IWM,2007-03-27,61.42347,61.153732
IWM,2007-03-28,60.999596,60.583426
IWM,2007-03-29,61.076622,60.490901
IWM,2007-03-30,61.230747,60.675861
IWM,2007-04-02,61.384922,60.99958
IWM,2007-04-03,62.040009,61.654667
IWM,2007-04-04,62.032307,61.654673
IWM,2007-04-05,61.993778,61.924414
IWM,2007-04-09,62.078545,61.901285
IWM,2007-04-10,62.271221,61.94753
IWM,2007-04-11,61.885868,61.500526
IWM,2007-04-12,62.30204,61.400342
IWM,2007-04-13,62.702782,62.063113
IWM,2007-04-16,63.565983,63.041918
IWM,2007-04-17,63.373287,63.149788
IWM,2007-04-18,63.003349,62.933991
IWM,2007-04-19,62.702782,62.271201
IWM,2007-04-20,63.434956,63.011083
IWM,2007-04-23,63.365608,63.103573
IWM,2007-04-24,63.33474,62.710488
IWM,2007-04-25,63.512035,63.172933
IWM,2007-04-26,63.866543,63.172927
IWM,2007-04-27,63.596775,63.211433
IWM,2007-04-30,62.224991,62.20958
IWM,2007-05-01,62.479317,61.754872
IWM,2007-05-02,63.31163,62.363687
IWM,2007-05-03,63.427238,63.172912
IWM,2007-05-04,63.827976,63.31162
IWM,2007-05-07,63.643032,63.558256
IWM,2007-05-08,63.419537,62.841524
IWM,2007-05-09,63.673866,63.157504
IWM,2007-05-10,62.887768,62.61803
IWM,2007-05-11,63.458073,62.926305
IWM,2007-05-14,62.903183,62.779871
IWM,2007-05-15,62.402225,62.255794
IWM,2007-05-16,62.741341,62.009188
IWM,2007-05-17,62.255787,62.201839
IWM,2007-05-18,62.987949,62.255797
IWM,2007-05-21,63.781765,62.926306
IWM,2007-05-22,64.174805,63.673865
IWM,2007-05-23,64.005257,63.943601
IWM,2007-05-24,63.16518,62.856906
IWM,2007-05-25,63.573662,63.226857
IWM,2007-05-29,64.15937,63.750909
IWM,2007-05-30,64.590958,63.527417
IWM,2007-05-31,64.94548,64.567847
IWM,2007-06-01,65.276909,64.883864
IWM,2007-06-04,65.346268,64.999457
IWM,2007-06-05,65.084229,64.606408
IWM,2007-06-06,64.359734,63.966684
IWM,2007-06-07,63.026478,63.026478
IWM,2007-06-08,63.851124,62.934014
IWM,2007-06-11,63.866543,63.450373
IWM,2007-06-12,62.81068,62.741322
IWM,2007-06-13,63.650707,62.995628
IWM,2007-06-14,64.228729,63.874216
IWM,2007-06-15,64.99173,64.783642
IWM,2007-06-18,64.868439,64.506216
IWM,2007-06-19,65.037994,64.344378
IWM,2007-06-20,63.91275,63.91275
IWM,2007-06-21,64.413727,63.442664
IWM,2007-06-22,63.90506,63.42724
IWM,2007-06-25,63.573662,63.196029
IWM,2007-06-26,63.103592,62.995697
IWM,2007-06-27,64.421432,62.810707
IWM,2007-06-28,64.412949,64.320294
IWM,2007-06-29,64.011383,63.826068
IWM,2007-07-02,64.837601,64.28165
IWM,2007-07-03,65.146454,64.883919
IWM,2007-07-05,65.25457,64.75267
IWM,2007-07-06,65.478493,64.907096
IWM,2007-07-09,65.41671,65.185062
IWM,2007-07-10,64.343452,64.250792
IWM,2007-07-11,64.729523,64.011421
IWM,2007-07-12,65.493919,64.883919
IWM,2007-07-13,65.555717,65.347233
IWM,2007-07-16,65.231361,65.0306
IWM,2007-07-17,65.277725,65.215952
IWM,2007-07-18,65.069244,64.158105
IWM,2007-07-19,65.25457,65.223683
IWM,2007-07-20,64.281631,63.772009
IWM,2007-07-23,64.042328,64.042328
IWM,2007-07-24,62.544296,62.150497
IWM,2007-07-25,62.312656,61.640888
IWM,2007-07-26,60.644806,59.880377
IWM,2007-07-27,59.170025,59.015597
IWM,2007-07-30,60.196972,59.108241
IWM,2007-07-31,59.532906,59.25493
IWM,2007-08-01,59.857224,58.768492
IWM,2007-08-02,60.328243,59.687361
IWM,2007-08-03,58.181686,57.880547
IWM,2007-08-06,58.706711,57.07747
IWM,2007-08-07,59.610126,58.297471
IWM,2007-08-08,61.401489,60.088834
IWM,2007-08-09,59.988499,59.919002
IWM,2007-08-10,60.274212,59.015606
IWM,2007-08-13,59.949894,59.864957
IWM,2007-08-14,58.922913,58.63722
IWM,2007-08-15,58.065845,57.710656
IWM,2007-08-16,59.355324,56.552408
IWM,2007-08-17,60.544434,59.139111
IWM,2007-08-20,60.590775,59.818622
IWM,2007-08-21,60.760654,60.227868
IWM,2007-08-22,61.486458,60.945954
IWM,2007-08-23,60.698849,60.467201
IWM,2007-08-24,61.486458,60.505827
IWM,2007-08-27,60.637123,60.606236
IWM,2007-08-28,59.10828,58.992456
IWM,2007-08-29,60.660267,59.278114
IWM,2007-08-30,60.251034,59.841794
IWM,2007-08-31,60.799225,60.467199
IWM,2007-09-04,61.57914,60.675723
IWM,2007-09-05,61.007725,60.583039
IWM,2007-09-06,61.02319,60.382302
IWM,2007-09-07,60.019386,59.447989
IWM,2007-09-10,59.185432,58.390117
IWM,2007-09-11,60.22015,59.486608
IWM,2007-09-12,59.841782,59.749121
IWM,2007-09-13,59.988499,59.586976
IWM,2007-09-14,60.297333,59.285816
IWM,2007-09-17,59.633312,59.602425
IWM,2007-09-18,62.173672,59.641014
IWM,2007-09-19,63.007599,59.656462
IWM,2007-09-20,62.382172,61.965209
IWM,2007-09-21,62.513416,62.436202
IWM,2007-09-24,62.034702,61.841664
IWM,2007-09-25,61.783123,61.365146
IWM,2007-09-26,62.324944,61.783124
IWM,2007-09-27,62.696472,62.332677
IWM,2007-09-28,61.953438,61.868294
IWM,2007-10-01,63.493752,62.023092
IWM,2007-10-02,63.903984,63.609854
IWM,2007-10-03,63.725967,63.439574
IWM,2007-10-04,63.826622,63.462826
IWM,2007-10-05,65.119217,64.229086
IWM,2007-10-08,64.631561,64.438054
IWM,2007-10-09,65.157944,64.476798
IWM,2007-10-10,65.103737,64.585138
IWM,2007-10-11,64.368408,63.981393
IWM,2007-10-12,64.879242,64.407083
IWM,2007-10-15,64.128479,63.493774
IWM,2007-10-16,63.393131,63.377647
IWM,2007-10-17,63.640812,62.742933
IWM,2007-10-18,63.486,62.998363
IWM,2007-10-19,61.218082,61.148423
IWM,2007-10-22,62.510723,60.645306
IWM,2007-10-23,62.990612,62.06952
IWM,2007-10-24,62.5881,61.233547
IWM,2007-10-25,62.433323,61.605104
IWM,2007-10-26,63.478275,62.286267
IWM,2007-10-29,63.408611,62.998376
IWM,2007-10-30,62.905468,62.66552
IWM,2007-10-31,63.718216,62.518466
IWM,2007-11-01,61.256802,61.148438
IWM,2007-11-02,61.55867,60.645313
IWM,2007-11-05,60.745934,60.4131
IWM,2007-11-06,61.891525,60.397645
IWM,2007-11-07,59.971924,59.73197
IWM,2007-11-08,60.149944,58.687026
IWM,2007-11-09,59.484287,58.926984
IWM,2007-11-12,58.911453,58.849529
IWM,2007-11-13,60.761406,59.700982
IWM,2007-11-14,60.41309,60.064772
IWM,2007-11-15,59.553921,59.012096
IWM,2007-11-16,59.050838,58.470315
IWM,2007-11-19,57.773636,57.525946
IWM,2007-11-20,58.10651,56.775176
IWM,2007-11-21,56.891258,56.504243
IWM,2007-11-23,58.098736,57.363409
IWM,2007-11-26,56.581646,56.496502
IWM,2007-11-27,57.239578,56.628099
IWM,2007-11-28,59.499741,57.943937
IWM,2007-11-29,58.988888,58.756682
IWM,2007-11-30,59.329433,58.942418
IWM,2007-12-03,58.632816,58.594112
IWM,2007-12-04,58.013607,57.711735
IWM,2007-12-05,59.166924,58.454811
IWM,2007-12-06,60.567913,58.957927
IWM,2007-12-07,60.753651,60.281492
IWM,2007-12-10,61.233578,60.529207
IWM,2007-12-11,59.097248,59.019846
IWM,2007-12-12,59.530746,58.896035
IWM,2007-12-13,59.205601,58.547676
IWM,2007-12-14,58.052319,58.013615
IWM,2007-12-17,57.16217,57.084769
IWM,2007-12-18,58.183895,56.775159
IWM,2007-12-19,58.594131,57.835585
IWM,2007-12-20,59.476524,57.912985
IWM,2007-12-21,60.838829,60.09576
IWM,2007-12-24,61.280014,60.831075
IWM,2007-12-26,61.566395,60.923948
IWM,2007-12-27,60.103996,59.731213
IWM,2007-12-28,59.459396,59.459396
IWM,2007-12-31,58.946819,58.698295
IWM,2008-01-02,58.372108,57.929419
IWM,2008-01-03,57.727509,57.494515
IWM,2008-01-04,55.987846,55.615063
IWM,2008-01-07,56.112083,55.195651
IWM,2008-01-08,54.380188,54.380188
IWM,2008-01-09,54.931595,53.292889
IWM,2008-01-10,55.684933,54.255922
IWM,2008-01-11,54.535496,54.29474
IWM,2008-01-14,54.985966,54.566581
IWM,2008-01-15,53.976326,53.642372
IWM,2008-01-16,54.030685,53.370545
IWM,2008-01-17,52.718189,52.562864
IWM,2008-01-18,52.205605,51.483331
IWM,2008-01-22,51.832817,49.852394
IWM,2008-01-23,53.603554,50.551366
IWM,2008-01-24,53.564705,53.028823
IWM,2008-01-25,53.176384,52.873496
IWM,2008-01-28,54.302509,52.586141
IWM,2008-01-29,54.442299,53.681197
IWM,2008-01-30,53.758854,53.665655
IWM,2008-01-31,55.094685,52.811368
IWM,2008-02-01,56.391651,55.141264
IWM,2008-02-04,55.754845,55.669414
IWM,2008-02-05,54.325806,54.209315
IWM,2008-02-06,53.603554,53.463759
IWM,2008-02-07,54.450085,53.176399
IWM,2008-02-08,54.108364,53.588018
IWM,2008-02-11,54.13163,53.378297
IWM,2008-02-12,54.558815,54.147198
IWM,2008-02-13,55.793652,54.908285
IWM,2008-02-14,54.504433,54.380168
IWM,2008-02-15,54.263699,53.704518
IWM,2008-02-19,54.931595,54.069526
IWM,2008-02-20,54.962662,53.720042
IWM,2008-02-21,53.914177,53.774382
IWM,2008-02-22,53.914177,52.842419
IWM,2008-02-25,54.962662,53.611313
IWM,2008-02-26,55.475246,54.60541
IWM,2008-02-27,55.451942,54.91606
IWM,2008-02-28,54.613152,54.349098
IWM,2008-02-29,53.479271,52.889025
IWM,2008-03-03,52.96669,52.19782
IWM,2008-03-04,52.656048,51.863874
IWM,2008-03-05,53.160851,52.368683
IWM,2008-03-06,51.390137,51.203745
IWM,2008-03-07,51.227047,50.6368
IWM,2008-03-10,50.093143,49.782487
IWM,2008-03-11,52.267712,49.875666
IWM,2008-03-12,51.661942,51.646411
IWM,2008-03-13,52.69487,50.636779
IWM,2008-03-14,51.366833,50.753288
IWM,2008-03-17,50.528057,49.883452
IWM,2008-03-18,52.850212,50.72222
IWM,2008-03-19,51.529919,51.452256
IWM,2008-03-20,52.407528,51.56099
IWM,2008-03-24,54.445618,52.858689
IWM,2008-03-25,54.624542,53.893309
IWM,2008-03-26,54.173355,53.939981
IWM,2008-03-27,53.675518,53.652182
IWM,2008-03-28,53.045399,52.874258
IWM,2008-03-31,53.123192,52.749794
IWM,2008-04-01,55.06797,53.784424
IWM,2008-04-02,55.200207,54.741245
IWM,2008-04-03,55.371334,54.725671
IWM,2008-04-04,55.355812,54.951297
IWM,2008-04-07,55.262424,55.060167
IWM,2008-04-08,55.207993,54.74125
IWM,2008-04-09,54.305595,54.025549
IWM,2008-04-10,54.881275,54.010018
IWM,2008-04-11,53.473251,53.224322
IWM,2008-04-14,53.309895,53.076526
IWM,2008-04-15,53.652172,53.107634
IWM,2008-04-16,55.386879,54.204465
IWM,2008-04-17,55.169098,54.570113
IWM,2008-04-18,55.752541,55.596962
IWM,2008-04-21,55.760296,55.410241
IWM,2008-04-22,54.741241,54.072242
IWM,2008-04-23,54.881275,54.414527
IWM,2008-04-24,55.410229,54.173356
IWM,2008-04-25,55.931454,55.083533
IWM,2008-04-28,56.304806,55.69026
IWM,2008-04-29,55.806965,55.45691
IWM,2008-04-30,55.542477,55.309103
IWM,2008-05-01,56.499329,55.410265
IWM,2008-05-02,56.437077,56.195922
IWM,2008-05-05,56.219273,55.91589
IWM,2008-05-06,56.678219,55.752509
IWM,2008-05-07,55.666943,55.495802
IWM,2008-05-08,55.783623,55.379114
IWM,2008-05-09,55.620262,55.262426
IWM,2008-05-12,56.841602,55.861439
IWM,2008-05-13,57.168293,56.569308
IWM,2008-05-14,57.098293,56.475966
IWM,2008-05-15,57.21497,56.864908
IWM,2008-05-16,57.526115,56.857116
IWM,2008-05-19,57.541718,57.152764
IWM,2008-05-20,57.331676,56.631566
IWM,2008-05-21,56.514843,56.20368
IWM,2008-05-22,56.919392,56.546
IWM,2008-05-23,56.172588,55.799197
IWM,2008-05-27,57.036076,56.281506
IWM,2008-05-28,57.300571,56.724917
IWM,2008-05-29,57.883961,57.152728
IWM,2008-05-30,58.086208,57.6817
IWM,2008-06-02,57.557262,56.958277
IWM,2008-06-03,57.44059,56.833824
IWM,2008-06-04,57.798416,57.051621
IWM,2008-06-05,59.276424,57.75951
IWM,2008-06-06,57.502792,57.487237
IWM,2008-06-09,57.316101,56.615985
IWM,2008-06-10,56.896038,56.203702
IWM,2008-06-11,55.9081,55.830305
IWM,2008-06-12,56.024765,55.721382
IWM,2008-06-13,57.036076,56.250389
IWM,2008-06-16,57.393887,56.748223
IWM,2008-06-17,57.347218,57.214975
IWM,2008-06-18,56.888241,56.390382
IWM,2008-06-19,57.362785,56.569324
IWM,2008-06-20,56.452633,55.89254
IWM,2008-06-23,55.923664,55.900328
IWM,2008-06-24,54.997936,54.927928
IWM,2008-06-25,55.620262,55.122403
IWM,2008-06-26,54.188953,54.150056
IWM,2008-06-27,54.24337,53.675496
IWM,2008-06-30,53.714386,53.613254
IWM,2008-07-01,53.753315,52.602017
IWM,2008-07-02,52.228367,52.197134
IWM,2008-07-03,51.947281,51.377293
IWM,2008-07-07,51.29142,50.705812
IWM,2008-07-08,53.149731,50.947847
IWM,2008-07-09,51.728653,51.53345
IWM,2008-07-10,52.236191,51.502227
IWM,2008-07-11,52.525078,51.275783
IWM,2008-07-14,51.658382,51.424137
IWM,2008-07-15,51.439777,50.377875
IWM,2008-07-16,53.329327,51.369492
IWM,2008-07-17,53.407425,53.157566
IWM,2008-07-18,53.782181,53.508899
IWM,2008-07-21,54.438076,53.860278
IWM,2008-07-22,55.804485,53.891497
IWM,2008-07-23,56.16367,55.578062
IWM,2008-07-24,54.742615,54.547412
IWM,2008-07-25,55.187653,54.820671
IWM,2008-07-28,54.250664,54.047652
IWM,2008-07-29,55.578041,54.35217
IWM,2008-07-30,55.913807,55.15642
IWM,2008-07-31,55.687344,55.234473
IWM,2008-08-01,55.757648,54.906562
IWM,2008-08-04,55.24231,54.508346
IWM,2008-08-05,56.187084,55.242305
IWM,2008-08-06,56.468155,55.593646
IWM,2008-08-07,55.624901,55.414085
IWM,2008-08-08,57.092819,55.421887
IWM,2008-08-11,58.459255,57.100641
IWM,2008-08-12,58.021999,57.826797
IWM,2008-08-13,58.232777,57.412924
IWM,2008-08-14,58.794991,57.826782
IWM,2008-08-15,58.638824,58.154726
IWM,2008-08-18,57.881447,57.436385
IWM,2008-08-19,56.921055,56.561883
IWM,2008-08-20,56.999138,56.436954
IWM,2008-08-21,56.343254,56.257365
IWM,2008-08-22,57.530075,56.702418
IWM,2008-08-25,56.265182,55.195476
IWM,2008-08-26,56.351048,55.796673
IWM,2008-08-27,57.022549,56.304205
IWM,2008-08-28,58.178131,57.02253
IWM,2008-08-29,57.67844,57.412962
IWM,2008-09-02,57.662819,56.999132
IWM,2008-09-03,57.89706,57.303643
IWM,2008-09-04,56.077755,55.812283
IWM,2008-09-05,55.937214,54.765999
IWM,2008-09-08,56.593113,55.937229
IWM,2008-09-09,55.289135,55.093933
IWM,2008-09-10,55.804485,54.992442
IWM,2008-09-11,56.155853,54.57862
IWM,2008-09-12,56.413528,55.468749
IWM,2008-09-15,53.883694,53.711915
IWM,2008-09-16,55.437523,52.884276
IWM,2008-09-17,52.938911,52.665623
IWM,2008-09-18,56.062153,52.439195
IWM,2008-09-19,58.560722,57.74087
IWM,2008-09-22,56.179268,54.82847
IWM,2008-09-23,55.429676,55.28913
IWM,2008-09-24,54.725471,53.911709
IWM,2008-09-25,55.007156,54.686344
IWM,2008-09-26,55.265392,53.825662
IWM,2008-09-29,50.899242,50.899242
IWM,2008-09-30,53.2075,50.899236
IWM,2008-10-01,52.440678,51.869483
IWM,2008-10-02,49.749043,49.623845
IWM,2008-10-03,49.060448,48.301457
IWM,2008-10-06,46.728706,44.115279
IWM,2008-10-07,43.661457,43.52844
IWM,2008-10-08,42.612946,41.869605
IWM,2008-10-09,39.115337,38.692807
IWM,2008-10-10,41.040203,36.392369
IWM,2008-10-13,44.584763,41.040204
IWM,2008-10-14,43.332813,42.143469
IWM,2008-10-15,39.443985,39.162298
IWM,2008-10-16,42.026108,37.785158
IWM,2008-10-17,40.844574,39.686529
IWM,2008-10-20,42.792908,41.048015
IWM,2008-10-21,41.611397,41.32971
IWM,2008-10-22,39.506588,38.583281
IWM,2008-10-23,38.332893,36.525401
IWM,2008-10-24,36.908798,35.124783
IWM,2008-10-27,35.101315,34.97612
IWM,2008-10-28,37.910343,34.49098
IWM,2008-10-29,38.105968,37.4174
IWM,2008-10-30,40.242077,38.747572
IWM,2008-10-31,42.057411,39.498755
IWM,2008-11-03,42.112164,41.767881
IWM,2008-11-04,42.597309,41.775723
IWM,2008-11-05,40.367271,40.148183
IWM,2008-11-06,38.802349,38.763227
IWM,2008-11-07,39.608295,38.58327
IWM,2008-11-10,38.692822,38.28594
IWM,2008-11-11,37.855572,37.566058
IWM,2008-11-12,35.64904,35.461248
IWM,2008-11-13,38.583248,33.833698
IWM,2008-11-14,35.71162,35.602076
IWM,2008-11-17,35.40646,35.124773
IWM,2008-11-18,35.234325,33.724171
IWM,2008-11-19,32.36269,32.268795
IWM,2008-11-20,30.148308,30.077886
IWM,2008-11-21,31.799305,29.045034
IWM,2008-11-24,34.037163,31.869738
IWM,2008-11-25,34.60054,33.379896
IWM,2008-11-26,36.674049,33.802411
IWM,2008-11-28,37.041805,36.118499
IWM,2008-12-01,32.879105,32.472223
IWM,2008-12-02,34.608345,32.832153
IWM,2008-12-03,35.656853,33.661572
IWM,2008-12-04,34.475349,33.849376
IWM,2008-12-05,36.07156,33.129499
IWM,2008-12-08,37.667793,36.752312
IWM,2008-12-09,36.501911,36.212398
IWM,2008-12-10,37.362625,36.587985
IWM,2008-12-11,35.469048,35.046517
IWM,2008-12-12,36.689705,34.444036
IWM,2008-12-15,35.508179,34.913505
IWM,2008-12-16,37.816441,36.071545
IWM,2008-12-17,38.160736,37.22178
IWM,2008-12-18,37.918171,37.026163
IWM,2008-12-19,38.105968,37.72256
IWM,2008-12-22,37.370461,36.087221
IWM,2008-12-23,36.827225,36.535509
IWM,2008-12-24,36.961262,36.393596
IWM,2008-12-26,37.489494,36.842988
IWM,2008-12-29,36.913956,36.196491
IWM,2008-12-30,37.938896,36.874527
IWM,2008-12-31,38.82193,37.954663
IWM,2009-01-02,39.594589,38.806167
IWM,2009-01-05,39.7365,38.940191
IWM,2009-01-06,40.406658,39.720731
IWM,2009-01-07,39.216156,38.656373
IWM,2009-01-08,39.405365,38.766742
IWM,2009-01-09,37.946785,37.781214
IWM,2009-01-12,36.81934,36.661655
IWM,2009-01-13,37.308147,36.590683
IWM,2009-01-14,35.66824,35.573627
IWM,2009-01-15,36.243793,34.540801
IWM,2009-01-16,36.645889,35.455372
IWM,2009-01-20,34.162361,34.146592
IWM,2009-01-21,35.865356,33.93372
IWM,2009-01-22,34.824638,34.193901
IWM,2009-01-23,34.998085,33.791799
IWM,2009-01-26,35.392292,34.832513
IWM,2009-01-27,35.778629,35.25827
IWM,2009-01-28,37.252964,35.865342
IWM,2009-01-29,35.794392,35.676127
IWM,2009-01-30,35.069035,34.777319
IWM,2009-02-02,35.352875,34.406767
IWM,2009-02-03,35.605179,35.045399
IWM,2009-02-04,35.344986,35.108457
IWM,2009-02-05,35.754967,34.848282
IWM,2009-02-06,37.024326,35.644587
IWM,2009-02-09,36.858765,36.440902
IWM,2009-02-10,35.155762,35.045383
IWM,2009-02-11,35.289803,34.761561
IWM,2009-02-12,35.589409,34.272744
IWM,2009-02-13,35.218853,35.147898
IWM,2009-02-17,33.823334,33.768144
IWM,2009-02-18,33.342396,33.216248
IWM,2009-02-19,32.877224,32.822035
IWM,2009-02-20,32.435711,31.686709
IWM,2009-02-23,31.190016,31.119058
IWM,2009-02-24,32.341103,31.221541
IWM,2009-02-25,31.670938,31.134814
IWM,2009-02-26,31.079622,30.914054
IWM,2009-02-27,30.86676,30.464663
IWM,2009-03-02,29.124332,29.029723
IWM,2009-03-03,28.572441,28.398987
IWM,2009-03-04,29.163757,28.556671
IWM,2009-03-05,27.610567,27.531723
IWM,2009-03-06,27.75248,27.058667
IWM,2009-03-09,27.113867,27.011371
IWM,2009-03-10,28.879925,27.673636
IWM,2009-03-11,28.919336,28.667041
IWM,2009-03-12,30.716944,28.438403
IWM,2009-03-13,31.040184,30.559246
IWM,2009-03-16,30.480421,30.40158
IWM,2009-03-17,31.89171,30.299095
IWM,2009-03-18,32.995487,31.465948
IWM,2009-03-19,32.648582,32.443594
IWM,2009-03-20,31.521132,31.49748
IWM,2009-03-23,34.201767,32.270131
IWM,2009-03-24,32.873695,32.834143
IWM,2009-03-25,33.799164,32.280457
IWM,2009-03-26,35.104313,33.90991
IWM,2009-03-27,33.925732,33.878274
IWM,2009-03-30,32.952793,32.256718
IWM,2009-03-31,33.261295,32.913259
IWM,2009-04-01,33.838722,32.517764
IWM,2009-04-02,35.531433,34.661341
IWM,2009-04-03,36.093052,35.088489
IWM,2009-04-06,35.476082,34.827467
IWM,2009-04-07,34.218395,34.107657
IWM,2009-04-08,34.851189,34.163022
IWM,2009-04-09,36.891949,35.673818
IWM,2009-04-13,36.907776,36.124691
IWM,2009-04-14,35.839928,35.776647
IWM,2009-04-15,36.385704,35.507701
IWM,2009-04-16,37.437729,36.195866
IWM,2009-04-17,37.769947,37.113421
IWM,2009-04-20,35.832016,35.752918
IWM,2009-04-21,37.073864,35.555158
IWM,2009-04-22,37.065952,36.409426
IWM,2009-04-23,36.978962,36.330347
IWM,2009-04-24,37.66713,36.915685
IWM,2009-04-27,37.263706,36.868209
IWM,2009-04-28,37.319088,36.686294
IWM,2009-04-29,38.734962,37.675031
IWM,2009-04-30,38.379017,38.323648
IWM,2009-05-01,38.616314,38.292007
IWM,2009-05-04,40.024269,38.81405
IWM,2009-05-05,39.826538,39.257025
IWM,2009-05-06,39.937283,39.154197
IWM,2009-05-07,38.995998,38.671691
IWM,2009-05-08,40.348595,39.264934
IWM,2009-05-11,39.755356,39.383591
IWM,2009-05-12,39.193741,38.529306
IWM,2009-05-13,37.39817,37.342801
IWM,2009-05-14,37.920231,37.224159
IWM,2009-05-15,37.777859,37.398182
IWM,2009-05-18,39.043438,38.054696
IWM,2009-05-19,39.059269,38.600491
IWM,2009-05-20,38.695415,38.640046
IWM,2009-05-21,38.197086,37.532652
IWM,2009-05-22,37.801582,37.453543
IWM,2009-05-26,39.605053,37.42982
IWM,2009-05-27,38.837784,38.766594
IWM,2009-05-28,38.885242,38.046788
IWM,2009-05-29,39.684151,38.82197
IWM,2009-06-01,41.234505,40.419779
IWM,2009-06-02,41.74865,40.878558
IWM,2009-06-03,41.471798,40.926013
IWM,2009-06-04,42.065041,41.202857
IWM,2009-06-05,42.080868,41.669551
IWM,2009-06-08,41.582554,41.163328
IWM,2009-06-09,41.772366,41.574617
IWM,2009-06-10,41.60627,40.823188
IWM,2009-06-11,41.622074,41.590437
IWM,2009-06-12,41.74865,41.044666
IWM,2009-06-15,40.625439,40.182481
IWM,2009-06-16,39.945164,39.802785
IWM,2009-06-17,40.158752,39.549687
IWM,2009-06-18,40.340675,39.786979
IWM,2009-06-19,40.585892,40.427692
IWM,2009-06-22,39.14629,39.0751
IWM,2009-06-23,38.829872,38.774503
IWM,2009-06-24,39.249107,39.019721
IWM,2009-06-25,40.38023,38.829883
IWM,2009-06-26,40.52261,40.000554
IWM,2009-06-29,40.52261,39.866086
IWM,2009-06-30,40.403957,40.158748
IWM,2009-07-01,41.028835,40.585881
IWM,2009-07-02,39.616737,39.442108
IWM,2009-07-06,39.26749,38.616604
IWM,2009-07-07,38.418159,38.378469
IWM,2009-07-08,38.156212,37.521202
IWM,2009-07-09,37.997452,37.933952
IWM,2009-07-10,38.180016,37.56882
IWM,2009-07-13,39.1008,37.640274
IWM,2009-07-14,39.330986,38.854729
IWM,2009-07-15,40.847057,39.894541
IWM,2009-07-16,41.355087,40.593075
IWM,2009-07-17,41.196335,41.061393
IWM,2009-07-20,41.70435,41.299528
IWM,2009-07-21,41.632889,41.109005
IWM,2009-07-22,41.958347,41.386837
IWM,2009-07-23,43.283924,41.886902
IWM,2009-07-24,43.506176,42.831475
IWM,2009-07-27,43.728443,43.19662
IWM,2009-07-28,43.752235,43.133101
IWM,2009-07-29,43.529991,43.291863
IWM,2009-07-30,44.292015,43.958636
IWM,2009-07-31,44.109444,44.085632
IWM,2009-08-03,44.879402,44.149138
IWM,2009-08-04,45.331841,44.577764
IWM,2009-08-05,44.879402,44.450769
IWM,2009-08-06,44.252335,44.141208
IWM,2009-08-07,45.315975,44.680965
IWM,2009-08-10,45.395329,45.014322
IWM,2009-08-11,44.665066,44.434874
IWM,2009-08-12,45.33979,44.657153
IWM,2009-08-13,45.712849,45.030211
IWM,2009-08-14,44.776203,44.307883
IWM,2009-08-17,43.514122,43.402996
IWM,2009-08-18,44.093575,43.593503
IWM,2009-08-19,44.633335,43.514128
IWM,2009-08-20,45.117512,44.339624
IWM,2009-08-21,46.157352,45.538215
IWM,2009-08-24,46.141479,45.911287
IWM,2009-08-25,46.339909,46.197031
IWM,2009-08-26,46.443108,46.062101
IWM,2009-08-27,46.371655,45.427077
IWM,2009-08-28,46.077988,45.76842
IWM,2009-08-31,45.403282,45.188966
IWM,2009-09-01,44.387253,44.212627
IWM,2009-09-02,44.16502,44.030082
IWM,2009-09-03,44.657135,43.823684
IWM,2009-09-04,45.28421,44.347569
IWM,2009-09-08,45.784286,45.244527
IWM,2009-09-09,46.570103,45.657276
IWM,2009-09-10,47.149555,46.197038
IWM,2009-09-11,47.16544,46.911435
IWM,2009-09-14,47.665485,46.728844
IWM,2009-09-15,48.054428,47.44323
IWM,2009-09-16,49.04665,48.117945
IWM,2009-09-17,48.943474,48.697406
IWM,2009-09-18,49.141895,48.625948
IWM,2009-09-21,49.006969,48.491022
IWM,2009-09-22,49.345108,49.002986
IWM,2009-09-23,48.875683,48.780208
IWM,2009-09-24,47.897053,47.546973
IWM,2009-09-25,47.602669,47.348064
IWM,2009-09-28,48.740433,47.769763
IWM,2009-09-29,48.5256,48.469903
IWM,2009-09-30,47.928886,47.387856
IWM,2009-10-01,46.496738,46.417176
IWM,2009-10-02,46.14666,45.772712
IWM,2009-10-05,46.97414,46.210334
IWM,2009-10-06,47.849312,47.22872
IWM,2009-10-07,47.865231,47.618583
IWM,2009-10-08,48.302826,48.032311
IWM,2009-10-09,48.867744,48.27102
IWM,2009-10-12,48.875683,48.644949
IWM,2009-10-13,48.668819,48.215309
IWM,2009-10-14,49.599712,48.971162
IWM,2009-10-15,49.567886,49.193941
IWM,2009-10-16,49.074589,48.644947
IWM,2009-10-19,49.480373,48.835913
IWM,2009-10-20,48.796116,48.525601
IWM,2009-10-21,48.135738,48.064131
IWM,2009-10-22,48.804073,47.554931
IWM,2009-10-23,47.78566,47.714053
IWM,2009-10-26,47.356041,47.117352
IWM,2009-10-27,46.7752,46.695635
IWM,2009-10-28,45.215778,45.024825
IWM,2009-10-29,46.075062,45.446512
IWM,2009-10-30,44.817959,44.539486
IWM,2009-11-02,44.730434,44.022322
IWM,2009-11-03,45.406723,44.30875
IWM,2009-11-04,44.754307,44.754307
IWM,2009-11-05,46.178493,45.16804
IWM,2009-11-06,46.210308,45.565845
IWM,2009-11-09,47.117344,46.584269
IWM,2009-11-10,46.822948,46.441045
IWM,2009-11-11,47.149147,46.783157
IWM,2009-11-12,46.281906,46.14665
IWM,2009-11-13,46.727482,45.852288
IWM,2009-11-16,47.960701,47.037768
IWM,2009-11-17,47.960701,47.531062
IWM,2009-11-18,47.865231,47.419675
IWM,2009-11-19,46.671783,46.297835
IWM,2009-11-20,46.616089,46.218273
IWM,2009-11-23,47.427628,47.173026
IWM,2009-11-24,47.212822,46.639966
IWM,2009-11-25,47.204853,47.149156
IWM,2009-11-27,45.812504,45.382862
IWM,2009-11-30,46.218266,45.239638
IWM,2009-12-01,46.934334,46.512647
IWM,2009-12-02,47.491268,46.990022
IWM,2009-12-03,46.910461,46.886593
IWM,2009-12-04,48.072098,47.165078
IWM,2009-12-07,48.143692,47.825441
IWM,2009-12-08,47.769737,47.24462
IWM,2009-12-09,47.618568,47.180971
IWM,2009-12-10,47.427628,47.22872
IWM,2009-12-11,47.873192,47.324207
IWM,2009-12-14,48.59721,47.714058
IWM,2009-12-15,48.461952,48.358519
IWM,2009-12-16,48.77224,48.453989
IWM,2009-12-17,48.231224,47.881147
IWM,2009-12-18,48.676773,47.992529
IWM,2009-12-21,49.321236,49.02685
IWM,2009-12-22,49.782696,49.265534
IWM,2009-12-23,50.424183,49.753138
IWM,2009-12-24,50.615921,50.432183
IWM,2009-12-28,50.536022,50.304354
IWM,2009-12-29,50.512054,50.472112
IWM,2009-12-30,50.480106,50.048723
IWM,2009-12-31,49.880962,49.737167
IWM,2010-01-04,51.111195,50.544003
IWM,2010-01-05,50.935467,50.719777
IWM,2010-01-06,50.887539,50.759721
IWM,2010-01-07,51.262981,50.440154
IWM,2010-01-08,51.542595,50.967416
IWM,2010-01-11,51.334888,51.135173
IWM,2010-01-12,50.775684,50.536023
IWM,2010-01-13,51.430767,50.512077
IWM,2010-01-14,51.622467,51.143145
IWM,2010-01-15,50.871544,50.544011
IWM,2010-01-19,51.806213,51.063271
IWM,2010-01-20,51.055275,50.480093
IWM,2010-01-21,50.216499,50.040749
IWM,2010-01-22,49.31377,48.874397
IWM,2010-01-25,49.369698,48.994234
IWM,2010-01-26,48.882385,48.842443
IWM,2010-01-27,49.401653,48.498938
IWM,2010-01-28,48.554832,48.107472
IWM,2010-01-29,48.019608,47.907767
IWM,2010-02-01,48.5868,48.059551
IWM,2010-02-02,49.122044,48.427031
IWM,2010-02-03,48.79451,48.403066
IWM,2010-02-04,47.164845,47.124902
IWM,2010-02-05,47.348576,46.33402
IWM,2010-02-08,46.877235,46.829303
IWM,2010-02-09,47.524334,46.933174
IWM,2010-02-10,47.636162,46.885229
IWM,2010-02-11,48.395073,47.132869
IWM,2010-02-12,48.746582,47.779959
IWM,2010-02-16,49.569401,48.794506
IWM,2010-02-17,49.904919,49.521465
IWM,2010-02-18,50.312347,49.729178
IWM,2010-02-19,50.376274,50.016785
IWM,2010-02-22,50.528053,50.344315
IWM,2010-02-23,49.93689,49.793097
IWM,2010-02-24,50.360279,49.968835
IWM,2010-02-25,50.376274,49.513501
IWM,2010-02-26,50.168541,49.896928
IWM,2010-03-01,51.334888,50.536023
IWM,2010-03-02,51.72633,51.446729
IWM,2010-03-03,52.021912,51.750295
IWM,2010-03-04,52.157734,51.822213
IWM,2010-03-05,53.220215,52.325487
IWM,2010-03-08,53.316063,53.140312
IWM,2010-03-09,53.507812,53.148321
IWM,2010-03-10,53.963154,53.531767
IWM,2010-03-11,54.122917,53.443885
IWM,2010-03-12,54.098942,53.731466
IWM,2010-03-15,53.915226,53.523785
IWM,2010-03-16,54.378559,53.795387
IWM,2010-03-17,54.698097,54.482401
IWM,2010-03-18,54.530346,54.43448
IWM,2010-03-19,53.851295,53.65158
IWM,2010-03-22,54.610233,53.348029
IWM,2010-03-23,55.305241,54.410513
IWM,2010-03-24,54.67416,54.658146
IWM,2010-03-25,54.329773,54.289734
IWM,2010-03-26,54.305771,54.105558
IWM,2010-03-29,54.602089,54.305771
IWM,2010-03-30,54.770279,54.353838
IWM,2010-03-31,54.297756,54.289746
IWM,2010-04-01,54.802288,53.969401
IWM,2010-04-05,55.827358,54.81028
IWM,2010-04-06,56.155743,55.523069
IWM,2010-04-07,55.979561,55.619174
IWM,2010-04-08,55.923496,55.386927
IWM,2010-04-09,56.259857,55.659218
IWM,2010-04-12,56.492096,56.15574
IWM,2010-04-13,56.62022,56.011577
IWM,2010-04-14,57.829536,56.852496
IWM,2010-04-15,58.005707,57.733414
IWM,2010-04-16,57.228882,56.812441
IWM,2010-04-19,56.948597,55.883462
IWM,2010-04-20,57.725437,57.004669
IWM,2010-04-21,58.12582,57.597255
IWM,2010-04-22,58.742508,57.228898
IWM,2010-04-23,59.367172,58.173904
IWM,2010-04-26,59.142918,59.126903
IWM,2010-04-27,57.789494,57.677369
IWM,2010-04-28,57.885597,57.59729
IWM,2010-04-29,59.110886,57.965667
IWM,2010-04-30,57.38105,57.31698
IWM,2010-05-03,58.670433,57.709407
IWM,2010-05-04,56.828461,56.484094
IWM,2010-05-05,55.995552,55.571102
IWM,2010-05-06,53.897339,50.74198
IWM,2010-05-07,52.343693,51.767078
IWM,2010-05-10,55.282814,54.217679
IWM,2010-05-11,55.651203,54.441921
IWM,2010-05-12,57.357052,55.89149
IWM,2010-05-13,56.804428,56.532135
IWM,2010-05-14,55.707268,54.954471
IWM,2010-05-17,55.811382,54.257727
IWM,2010-05-18,54.738235,54.562047
IWM,2010-05-19,54.089554,53.320737
IWM,2010-05-20,51.350643,51.318608
IWM,2010-05-21,52.111435,50.261466
IWM,2010-05-24,51.414715,51.366666
IWM,2010-05-25,51.406685,49.420569
IWM,2010-05-26,51.534828,51.238514
IWM,2010-05-27,53.745174,51.534821
IWM,2010-05-28,53.056442,52.640002
IWM,2010-06-01,51.446728,51.406689
IWM,2010-06-02,52.912292,51.270543
IWM,2010-06-03,53.593025,52.752134
IWM,2010-06-04,50.902157,50.749993
IWM,2010-06-07,49.588764,49.540715
IWM,2010-06-08,49.56472,48.611708
IWM,2010-06-09,49.59676,49.32447
IWM,2010-06-10,51.310577,50.293495
IWM,2010-06-11,52.007339,50.597838
IWM,2010-06-14,52.335678,52.18352
IWM,2010-06-15,53.649075,52.343688
IWM,2010-06-16,53.400799,53.056432
IWM,2010-06-17,53.464886,52.832212
IWM,2010-06-18,53.496895,53.216592
IWM,2010-06-21,52.944305,52.631974
IWM,2010-06-22,51.855167,51.791098
IWM,2010-06-23,51.711021,51.102375
IWM,2010-06-24,50.886135,50.766006
IWM,2010-06-25,51.759052,50.613837
IWM,2010-06-28,51.462753,51.182453
IWM,2010-06-29,49.516693,49.156309
IWM,2010-06-30,48.948074,48.803921
IWM,2010-07-01,48.595692,47.346362
IWM,2010-07-02,48.064598,47.743202
IWM,2010-07-06,47.437889,47.132563
IWM,2010-07-07,49.093056,47.397701
IWM,2010-07-08,49.800114,49.044837
IWM,2010-07-09,50.571472,49.631394
IWM,2010-07-12,50.000999,49.510872
IWM,2010-07-13,51.583878,50.491138
IWM,2010-07-14,51.399067,50.997323
IWM,2010-07-15,50.925011,50.306325
IWM,2010-07-16,49.068962,48.924334
IWM,2010-07-19,49.277863,48.329748
IWM,2010-07-20,50.105453,48.377955
IWM,2010-07-21,49.20554,49.093049
IWM,2010-07-22,50.957146,49.952787
IWM,2010-07-23,52.210587,50.571469
IWM,2010-07-26,53.399765,52.162394
IWM,2010-07-27,53.206902,53.014066
IWM,2010-07-28,52.347172,52.049879
IWM,2010-07-29,52.210587,51.382993
IWM,2010-07-30,52.242729,51.278547
IWM,2010-08-02,53.150661,52.700705
IWM,2010-08-03,52.724827,52.298973
IWM,2010-08-04,53.279209,52.797118
IWM,2010-08-05,52.652512,52.596268
IWM,2010-08-06,52.339149,51.310687
IWM,2010-08-09,52.91766,52.106136
IWM,2010-08-10,51.921318,51.527605
IWM,2010-08-11,49.880486,49.743891
IWM,2010-08-12,49.631386,48.819862
IWM,2010-08-13,49.068962,48.988615
IWM,2010-08-16,49.462669,48.514554
IWM,2010-08-17,50.314346,49.703698
IWM,2010-08-18,50.467014,49.767978
IWM,2010-08-19,49.08503,48.964505
IWM,2010-08-20,49.133224,48.321701
IWM,2010-08-23,48.466339,48.434199
IWM,2010-08-24,47.911938,47.245042
IWM,2010-08-25,48.635063,47.317345
IWM,2010-08-26,48.273506,48.096738
IWM,2010-08-27,49.534973,47.855685
IWM,2010-08-30,48.450264,48.42616
IWM,2010-08-31,48.353859,47.952115
IWM,2010-09-01,50.225983,49.028788
IWM,2010-09-02,50.780396,50.033152
IWM,2010-09-03,51.688332,51.10982
IWM,2010-09-07,50.708073,50.547375
IWM,2010-09-08,51.00536,50.804488
IWM,2010-09-09,51.037502,50.651829
IWM,2010-09-10,51.198193,50.9009
IWM,2010-09-13,52.443592,51.680282
IWM,2010-09-14,52.218632,52.033833
IWM,2010-09-15,52.515919,51.688328
IWM,2010-09-16,52.178452,51.736531
IWM,2010-09-17,52.395386,51.648143
IWM,2010-09-20,53.849705,52.20256
IWM,2010-09-21,53.536354,53.456007
IWM,2010-09-22,52.901581,52.491807
IWM,2010-09-23,52.261219,52.084013
IWM,2010-09-24,53.960827,52.913673
IWM,2010-09-27,53.823883,53.574178
IWM,2010-09-28,54.355541,52.962013
IWM,2010-09-29,54.508572,54.065547
IWM,2010-09-30,54.371651,53.92862
IWM,2010-10-01,54.661617,54.170258
IWM,2010-10-04,53.920559,53.550027
IWM,2010-10-05,55.451008,54.170257
IWM,2010-10-06,55.265762,54.951616
IWM,2010-10-07,55.104637,54.709935
IWM,2010-10-08,55.805424,54.887148
IWM,2010-10-11,55.853764,55.692665
IWM,2010-10-12,55.998749,55.104643
IWM,2010-10-13,56.852585,56.200121
IWM,2010-10-14,56.812321,56.296798
IWM,2010-10-15,56.618992,56.296788
IWM,2010-10-18,57.094242,56.594832
IWM,2010-10-19,55.982647,55.539616
IWM,2010-10-20,56.554558,55.926264
IWM,2010-10-21,56.280685,55.547672
IWM,2010-10-22,56.643147,56.192065
IWM,2010-10-25,56.981464,56.675374
IWM,2010-10-26,56.941196,56.377339
IWM,2010-10-27,56.7962,56.014858
IWM,2010-10-28,56.449856,56.184037
IWM,2010-10-29,56.627071,56.248483
IWM,2010-11-01,56.240414,55.829604
IWM,2010-11-02,57.408409,56.602903
IWM,2010-11-03,57.633923,56.788139
IWM,2010-11-04,59.091881,58.495808
IWM,2010-11-05,59.422153,59.043571
IWM,2010-11-08,59.373825,58.89858
IWM,2010-11-09,58.584442,58.262239
IWM,2010-11-10,59.2369,58.085027
IWM,2010-11-11,59.003307,58.366957
IWM,2010-11-12,58.020588,57.915874
IWM,2010-11-15,58.028622,57.972237
IWM,2010-11-16,56.900921,56.506225
IWM,2010-11-17,57.053947,56.70758
IWM,2010-11-18,58.165577,57.722552
IWM,2010-11-19,58.358891,57.617827
IWM,2010-11-22,58.640808,57.786968
IWM,2010-11-23,58.085022,57.593663
IWM,2010-11-24,59.389942,58.600544
IWM,2010-11-26,58.97913,58.906631
IWM,2010-11-29,59.067753,58.020593
IWM,2010-11-30,58.60054,58.141402
IWM,2010-12-01,59.913521,58.648877
IWM,2010-12-02,60.517654,59.897418
IWM,2010-12-03,60.952618,60.219611
IWM,2010-12-06,61.331226,60.815703
IWM,2010-12-07,61.685623,61.548689
IWM,2010-12-08,61.64534,61.516462
IWM,2010-12-09,61.854805,61.6051
IWM,2010-12-10,62.628071,61.838673
IWM,2010-12-13,62.305862,62.281698
IWM,2010-12-14,62.273628,62.168915
IWM,2010-12-15,62.080322,61.959495
IWM,2010-12-16,62.652218,61.911154
IWM,2010-12-17,62.845547,62.257531
IWM,2010-12-20,63.095257,62.773053
IWM,2010-12-21,63.796047,63.304688
IWM,2010-12-22,63.777439,63.696525
IWM,2010-12-23,63.696518,63.607511
IWM,2010-12-27,63.890705,63.364755
IWM,2010-12-28,63.712688,63.534674
IWM,2010-12-29,63.850269,63.720802
IWM,2010-12-30,63.728874,63.728874
IWM,2010-12-31,63.308128,63.251488
IWM,2011-01-03,64.408554,63.704595
IWM,2011-01-04,63.453758,62.76598
IWM,2011-01-05,64.198204,63.202949
IWM,2011-01-06,63.898834,63.639905
IWM,2011-01-07,63.534679,62.660799
IWM,2011-01-10,63.898834,62.806479
IWM,2011-01-11,64.15773,63.817887
IWM,2011-01-12,64.707977,64.335768
IWM,2011-01-13,64.683693,64.384304
IWM,2011-01-14,65.169197,64.481418
IWM,2011-01-18,65.217743,64.627065
IWM,2011-01-19,63.542797,63.405243
IWM,2011-01-20,62.879253,62.579865
IWM,2011-01-21,62.45853,62.40189
IWM,2011-01-24,62.919727,62.37759
IWM,2011-01-25,63.016853,62.264341
IWM,2011-01-26,64.020187,62.911646
IWM,2011-01-27,64.206299,63.704628
IWM,2011-01-28,62.636555,62.571821
IWM,2011-01-31,63.073479,62.507074
IWM,2011-02-01,64.529915,63.413287
IWM,2011-02-02,64.287216,64.262943
IWM,2011-02-03,64.513741,63.51848
IWM,2011-02-04,64.627068,64.117297
IWM,2011-02-07,65.266289,64.659424
IWM,2011-02-08,65.727493,65.007342
IWM,2011-02-09,65.436203,65.07208
IWM,2011-02-10,65.695099,64.9264
IWM,2011-02-11,66.407181,65.371466
IWM,2011-02-14,66.74704,66.391017
IWM,2011-02-15,66.366737,66.213002
IWM,2011-02-16,66.900749,66.496173
IWM,2011-02-17,67.370064,66.714646
IWM,2011-02-18,67.442902,67.192066
IWM,2011-02-22,65.711304,65.614203
IWM,2011-02-23,64.578506,64.15775
IWM,2011-02-24,64.991165,64.214379
IWM,2011-02-25,66.496193,65.250097
IWM,2011-02-28,66.569054,66.018829
IWM,2011-03-01,65.23394,65.015465
IWM,2011-03-02,65.50901,64.926419
IWM,2011-03-03,66.997833,65.56563
IWM,2011-03-04,66.706581,66.067349
IWM,2011-03-07,65.614212,65.063994
IWM,2011-03-08,66.682312,65.177287
IWM,2011-03-09,66.415283,66.148261
IWM,2011-03-10,64.707977,64.489502
IWM,2011-03-11,64.877876,64.149637
IWM,2011-03-14,64.529915,63.85023
IWM,2011-03-15,63.955471,62.766015
IWM,2011-03-16,63.316219,62.919736
IWM,2011-03-17,63.453758,63.453758
IWM,2011-03-18,64.295319,63.979749
IWM,2011-03-21,65.784157,65.023551
IWM,2011-03-22,65.436203,65.274369
IWM,2011-03-23,65.638489,64.610861
IWM,2011-03-24,66.091759,65.467407
IWM,2011-03-25,66.667435,66.124172
IWM,2011-03-28,66.521523,66.464764
IWM,2011-03-29,67.145851,66.148519
IWM,2011-03-30,68.013443,67.332338
IWM,2011-03-31,68.248589,67.867492
IWM,2011-04-01,68.548615,68.313469
IWM,2011-04-04,68.702675,68.548613
IWM,2011-04-05,69.075661,68.532392
IWM,2011-04-06,69.229691,68.8486
IWM,2011-04-07,68.81617,68.613459
IWM,2011-04-08,68.094528,67.786404
IWM,2011-04-11,67.486404,67.218825
IWM,2011-04-12,66.602592,66.52962
IWM,2011-04-13,66.69178,66.22149
IWM,2011-04-14,66.99987,66.043077
IWM,2011-04-15,67.713432,66.69988
IWM,2011-04-18,66.59446,66.026873
IWM,2011-04-19,66.610725,66.221518
IWM,2011-04-20,67.972893,67.502603
IWM,2011-04-21,68.475616,67.891815
IWM,2011-04-25,68.386436,67.924257
IWM,2011-04-26,69.067566,68.394565
IWM,2011-04-27,69.481087,68.83241
IWM,2011-04-28,69.797295,69.343219
IWM,2011-04-29,70.048653,69.675666
IWM,2011-05-02,69.229691,69.148608
IWM,2011-05-03,68.353989,67.883699
IWM,2011-05-04,67.470177,67.080976
IWM,2011-05-05,67.162086,66.821534
IWM,2011-05-06,67.518829,67.170167
IWM,2011-05-09,68.305374,67.332366
IWM,2011-05-10,69.351341,68.564823
IWM,2011-05-11,68.070221,67.745889
IWM,2011-05-12,68.670227,67.283688
IWM,2011-05-13,67.713432,67.518826
IWM,2011-05-16,66.724205,66.667446
IWM,2011-05-17,66.513382,66.002554
IWM,2011-05-18,67.535057,66.48907
IWM,2011-05-19,67.681015,67.080993
IWM,2011-05-20,67.186348,66.724168
IWM,2011-05-23,65.978226,65.864708
IWM,2011-05-24,65.662018,65.54039
IWM,2011-05-25,66.489082,65.483639
IWM,2011-05-26,67.364807,66.205302
IWM,2011-05-27,67.826988,67.51076
IWM,2011-05-31,68.79184,67.924239
IWM,2011-06-01,66.578262,66.513393
IWM,2011-06-02,66.55394,66.164733
IWM,2011-06-03,65.580925,65.426869
IWM,2011-06-06,64.502518,64.453863
IWM,2011-06-07,64.656555,64.486279
IWM,2011-06-08,63.934917,63.8214
IWM,2011-06-09,64.275459,63.83761
IWM,2011-06-10,63.245682,62.961888
IWM,2011-06-13,63.067318,62.718655
IWM,2011-06-14,64.42144,63.561949
IWM,2011-06-15,63.270035,63.018676
IWM,2011-06-16,63.415997,62.621374
IWM,2011-06-17,63.432198,63.107859
IWM,2011-06-20,64.016006,63.18895
IWM,2011-06-21,65.402534,64.397086
IWM,2011-06-22,64.899841,64.875517
IWM,2011-06-23,65.151161,63.488939
IWM,2011-06-24,64.818733,64.437636
IWM,2011-06-27,65.321472,64.429547
IWM,2011-06-28,66.335007,65.410647
IWM,2011-06-29,66.651245,66.035009
IWM,2011-06-30,67.137726,66.716084
IWM,2011-07-01,68.183731,66.991798
IWM,2011-07-05,68.348007,67.933233
IWM,2011-07-06,68.624519,67.998297
IWM,2011-07-07,69.657394,69.079967
IWM,2011-07-08,69.234489,68.575735
IWM,2011-07-11,67.762451,67.575394
IWM,2011-07-12,67.380226,67.323297
IWM,2011-07-13,67.982063,67.681154
IWM,2011-07-14,66.900368,66.72958
IWM,2011-07-15,67.347687,66.835323
IWM,2011-07-18,66.266014,65.875637
IWM,2011-07-19,67.762451,66.835313
IWM,2011-07-20,67.64859,67.217553
IWM,2011-07-21,68.266693,67.697394
IWM,2011-07-22,68.356148,67.827515
IWM,2011-07-25,67.550987,67.298873
IWM,2011-07-26,67.038628,66.859705
IWM,2011-07-27,65.037956,64.94036
IWM,2011-07-28,64.932243,64.810256
IWM,2011-07-29,64.850906,63.54966
IWM,2011-08-01,64.427979,63.818019
IWM,2011-08-02,62.419193,62.305335
IWM,2011-08-03,62.833977,60.898368
IWM,2011-08-04,59.044086,59.035952
IWM,2011-08-05,58.011227,56.653051
IWM,2011-08-08,52.96077,52.928238
IWM,2011-08-09,56.490391,51.854697
IWM,2011-08-10,53.725243,53.570724
IWM,2011-08-11,56.409084,53.733393
IWM,2011-08-12,56.758778,55.953633
IWM,2011-08-15,58.360912,57.238583
IWM,2011-08-16,57.287407,56.65305
IWM,2011-08-17,57.30365,56.734357
IWM,2011-08-18,54.042419,53.530056
IWM,2011-08-19,53.090874,52.78183
IWM,2011-08-22,52.903847,52.51347
IWM,2011-08-23,55.457546,52.749323
IWM,2011-08-24,56.278946,54.912636
IWM,2011-08-25,54.896374,54.693054
IWM,2011-08-26,56.205727,53.725223
IWM,2011-08-29,58.865177,56.962106
IWM,2011-08-30,59.206753,57.840443
IWM,2011-08-31,59.084747,58.474788
IWM,2011-09-01,57.816032,57.490726
IWM,2011-09-02,55.677124,55.384343
IWM,2011-09-06,55.522594,53.619523
IWM,2011-09-07,57.620857,56.173221
IWM,2011-09-08,56.563591,56.262675
IWM,2011-09-09,54.896374,54.286414
IWM,2011-09-12,55.368065,53.977358
IWM,2011-09-13,56.262688,55.164761
IWM,2011-09-14,57.271141,55.660851
IWM,2011-09-15,58.076309,56.921447
IWM,2011-09-16,58.165749,57.64525
IWM,2011-09-19,57.124786,56.482294
IWM,2011-09-20,56.238281,56.205749
IWM,2011-09-21,54.156288,54.115628
IWM,2011-09-22,52.643581,51.635114
IWM,2011-09-23,53.182434,52.333343
IWM,2011-09-26,54.186646,52.480298
IWM,2011-09-27,55.35416,54.921446
IWM,2011-09-28,53.231396,53.149754
IWM,2011-09-29,54.153984,52.553777
IWM,2011-09-30,52.496628,52.447638
IWM,2011-10-03,49.794243,49.67994
IWM,2011-10-04,52.896679,49.059444
IWM,2011-10-05,53.62331,52.186387
IWM,2011-10-06,54.815289,53.190589
IWM,2011-10-07,53.476349,53.231417
IWM,2011-10-10,55.819496,53.508991
IWM,2011-10-11,56.203243,55.141884
IWM,2011-10-12,57.003311,56.186879
IWM,2011-10-13,56.95435,55.990959
IWM,2011-10-14,58.081009,56.995152
IWM,2011-10-17,56.317547,56.03179
IWM,2011-10-18,57.811626,55.394985
IWM,2011-10-19,56.684933,56.391016
IWM,2011-10-20,56.84005,55.313318
IWM,2011-10-21,58.072865,57.166624
IWM,2011-10-24,59.942486,58.097352
IWM,2011-10-25,58.260643,58.097359
IWM,2011-10-26,59.264854,57.591171
IWM,2011-10-27,62.391781,59.313833
IWM,2011-10-28,62.073376,61.852942
IWM,2011-10-31,60.424213,60.358897
IWM,2011-11-01,58.28513,57.934063
IWM,2011-11-02,59.722054,58.644363
IWM,2011-11-03,61.207985,59.019944
IWM,2011-11-04,60.905888,60.048637
IWM,2011-11-07,60.783436,59.517968
IWM,2011-11-08,61.673344,59.975162
IWM,2011-11-09,58.734184,58.63621
IWM,2011-11-10,59.16687,58.481064
IWM,2011-11-11,60.726261,59.215862
IWM,2011-11-14,59.852673,59.411798
IWM,2011-11-15,60.611958,59.134216
IWM,2011-11-16,59.632256,59.526122
IWM,2011-11-17,58.783169,58.18717
IWM,2011-11-18,58.766834,58.33412
IWM,2011-11-21,57.362572,56.831889
IWM,2011-11-22,56.880867,56.578791
IWM,2011-11-23,55.09288,55.003072
IWM,2011-11-25,54.390743,54.390743
IWM,2011-11-28,56.978863,56.260404
IWM,2011-11-29,56.872723,56.431848
IWM,2011-11-30,60.195614,56.864565
IWM,2011-12-01,59.762886,59.648586
IWM,2011-12-02,60.007812,59.852688
IWM,2011-12-05,61.036514,60.522158
IWM,2011-12-06,61.093666,60.489501
IWM,2011-12-07,60.97121,59.705737
IWM,2011-12-08,59.077068,58.962768
IWM,2011-12-09,60.856884,59.093387
IWM,2011-12-12,59.983311,59.19137
IWM,2011-12-13,58.734184,58.415776
IWM,2011-12-14,57.999367,57.623809
IWM,2011-12-15,58.538219,57.999377
IWM,2011-12-16,58.995438,58.562729
IWM,2011-12-19,57.974903,57.827945
IWM,2011-12-20,60.30172,59.199537
IWM,2011-12-21,60.546646,59.379147
IWM,2011-12-22,60.932247,60.694332
IWM,2011-12-23,61.161961,60.776364
IWM,2011-12-27,61.342468,60.776386
IWM,2011-12-28,60.226685,60.111821
IWM,2011-12-29,60.833805,60.382574
IWM,2011-12-30,60.505669,60.456446
IWM,2012-01-03,61.506557,61.342471
IWM,2012-01-04,61.170162,60.76816
IWM,2012-01-05,61.514782,60.193912
IWM,2012-01-06,61.358883,60.932263
IWM,2012-01-09,61.67062,61.047109
IWM,2012-01-10,62.573059,62.318732
IWM,2012-01-11,62.819199,62.24491
IWM,2012-01-12,63.007927,62.302369
IWM,2012-01-13,62.671547,62.023418
IWM,2012-01-17,62.646938,62.45824
IWM,2012-01-18,63.762676,62.474625
IWM,2012-01-19,64.156479,63.71346
IWM,2012-01-20,64.197479,63.910335
IWM,2012-01-23,64.115456,63.623208
IWM,2012-01-24,64.484673,63.393518
IWM,2012-01-25,65.034309,64.148266
IWM,2012-01-26,64.960472,64.607693
IWM,2012-01-27,65.403503,64.624105
IWM,2012-01-30,64.894852,64.419009
IWM,2012-01-31,64.829231,64.468253
IWM,2012-02-01,66.223923,65.198404
IWM,2012-02-02,66.601341,66.240356
IWM,2012-02-03,68.053474,67.47098
IWM,2012-02-06,67.83194,67.577613
IWM,2012-02-07,67.790901,67.339677
IWM,2012-02-08,67.938606,67.216643
IWM,2012-02-09,67.602234,67.142797
IWM,2012-02-10,66.675194,66.519319
IWM,2012-02-13,67.536591,66.954096
IWM,2012-02-14,67.233047,66.749005
IWM,2012-02-15,66.675194,66.453684
IWM,2012-02-16,67.930389,66.683355
IWM,2012-02-17,67.922173,67.790903
IWM,2012-02-21,67.462746,67.134578
IWM,2012-02-22,66.929535,66.8639
IWM,2012-02-23,67.930389,66.666949
IWM,2012-02-24,67.799133,67.659664
IWM,2012-02-27,67.684273,66.658753
IWM,2012-02-28,67.503754,67.142769
IWM,2012-02-29,66.494682,66.429048
IWM,2012-03-01,66.839249,66.749002
IWM,2012-03-02,65.83831,65.501937
IWM,2012-03-05,65.912178,65.157397
IWM,2012-03-06,64.59951,64.328778
IWM,2012-03-07,65.206604,64.63231
IWM,2012-03-08,66.051628,65.099943
IWM,2012-03-09,66.9459,66.010627
IWM,2012-03-12,66.814606,66.494644
IWM,2012-03-13,68.143692,66.781806
IWM,2012-03-14,67.585823,67.282273
IWM,2012-03-15,68.151901,67.298669
IWM,2012-03-16,68.09446,67.807315
IWM,2012-03-19,68.66877,67.889378
IWM,2012-03-20,68.053474,67.749925
IWM,2012-03-21,68.037041,67.79912
IWM,2012-03-22,67.380714,66.962307
IWM,2012-03-23,68.039886,66.863096
IWM,2012-03-26,69.45533,68.813445
IWM,2012-03-27,68.96981,68.920437
IWM,2012-03-28,68.566566,67.982287
IWM,2012-03-29,68.369057,67.496746
IWM,2012-03-30,68.146851,67.916431
IWM,2012-04-02,68.986244,67.792992
IWM,2012-04-03,68.525414,68.24562
IWM,2012-04-04,67.430916,67.027675
IWM,2012-04-05,67.134697,67.003025
IWM,2012-04-09,66.031929,65.710987
IWM,2012-04-10,64.476608,64.303794
IWM,2012-04-11,65.39003,64.888042
IWM,2012-04-12,66.328194,65.373598
IWM,2012-04-13,65.455902,65.365379
IWM,2012-04-16,65.562866,64.91275
IWM,2012-04-17,66.509247,66.056633
IWM,2012-04-18,66.007233,65.694521
IWM,2012-04-19,65.628677,65.217212
IWM,2012-04-20,66.007233,65.883792
IWM,2012-04-23,65.093781,64.443665
IWM,2012-04-24,65.58754,64.896281
IWM,2012-04-25,66.607956,66.270552
IWM,2012-04-26,67.266319,66.509225
IWM,2012-04-27,67.792992,66.682037
IWM,2012-04-30,67.044128,67.01121
IWM,2012-05-01,67.109993,66.896029
IWM,2012-05-02,67.291008,66.303494
IWM,2012-05-03,66.344658,65.974335
IWM,2012-05-04,65.085541,64.962106
IWM,2012-05-07,65.258392,64.698799
IWM,2012-05-08,65.217239,64.163889
IWM,2012-05-09,64.846924,64.16389
IWM,2012-05-10,65.093781,64.707002
IWM,2012-05-11,64.929207,64.534198
IWM,2012-05-14,64.065132,63.867631
IWM,2012-05-15,63.949921,63.752419
IWM,2012-05-16,63.489094,63.447945
IWM,2012-05-17,62.048946,62.016028
IWM,2012-05-18,61.46468,61.30009
IWM,2012-05-21,62.913006,61.234234
IWM,2012-05-22,62.53447,62.106549
IWM,2012-05-23,62.937744,61.464697
IWM,2012-05-24,63.069366,62.172376
IWM,2012-05-25,63.028229,62.764891
IWM,2012-05-29,63.941704,63.168153
IWM,2012-05-30,62.71553,62.633239
IWM,2012-05-31,62.633244,61.777395
IWM,2012-06-01,60.748737,60.658214
IWM,2012-06-04,60.608849,60.024569
IWM,2012-06-05,61.390594,60.246722
IWM,2012-06-06,62.904789,61.744454
IWM,2012-06-07,62.493332,62.493332
IWM,2012-06-08,63.340954,62.007804
IWM,2012-06-11,61.941967,61.793839
IWM,2012-06-12,62.723755,61.538733
IWM,2012-06-13,61.999577,61.719783
IWM,2012-06-14,62.707314,61.851471
IWM,2012-06-15,63.546684,62.625
IWM,2012-06-18,63.620712,62.8307
IWM,2012-06-19,64.723473,63.810019
IWM,2012-06-20,64.624718,64.17211
IWM,2012-06-21,63.052952,62.945967
IWM,2012-06-22,63.768871,63.077613
IWM,2012-06-25,62.773113,62.542694
IWM,2012-06-26,63.018772,62.373699
IWM,2012-06-27,64.044266,63.151085
IWM,2012-06-28,63.936707,62.95256
IWM,2012-06-29,65.797523,64.970506
IWM,2012-07-02,66.558365,65.56594
IWM,2012-07-03,67.42675,66.517032
IWM,2012-07-05,67.35231,67.01323
IWM,2012-07-06,66.599731,66.285467
IWM,2012-07-09,66.343353,66.045626
IWM,2012-07-10,65.607338,65.317883
IWM,2012-07-11,65.384048,64.962274
IWM,2012-07-12,65.160721,64.168296
IWM,2012-07-13,65.971199,65.350936
IWM,2012-07-16,65.706558,65.425375
IWM,2012-07-17,65.93811,65.04493
IWM,2012-07-18,66.343353,65.789253
IWM,2012-07-19,66.120071,66.004289
IWM,2012-07-20,65.276535,65.177291
IWM,2012-07-23,64.234459,63.829222
IWM,2012-07-24,63.39093,63.035312
IWM,2012-07-25,63.531525,63.24207
IWM,2012-07-26,64.077354,63.680383
IWM,2012-07-27,65.599037,64.002893
IWM,2012-07-30,65.37574,65.11936
IWM,2012-07-31,64.79686,64.79686
IWM,2012-08-01,63.729965,63.713428
IWM,2012-08-02,63.498432,63.060114
IWM,2012-08-03,65.011864,64.217927
IWM,2012-08-06,65.516365,64.99534
IWM,2012-08-07,66.111809,65.863701
IWM,2012-08-08,66.012573,65.781009
IWM,2012-08-09,66.326828,65.905053
IWM,2012-08-10,66.095261,65.747915
IWM,2012-08-13,65.987755,65.243437
IWM,2012-08-14,65.830635,65.557718
IWM,2012-08-15,66.409554,65.590801
IWM,2012-08-16,67.104225,66.020834
IWM,2012-08-17,67.575607,66.980154
IWM,2012-08-20,67.42675,66.971894
IWM,2012-08-21,67.385406,67.145571
IWM,2012-08-22,67.062889,66.814787
IWM,2012-08-23,66.591476,66.326831
IWM,2012-08-24,66.77343,66.252411
IWM,2012-08-27,66.971909,66.6411
IWM,2012-08-28,67.277885,66.781676
IWM,2012-08-29,67.484634,67.104207
IWM,2012-08-30,66.814781,66.690727
IWM,2012-08-31,67.087715,66.442636
IWM,2012-09-04,67.906441,66.616295
IWM,2012-09-05,67.922981,67.691417
IWM,2012-09-06,69.171738,68.245476
IWM,2012-09-07,69.684517,69.221383
IWM,2012-09-10,69.370255,69.295826
IWM,2012-09-11,69.519104,69.328893
IWM,2012-09-12,69.874725,69.386788
IWM,2012-09-13,70.792694,69.626603
IWM,2012-09-14,71.45433,70.982931
IWM,2012-09-17,71.123535,70.767917
IWM,2012-09-18,70.891991,70.594264
IWM,2012-09-19,70.767921,70.635602
IWM,2012-09-20,70.453644,69.973972
IWM,2012-09-21,70.710022,70.685212
IWM,2012-09-24,70.479202,70.238431
IWM,2012-09-25,69.466331,69.391613
IWM,2012-09-26,69.026268,68.777193
IWM,2012-09-27,69.773491,68.968156
IWM,2012-09-28,69.275352,69.125909
IWM,2012-10-01,69.507835,69.167433
IWM,2012-10-02,69.640663,69.217244
IWM,2012-10-03,69.441383,69.051169
IWM,2012-10-04,69.914642,69.076097
IWM,2012-10-05,69.831627,69.607458
IWM,2012-10-08,69.391586,69.233838
IWM,2012-10-09,68.577965,68.445129
IWM,2012-10-10,68.470001,68.22923
IWM,2012-10-11,68.719063,68.577923
IWM,2012-10-12,68.162834,68.005093
IWM,2012-10-15,68.611153,67.880542
IWM,2012-10-16,69.117615,68.810423
IWM,2012-10-17,69.740295,69.117614
IWM,2012-10-18,69.358353,69.283628
IWM,2012-10-19,67.955307,67.639817
IWM,2012-10-22,67.93866,67.540141
IWM,2012-10-23,67.598267,66.776329
IWM,2012-10-24,67.415634,67.17487
IWM,2012-10-25,67.689598,67.141642
IWM,2012-10-26,67.365829,66.801265
IWM,2012-10-31,67.772621,67.14994
IWM,2012-11-01,68.486649,67.681313
IWM,2012-11-02,67.407303,67.390694
IWM,2012-11-05,67.85569,67.18319
IWM,2012-11-06,68.362091,68.054906
IWM,2012-11-07,66.701614,66.344617
IWM,2012-11-08,65.763466,65.713653
IWM,2012-11-09,65.904587,65.340022
IWM,2012-11-12,65.713661,65.61403
IWM,2012-11-13,65.340012,65.240387
IWM,2012-11-14,64.127876,63.978433
IWM,2012-11-15,63.795746,63.339117
IWM,2012-11-16,64.327141,63.206309
IWM,2012-11-19,65.688713,64.941494
IWM,2012-11-20,65.804932,65.29018
IWM,2012-11-21,66.153648,65.697013
IWM,2012-11-23,66.809517,66.303069
IWM,2012-11-26,67.025391,66.477428
IWM,2012-11-27,66.94236,66.892547
IWM,2012-11-28,67.50695,66.112144
IWM,2012-11-29,68.279045,67.7643
IWM,2012-11-30,68.146233,67.855649
IWM,2012-12-03,68.071541,67.872285
IWM,2012-12-04,68.154526,67.631476
IWM,2012-12-05,68.071541,67.581701
IWM,2012-12-06,68.179428,67.756003
IWM,2012-12-07,68.229279,67.938695
IWM,2012-12-10,68.528145,68.254164
IWM,2012-12-11,69.250443,68.84362
IWM,2012-12-12,68.860237,68.719091
IWM,2012-12-13,68.420219,68.171144
IWM,2012-12-14,68.378685,68.179429
IWM,2012-12-17,69.341759,68.511517
IWM,2012-12-18,70.288254,69.316866
IWM,2012-12-19,70.444855,70.143378
IWM,2012-12-20,70.796577,70.218747
IWM,2012-12-21,70.503494,69.573943
IWM,2012-12-24,70.16011,69.934006
IWM,2012-12-26,69.657669,69.573927
IWM,2012-12-27,69.607422,68.711369
IWM,2012-12-28,69.113335,69.104959
IWM,2012-12-31,70.612335,68.962592
IWM,2013-01-02,72.689178,72.052728
IWM,2013-01-03,72.521706,72.3291
IWM,2013-01-04,73.057648,72.571941
IWM,2013-01-07,72.781303,72.538447
IWM,2013-01-08,72.731056,72.345838
IWM,2013-01-09,73.082787,72.823184
IWM,2013-01-10,73.250221,72.814753
IWM,2013-01-11,73.141396,72.856671
IWM,2013-01-14,73.183258,72.898534
IWM,2013-01-15,73.50148,72.664047
IWM,2013-01-16,73.283752,73.107892
IWM,2013-01-17,73.962074,73.551734
IWM,2013-01-18,74.171425,73.786207
IWM,2013-01-22,74.707397,74.012327
IWM,2013-01-23,74.531517,74.456151
IWM,2013-01-24,74.774376,74.4729
IWM,2013-01-25,75.318733,74.7744
IWM,2013-01-28,75.368965,74.849754
IWM,2013-01-29,75.41082,75.075846
IWM,2013-01-30,74.506439,74.271959
IWM,2013-01-31,75.01725,74.330555
IWM,2013-02-01,75.67881,75.243341
IWM,2013-02-04,74.766029,74.657165
IWM,2013-02-05,75.435959,75.025612
IWM,2013-02-06,75.754173,75.008859
IWM,2013-02-07,75.502953,74.992118
IWM,2013-02-08,76.038872,75.569905
IWM,2013-02-11,75.955177,75.586711
IWM,2013-02-12,76.290131,75.93841
IWM,2013-02-13,76.608368,76.189651
IWM,2013-02-14,76.800964,76.34038
IWM,2013-02-15,76.826073,76.599969
IWM,2013-02-19,77.50444,76.934986
IWM,2013-02-20,76.064034,75.988661
IWM,2013-02-21,75.327095,74.841389
IWM,2013-02-22,76.231506,75.678804
IWM,2013-02-25,74.548286,74.506419
IWM,2013-02-26,74.8414,74.355687
IWM,2013-02-27,75.628555,74.791122
IWM,2013-02-28,75.770912,75.51968
IWM,2013-03-01,76.114311,74.707423
IWM,2013-03-04,76.315262,75.536449
IWM,2013-03-05,77.202965,76.708876
IWM,2013-03-06,77.403915,77.144313
IWM,2013-03-07,77.7724,77.311809
IWM,2013-03-08,78.492577,77.814252
IWM,2013-03-11,78.467453,78.157607
IWM,2013-03-12,78.30835,78.031995
IWM,2013-03-13,78.601456,78.090621
IWM,2013-03-14,79.388634,78.609821
IWM,2013-03-15,79.346741,79.045264
IWM,2013-03-18,78.911316,78.442349
IWM,2013-03-19,78.576302,77.889607
IWM,2013-03-20,79.304901,78.936435
IWM,2013-03-21,78.609802,78.333448
IWM,2013-03-22,78.852661,78.668425
IWM,2013-03-25,78.898026,78.335369
IWM,2013-03-26,79.149956,78.730062
IWM,2013-03-27,79.200371,78.301798
IWM,2013-03-28,79.30114,79.057601
IWM,2013-04-01,78.234589,77.85668
IWM,2013-04-02,77.747528,77.680344
IWM,2013-04-03,76.529823,76.353469
IWM,2013-04-04,77.184875,76.387073
IWM,2013-04-05,77.033714,75.933588
IWM,2013-04-08,77.671944,76.697794
IWM,2013-04-09,77.44519,77.294028
IWM,2013-04-10,78.847626,77.63833
IWM,2013-04-11,78.956818,78.730078
IWM,2013-04-12,78.637711,78.033062
IWM,2013-04-15,75.673264,75.404532
IWM,2013-04-16,76.983322,75.992373
IWM,2013-04-17,75.648018,74.9342
IWM,2013-04-18,75.228149,74.850241
IWM,2013-04-19,76.093147,74.917443
IWM,2013-04-22,76.311478,74.909028
IWM,2013-04-23,77.520767,76.303078
IWM,2013-04-24,77.923851,77.201634
IWM,2013-04-25,78.436142,78.007849
IWM,2013-04-26,78.016228,77.680312
IWM,2013-04-29,78.578896,78.159002
IWM,2013-04-30,79.024002,78.242999
IWM,2013-05-01,77.109283,77.058898
IWM,2013-05-02,78.335365,77.403201
IWM,2013-05-03,79.578255,79.233939
IWM,2013-05-06,80.09053,79.56146
IWM,2013-05-07,80.74556,79.888973
IWM,2013-05-08,80.980705,80.350865
IWM,2013-05-09,80.703575,80.409651
IWM,2013-05-10,81.316628,80.678387
IWM,2013-05-13,81.257805,80.980674
IWM,2013-05-14,82.299164,81.400592
IWM,2013-05-15,82.46711,82.038823
IWM,2013-05-16,82.257172,82.047225
IWM,2013-05-17,83.180962,82.26559
IWM,2013-05-20,83.315308,82.929006
IWM,2013-05-21,83.332123,83.038192
IWM,2013-05-22,82.114395,81.551739
IWM,2013-05-23,82.21521,81.047906
IWM,2013-05-24,82.19838,81.21583
IWM,2013-05-28,83.264915,82.702259
IWM,2013-05-29,82.492332,81.770115
IWM,2013-05-30,83.046585,82.559507
IWM,2013-05-31,82.131233,82.106034
IWM,2013-06-03,82.912239,81.484596
IWM,2013-06-04,82.030418,81.392178
IWM,2013-06-05,80.980705,80.745566
IWM,2013-06-06,81.837257,80.392829
IWM,2013-06-07,82.46711,81.686107
IWM,2013-06-10,82.971016,82.139622
IWM,2013-06-11,82.072441,81.341824
IWM,2013-06-12,81.257805,81.148628
IWM,2013-06-13,82.693855,80.930303
IWM,2013-06-14,82.055649,81.81211
IWM,2013-06-17,82.593079,82.097607
IWM,2013-06-18,83.567261,82.576311
IWM,2013-06-19,82.542679,82.433509
IWM,2013-06-20,80.359268,80.023352
IWM,2013-06-21,80.594414,79.469095
IWM,2013-06-24,79.536278,78.797267
IWM,2013-06-25,80.300461,79.67062
IWM,2013-06-26,80.678375,80.325666
IWM,2013-06-27,81.929649,81.131854
IWM,2013-06-28,81.459419,81.33345
IWM,2013-07-01,82.786255,81.996853
IWM,2013-07-02,82.727173,82.195785
IWM,2013-07-03,82.895866,82.313873
IWM,2013-07-05,84.068275,82.921161
IWM,2013-07-08,84.405716,84.253892
IWM,2013-07-09,85.190109,84.599685
IWM,2013-07-10,85.426292,84.97082
IWM,2013-07-11,86.430023,85.982987
IWM,2013-07-12,86.607178,86.43005
IWM,2013-07-15,87.366272,86.742102
IWM,2013-07-16,86.927658,86.725228
IWM,2013-07-17,87.265053,87.079489
IWM,2013-07-18,87.847038,87.433741
IWM,2013-07-19,87.981987,87.501211
IWM,2013-07-22,88.167557,87.830169
IWM,2013-07-23,88.108528,87.931401
IWM,2013-07-24,87.374687,87.248172
IWM,2013-07-25,88.176003,87.155409
IWM,2013-07-26,87.821747,87.18071
IWM,2013-07-29,87.205994,86.877042
IWM,2013-07-30,87.281952,86.969867
IWM,2013-07-31,87.433754,87.391578
IWM,2013-08-01,88.623039,87.509664
IWM,2013-08-02,88.698975,88.192889
IWM,2013-08-05,89.002609,88.479664
IWM,2013-08-06,88.108528,87.847056
IWM,2013-08-07,87.48436,87.273493
IWM,2013-08-08,87.847038,87.366263
IWM,2013-08-09,87.75425,87.315643
IWM,2013-08-12,88.218185,87.155422
IWM,2013-08-13,88.100098,87.534976
IWM,2013-08-14,87.75425,87.728947
IWM,2013-08-15,86.126381,85.940817
IWM,2013-08-16,85.76368,85.654031
IWM,2013-08-19,84.894905,84.844293
IWM,2013-08-20,86.11795,84.945532
IWM,2013-08-21,85.594986,85.198556
IWM,2013-08-22,86.801155,85.85647
IWM,2013-08-23,87.020439,86.413142
IWM,2013-08-26,87.028877,86.683053
IWM,2013-08-27,84.987679,84.818981
IWM,2013-08-28,85.15641,84.768416
IWM,2013-08-29,86.008278,85.029854
IWM,2013-08-30,84.66716,84.549075
IWM,2013-09-03,85.240707,84.456283
IWM,2013-09-04,85.991432,84.979275
IWM,2013-09-05,86.126381,85.907078
IWM,2013-09-06,86.362549,84.970828
IWM,2013-09-09,87.66993,86.649336
IWM,2013-09-10,88.530266,87.889229
IWM,2013-09-11,88.572449,88.167582
IWM,2013-09-12,87.922958,87.897655
IWM,2013-09-13,88.403717,87.804857
IWM,2013-09-16,88.597755,88.437495
IWM,2013-09-17,89.474945,88.597739
IWM,2013-09-18,90.326828,88.783289
IWM,2013-09-19,90.234039,89.930391
IWM,2013-09-20,89.905113,89.87138
IWM,2013-09-23,89.913536,89.238767
IWM,2013-09-24,90.212059,89.467835
IWM,2013-09-25,90.042938,89.924539
IWM,2013-09-26,90.541939,89.949943
IWM,2013-09-27,90.135963,89.823048
IWM,2013-09-30,90.161324,89.002696
IWM,2013-10-01,91.210014,90.026017
IWM,2013-10-02,90.837906,90.364303
IWM,2013-10-03,89.907616,89.307161
IWM,2013-10-04,90.508041,89.772277
IWM,2013-10-07,89.45092,89.408638
IWM,2013-10-08,88.004761,87.886362
IWM,2013-10-09,87.649551,87.108296
IWM,2013-10-10,89.76384,88.73207
IWM,2013-10-11,91.066269,89.501703
IWM,2013-10-14,91.522926,90.431957
IWM,2013-10-15,90.62648,90.423505
IWM,2013-10-16,91.751266,91.032413
IWM,2013-10-17,92.554733,91.311535
IWM,2013-10-18,93.611824,92.884512
IWM,2013-10-21,93.425789,93.256643
IWM,2013-10-22,93.671051,93.341224
IWM,2013-10-23,93.358131,92.833788
IWM,2013-10-24,93.857101,93.307387
IWM,2013-10-25,93.941643,93.510328
IWM,2013-10-28,93.899376,93.41732
IWM,2013-10-29,94.169983,93.4765
IWM,2013-10-30,92.884521,92.622346
IWM,2013-10-31,92.343269,92.089553
IWM,2013-11-01,91.945801,91.269229
IWM,2013-11-04,93.00293,92.038819
IWM,2013-11-05,92.681541,92.064176
IWM,2013-11-06,92.284096,92.106497
IWM,2013-11-07,90.727951,90.609552
IWM,2013-11-08,92.377113,90.821
IWM,2013-11-11,92.50396,91.878135
IWM,2013-11-12,92.580078,91.903506
IWM,2013-11-13,93.468048,91.861201
IWM,2013-11-14,93.375038,92.808406
IWM,2013-11-15,93.730232,93.163607
IWM,2013-11-18,93.070595,92.816879
IWM,2013-11-19,92.495476,92.174101
IWM,2013-11-20,92.46167,92.055725
IWM,2013-11-21,94.127716,92.757661
IWM,2013-11-22,94.592842,93.958558
IWM,2013-11-25,94.711227,94.406771
IWM,2013-11-26,95.413216,94.635162
IWM,2013-11-27,95.945969,95.260944
IWM,2013-11-29,95.996727,95.94598
IWM,2013-12-02,95.032631,94.770456
IWM,2013-12-03,94.575974,94.10237
IWM,2013-12-04,94.322258,93.341235
IWM,2013-12-05,94.389908,94.000881
IWM,2013-12-06,95.125664,94.880407
IWM,2013-12-09,95.100296,94.626699
IWM,2013-12-10,94.237679,94.076991
IWM,2013-12-11,92.69001,92.453212
IWM,2013-12-12,92.893005,92.487067
IWM,2013-12-13,93.197449,92.537794
IWM,2013-12-16,94.305298,93.15513
IWM,2013-12-17,94.169983,93.552617
IWM,2013-12-18,95.463928,93.332738
IWM,2013-12-19,94.75354,94.626682
IWM,2013-12-20,96.351959,94.795846
IWM,2013-12-23,97.444565,96.73992
IWM,2013-12-24,97.818085,97.520947
IWM,2013-12-26,97.826584,97.716214
IWM,2013-12-27,97.767159,97.444547
IWM,2013-12-30,97.707764,97.504013
IWM,2013-12-31,97.936974,97.775668
IWM,2014-01-02,96.875771,96.476754
IWM,2014-01-03,97.368134,96.875731
IWM,2014-01-06,96.578621,96.53617
IWM,2014-01-07,97.385124,96.875745
IWM,2014-01-08,97.512497,96.841811
IWM,2014-01-09,97.537926,96.918183
IWM,2014-01-10,98.072807,97.121967
IWM,2014-01-13,96.731422,96.154124
IWM,2014-01-14,97.919968,96.935168
IWM,2014-01-15,98.650101,98.106762
IWM,2014-01-16,98.768929,98.33596
IWM,2014-01-17,98.42086,98.21711
IWM,2014-01-21,99.006668,98.293531
IWM,2014-01-22,99.507538,98.904771
IWM,2014-01-23,98.836853,98.191642
IWM,2014-01-24,96.315414,96.120155
IWM,2014-01-27,94.906128,94.362789
IWM,2014-01-28,95.907921,94.906138
IWM,2014-01-29,94.524086,94.252417
IWM,2014-01-30,95.933411,95.118402
IWM,2014-01-31,95.220276,94.379793
IWM,2014-02-03,92.240402,91.815918
IWM,2014-02-04,92.936539,92.028143
IWM,2014-02-05,92.240402,91.068822
IWM,2014-02-06,92.97052,92.410198
IWM,2014-02-07,94.023239,92.962029
IWM,2014-02-10,94.269394,93.352507
IWM,2014-02-11,95.109917,94.125117
IWM,2014-02-12,95.483452,95.058968
IWM,2014-02-13,96.697449,94.541069
IWM,2014-02-14,96.833305,96.052256
IWM,2014-02-18,97.843597,96.901242
IWM,2014-02-19,96.841805,96.7654
IWM,2014-02-20,97.886024,96.705959
IWM,2014-02-21,98.191689,97.970955
IWM,2014-02-24,98.913292,98.276566
IWM,2014-02-25,99.015152,98.633119
IWM,2014-02-26,99.626396,98.845347
IWM,2014-02-27,100.16976,99.125534
IWM,2014-02-28,99.770706,99.159455
IWM,2014-03-03,99.235893,98.123747
IWM,2014-03-04,101.73185,100.33105
IWM,2014-03-05,101.67243,101.42623
IWM,2014-03-06,101.65543,101.38376
IWM,2014-03-07,101.62147,101.05266
IWM,2014-03-10,101.28189,100.59422
IWM,2014-03-11,100.22916,99.762228
IWM,2014-03-12,100.53481,99.261353
IWM,2014-03-13,99.371719,98.802906
IWM,2014-03-14,99.78772,99.006671
IWM,2014-03-17,100.22916,100.07634
IWM,2014-03-18,101.68941,100.26315
IWM,2014-03-19,101.02724,100.26316
IWM,2014-03-20,101.16303,100.31406
IWM,2014-03-21,100.69611,100.65365
IWM,2014-03-24,99.550003,98.641607
IWM,2014-03-25,99.526184,98.853767
IWM,2014-03-26,97.619568,97.585521
IWM,2014-03-27,97.372742,96.768419
IWM,2014-03-28,97.279091,97.015233
IWM,2014-03-31,99.023972,97.568488
IWM,2014-04-01,100.32627,99.23678
IWM,2014-04-02,100.77736,100.19006
IWM,2014-04-03,99.755974,99.313373
IWM,2014-04-04,97.449326,97.049279
IWM,2014-04-07,96.027908,95.398051
IWM,2014-04-08,96.700348,95.500208
IWM,2014-04-09,98.096214,96.606684
IWM,2014-04-10,95.295891,94.819243
IWM,2014-04-11,93.976578,93.508437
IWM,2014-04-14,94.240471,93.32973
IWM,2014-04-15,94.606461,92.487073
IWM,2014-04-16,95.636383,94.674574
IWM,2014-04-17,96.113014,95.091625
IWM,2014-04-21,96.564125,95.568269
IWM,2014-04-22,97.559982,96.581147
IWM,2014-04-23,96.947151,96.836496
IWM,2014-04-24,96.700348,95.908768
IWM,2014-04-25,94.998009,94.657543
IWM,2014-04-28,94.44474,93.048838
IWM,2014-04-29,94.683044,94.393653
IWM,2014-04-30,95.31295,93.585089
IWM,2014-05-01,95.2789,94.087274
IWM,2014-05-02,95.355476,95.057572
IWM,2014-05-05,95.236298,94.078719
IWM,2014-05-06,93.68721,93.619116
IWM,2014-05-07,93.746803,92.29132
IWM,2014-05-08,92.801979,92.512588
IWM,2014-05-09,93.653168,92.163637
IWM,2014-05-12,95.781059,94.061718
IWM,2014-05-13,94.844803,94.768195
IWM,2014-05-14,93.304161,93.133925
IWM,2014-05-15,92.674309,91.448643
IWM,2014-05-16,93.261635,91.950847
IWM,2014-05-19,94.265999,92.733908
IWM,2014-05-20,92.82753,92.282788
IWM,2014-05-21,93.304161,92.39342
IWM,2014-05-22,94.274536,93.304214
IWM,2014-05-23,95.304428,94.061735
IWM,2014-05-27,96.674782,95.883203
IWM,2014-05-28,96.172607,95.781074
IWM,2014-05-29,96.496063,95.925781
IWM,2014-05-30,96.061974,95.619366
IWM,2014-06-02,95.542732,94.7852
IWM,2014-06-03,95.31295,94.572438
IWM,2014-06-04,95.687431,94.614974
IWM,2014-06-05,97.696159,95.406537
IWM,2014-06-06,98.632439,97.977048
IWM,2014-06-09,99.500648,98.445211
IWM,2014-06-10,99.304893,98.70057
IWM,2014-06-11,98.81974,98.22393
IWM,2014-06-12,98.215378,97.806825
IWM,2014-06-13,98.38562,97.594047
IWM,2014-06-16,98.862282,97.968561
IWM,2014-06-17,99.560204,98.547321
IWM,2014-06-18,100.23265,99.160187
IWM,2014-06-19,100.31776,99.670873
IWM,2014-06-20,100.6497,100.0624
IWM,2014-06-23,100.45394,100.17306
IWM,2014-06-24,99.381462,99.287834
IWM,2014-06-25,100.22411,98.777136
IWM,2014-06-26,100.0539,99.236782
IWM,2014-06-27,100.7263,99.611285
IWM,2014-06-30,101.12634,100.29221
IWM,2014-07-01,102.15625,101.4583
IWM,2014-07-02,101.76237,101.58294
IWM,2014-07-03,102.37754,101.89052
IWM,2014-07-07,100.62595,100.56614
IWM,2014-07-08,99.404121,98.857288
IWM,2014-07-09,99.53231,99.130728
IWM,2014-07-10,98.472809,97.379142
IWM,2014-07-11,98.344627,97.840518
IWM,2014-07-14,98.848785,98.601
IWM,2014-07-15,97.874725,97.293714
IWM,2014-07-16,97.609818,97.250959
IWM,2014-07-17,96.106064,95.866819
IWM,2014-07-18,97.601303,96.088962
IWM,2014-07-21,97.208275,96.558914
IWM,2014-07-22,98.028511,97.567119
IWM,2014-07-23,98.14814,97.840545
IWM,2014-07-24,97.951569,97.695238
IWM,2014-07-25,97.062996,96.72977
IWM,2014-07-28,96.576012,95.892473
IWM,2014-07-29,96.840828,96.575957
IWM,2014-07-30,97.225357,96.815229
IWM,2014-07-31,95.003815,94.884195
IWM,2014-08-01,94.5681,93.867469
IWM,2014-08-04,95.405418,93.893077
IWM,2014-08-05,95.166191,94.46556
IWM,2014-08-06,95.465256,94.52538
IWM,2014-08-07,95.003815,94.64495
IWM,2014-08-08,95.926605,94.832939
IWM,2014-08-11,96.840828,96.225646
IWM,2014-08-12,96.1744,95.730101
IWM,2014-08-13,96.926308,96.294026
IWM,2014-08-14,97.071571,96.746891
IWM,2014-08-15,96.883606,95.918105
IWM,2014-08-18,98.293396,97.481686
IWM,2014-08-19,98.635162,98.310476
IWM,2014-08-20,98.216469,97.755084
IWM,2014-08-21,98.430099,97.268077
IWM,2014-08-22,98.438637,97.925981
IWM,2014-08-25,98.900032,98.532628
IWM,2014-08-26,99.797195,98.942767
IWM,2014-08-27,99.549393,99.361418
IWM,2014-08-28,99.036758,98.694986
IWM,2014-08-29,99.592133,98.814606
IWM,2014-09-02,100.13893,99.540834
IWM,2014-09-03,99.506668,99.344325
IWM,2014-09-04,99.122177,98.874392
IWM,2014-09-05,99.438324,98.404467
IWM,2014-09-08,99.592133,98.968404
IWM,2014-09-09,98.413002,98.259205
IWM,2014-09-10,98.994003,98.01141
IWM,2014-09-11,99.634834,98.378824
IWM,2014-09-12,98.575348,98.233575
IWM,2014-09-15,97.498756,97.156984
IWM,2014-09-16,97.772163,96.892104
IWM,2014-09-17,98.028511,97.567119
IWM,2014-09-18,98.626617,98.182318
IWM,2014-09-19,97.379158,97.071563
IWM,2014-09-22,96.012077,95.738661
IWM,2014-09-23,95.114906,95.003833
IWM,2014-09-24,95.975952,94.759333
IWM,2014-09-25,94.356697,94.031125
IWM,2014-09-26,95.204872,94.416634
IWM,2014-09-29,95.127769,94.005396
IWM,2014-09-30,93.68837,93.654098
IWM,2014-10-01,92.360405,92.043396
IWM,2014-10-02,93.242851,91.623547
IWM,2014-10-03,93.945412,93.45705
IWM,2014-10-06,93.140045,92.968693
IWM,2014-10-07,91.606422,91.546448
IWM,2014-10-08,93.362816,90.612568
IWM,2014-10-09,90.843895,90.826762
IWM,2014-10-10,89.73867,89.610153
IWM,2014-10-13,89.378815,88.984699
IWM,2014-10-14,90.424057,89.84145
IWM,2014-10-15,91.33226,88.710529
IWM,2014-10-16,92.360405,89.918589
IWM,2014-10-17,92.086235,91.709252
IWM,2014-10-20,93.165749,91.674961
IWM,2014-10-21,94.699387,93.397091
IWM,2014-10-22,93.345657,93.268551
IWM,2014-10-23,94.999245,94.048224
IWM,2014-10-24,95.162033,94.622267
IWM,2014-10-27,95.110619,93.825456
IWM,2014-10-28,97.818039,95.359098
IWM,2014-10-29,97.586716,96.798484
IWM,2014-10-30,98.417793,96.935569
IWM,2014-10-31,99.865746,99.283138
IWM,2014-11-03,99.694389,99.300273
IWM,2014-11-04,99.231712,98.769053
IWM,2014-11-05,99.411667,99.000418
IWM,2014-11-06,99.84005,99.008976
IWM,2014-11-07,99.99427,99.128925
IWM,2014-11-10,100.49117,99.78004
IWM,2014-11-11,100.55971,100.13132
IWM,2014-11-12,101.0138,99.951402
IWM,2014-11-13,100.15704,99.91714
IWM,2014-11-14,99.977104,99.702936
IWM,2014-11-17,99.146034,99.111762
IWM,2014-11-18,99.72007,99.171734
IWM,2014-11-19,98.6577,97.989416
IWM,2014-11-20,99.762924,98.203593
IWM,2014-11-21,99.882896,99.523052
IWM,2014-11-24,101.0738,99.882882
IWM,2014-11-25,101.15089,100.6968
IWM,2014-11-26,101.48504,100.96241
IWM,2014-11-28,99.977104,99.874289
IWM,2014-12-01,98.417793,98.366382
IWM,2014-12-02,99.600151,98.512049
IWM,2014-12-03,100.55971,99.403056
IWM,2014-12-04,100.07994,99.574446
IWM,2014-12-05,100.83391,100.20846
IWM,2014-12-08,99.574425,99.257416
IWM,2014-12-09,101.24514,98.3064
IWM,2014-12-10,99.094635,99.008952
IWM,2014-12-11,99.488739,99.274545
IWM,2014-12-12,98.280716,98.18647
IWM,2014-12-15,97.286842,96.9527
IWM,2014-12-16,97.149773,96.841333
IWM,2014-12-17,100.14847,97.235431
IWM,2014-12-18,101.63927,100.64542
IWM,2014-12-19,101.87058,101.21943
IWM,2014-12-22,102.56458,101.78492
IWM,2014-12-23,102.69311,102.34183
IWM,2014-12-24,102.98978,102.5598
IWM,2014-12-26,103.66058,103.25639
IWM,2014-12-29,104.09915,103.72076
IWM,2014-12-30,103.48856,103.42836
IWM,2014-12-31,102.86938,102.80058
IWM,2015-01-02,102.27599,101.38163
IWM,2015-01-05,100.90866,100.43568
IWM,2015-01-06,99.162918,98.345951
IWM,2015-01-07,100.38409,99.309134
IWM,2015-01-08,102.0868,101.00324
IWM,2015-01-09,101.10645,100.88286
IWM,2015-01-12,100.77108,99.954113
IWM,2015-01-13,100.84844,99.601491
IWM,2015-01-14,100.44428,99.369322
IWM,2015-01-15,98.750137,98.44915
IWM,2015-01-16,100.35827,98.208349
IWM,2015-01-20,99.936874,99.033912
IWM,2015-01-21,99.618698,99.14572
IWM,2015-01-22,101.64822,98.982324
IWM,2015-01-23,101.57942,101.08924
IWM,2015-01-26,102.55981,100.67648
IWM,2015-01-27,102.06962,101.14945
IWM,2015-01-28,100.34968,100.03149
IWM,2015-01-29,101.73425,99.833717
IWM,2015-01-30,99.498314,99.412318
IWM,2015-02-02,100.40988,98.363153
IWM,2015-02-03,102.20723,100.84848
IWM,2015-02-04,101.82883,101.56224
IWM,2015-02-05,103.14458,101.99222
IWM,2015-02-06,103.03279,102.63721
IWM,2015-02-09,102.21581,102.09542
IWM,2015-02-10,102.86938,101.56222
IWM,2015-02-11,102.72318,102.00941
IWM,2015-02-12,103.89276,103.05859
IWM,2015-02-13,104.51191,103.75514
IWM,2015-02-17,104.83871,104.27973
IWM,2015-02-18,104.9505,104.16793
IWM,2015-02-19,104.95911,104.52052
IWM,2015-02-20,105.24291,103.97016
IWM,2015-02-23,105.3461,104.28834
IWM,2015-02-24,105.48369,105.0795
IWM,2015-02-25,105.60412,105.11394
IWM,2015-02-26,105.99107,105.1999
IWM,2015-02-27,105.41489,105.3891
IWM,2015-03-02,106.18027,105.3719
IWM,2015-03-03,105.55249,105.13971
IWM,2015-03-04,105.22569,104.58071
IWM,2015-03-05,105.53529,104.83872
IWM,2015-03-06,104.20232,103.95293
IWM,2015-03-09,104.65811,104.15934
IWM,2015-03-10,103.4542,103.05001
IWM,2015-03-11,104.09052,103.09296
IWM,2015-03-12,105.81908,104.69251
IWM,2015-03-13,105.44069,104.23673
IWM,2015-03-16,106.05984,105.67286
IWM,2015-03-17,106.3437,105.57833
IWM,2015-03-18,107.19501,105.64707
IWM,2015-03-19,107.40144,106.90265
IWM,2015-03-20,108.34737,107.76259
IWM,2015-03-23,108.25278,108.17538
IWM,2015-03-24,108.22698,108.06359
IWM,2015-03-25,105.64178,105.56415
IWM,2015-03-26,105.51238,104.83956
IWM,2015-03-27,106.18523,105.11562
IWM,2015-03-30,107.62575,106.70277
IWM,2015-03-31,107.28072,106.8753
IWM,2015-04-01,107.32383,106.01269
IWM,2015-04-02,107.52224,107.21171
IWM,2015-04-06,107.99667,106.85805
IWM,2015-04-07,107.30659,107.28072
IWM,2015-04-08,108.22957,107.28934
IWM,2015-04-09,107.84141,106.76317
IWM,2015-04-10,108.35896,108.01392
IWM,2015-04-13,108.42796,108.32446
IWM,2015-04-14,108.40209,107.63438
IWM,2015-04-15,109.16117,108.61773
IWM,2015-04-16,109.10079,108.82476
IWM,2015-04-17,107.33246,106.80628
IWM,2015-04-20,108.38483,107.67751
IWM,2015-04-21,108.27271,108.18645
IWM,2015-04-22,108.43659,107.36698
IWM,2015-04-23,108.92829,108.04845
IWM,2015-04-24,108.56596,108.41932
IWM,2015-04-27,107.36696,106.99604
IWM,2015-04-28,107.96217,106.31462
IWM,2015-04-29,106.78907,106.64242
IWM,2015-04-30,104.52907,104.08052
IWM,2015-05-01,105.2105,104.29616
IWM,2015-05-04,105.59001,105.06383
IWM,2015-05-05,104.24438,103.75271
IWM,2015-05-06,104.60667,103.7182
IWM,2015-05-07,105.00349,104.00288
IWM,2015-05-08,105.78844,105.58142
IWM,2015-05-11,105.8488,105.6159
IWM,2015-05-12,105.65906,104.26166
IWM,2015-05-13,105.65906,105.23639
IWM,2015-05-14,106.7804,105.62452
IWM,2015-05-15,106.65965,106.04721
IWM,2015-05-18,107.8673,106.24562
IWM,2015-05-19,107.72065,107.22897
IWM,2015-05-20,107.91904,107.25484
IWM,2015-05-21,107.79829,107.37562
IWM,2015-05-22,107.33246,106.96154
IWM,2015-05-26,106.30598,105.68491
IWM,2015-05-27,107.60847,105.91779
IWM,2015-05-28,107.51363,106.76317
IWM,2015-05-29,106.86668,106.37501
IWM,2015-06-01,107.20308,106.12484
IWM,2015-06-02,107.41009,106.513
IWM,2015-06-03,108.47974,107.32386
IWM,2015-06-04,107.39286,107.03057
IWM,2015-06-05,108.16918,106.37499
IWM,2015-06-08,107.66888,107.45323
IWM,2015-06-09,107.3411,106.53026
IWM,2015-06-10,108.67813,107.69478
IWM,2015-06-11,108.95415,108.60912
IWM,2015-06-12,108.62639,108.19509
IWM,2015-06-15,108.28133,106.90981
IWM,2015-06-16,109.04904,108.10019
IWM,2015-06-17,108.88514,108.66086
IWM,2015-06-18,110.34293,109.32507
IWM,2015-06-19,110.29118,110.0669
IWM,2015-06-22,111.05026,110.54132
IWM,2015-06-23,111.28316,110.75698
IWM,2015-06-24,110.34293,110.17905
IWM,2015-06-25,110.28254,109.76498
IWM,2015-06-26,109.98063,109.39407
IWM,2015-06-29,107.20308,107.05644
IWM,2015-06-30,107.70336,107.21168
IWM,2015-07-01,108.02251,107.01328
IWM,2015-07-02,107.22474,106.86958
IWM,2015-07-06,107.19007,106.39312
IWM,2015-07-07,107.31135,105.27566
IWM,2015-07-08,105.67414,105.0591
IWM,2015-07-09,106.05528,105.91668
IWM,2015-07-10,107.52792,106.8609
IWM,2015-07-13,108.74068,108.06501
IWM,2015-07-14,109.34704,108.62805
IWM,2015-07-15,108.76667,108.51546
IWM,2015-07-16,109.41637,109.12184
IWM,2015-07-17,108.9399,108.5934
IWM,2015-07-20,108.35085,108.07364
IWM,2015-07-21,107.83978,107.51061
IWM,2015-07-22,108.23826,107.31137
IWM,2015-07-23,107.04283,106.80895
IWM,2015-07-24,105.31899,105.24103
IWM,2015-07-27,104.44405,104.18418
IWM,2015-07-28,105.33631,103.37858
IWM,2015-07-29,105.63082,104.79056
IWM,2015-07-30,105.93402,104.82522
IWM,2015-07-31,106.51442,105.87339
IWM,2015-08-03,105.98601,105.21504
IWM,2015-08-04,105.73476,105.34495
IWM,2015-08-05,105.97735,105.60487
IWM,2015-08-06,104.54801,103.75972
IWM,2015-08-07,103.84634,103.14468
IWM,2015-08-10,105.04177,104.21883
IWM,2015-08-11,104.14086,103.6471
IWM,2015-08-12,103.94163,102.1918
IWM,2015-08-13,103.5951,103.42185
IWM,2015-08-14,104.26214,103.10136
IWM,2015-08-17,105.3623,103.60381
IWM,2015-08-18,104.52202,104.40074
IWM,2015-08-19,103.43921,102.85881
IWM,2015-08-20,100.82311,100.82311
IWM,2015-08-21,99.645012,99.073289
IWM,2015-08-24,95.755562,93.780507
IWM,2015-08-25,95.019257,94.90664
IWM,2015-08-26,97.436081,94.785344
IWM,2015-08-27,99.177254,97.332138
IWM,2015-08-28,100.15613,98.934709
IWM,2015-08-31,99.792313,99.411166
IWM,2015-09-01,96.933655,96.673776
IWM,2015-09-02,98.674797,97.089554
IWM,2015-09-03,98.518913,98.362988
IWM,2015-09-04,97.773911,97.262818
IWM,2015-09-08,100.00883,98.848052
IWM,2015-09-09,98.85672,98.761432
IWM,2015-09-10,99.307175,98.518888
IWM,2015-09-11,99.774963,98.458262
IWM,2015-09-14,99.315872,99.125296
IWM,2015-09-15,100.43332,99.385154
IWM,2015-09-16,101.29958,100.30338
IWM,2015-09-17,101.64607,101.07435
IWM,2015-09-18,100.24274,99.965544
IWM,2015-09-21,100.06085,99.688363
IWM,2015-09-22,98.544884,97.929845
IWM,2015-09-23,98.250374,97.947187
IWM,2015-09-24,98.085785,96.907681
IWM,2015-09-25,96.794815,96.369135
IWM,2015-09-28,94.084373,93.719498
IWM,2015-09-29,93.415459,92.946339
IWM,2015-09-30,94.866219,93.745552
IWM,2015-10-01,94.701141,93.328534
IWM,2015-10-02,96.108528,93.059261
IWM,2015-10-05,98.402,96.899087
IWM,2015-10-06,97.724358,97.107554
IWM,2015-10-07,99.453156,97.845984
IWM,2015-10-08,100.34797,98.992733
IWM,2015-10-09,100.54776,100.25239
IWM,2015-10-12,100.40009,99.965724
IWM,2015-10-13,99.027443,98.975321
IWM,2015-10-14,98.05452,97.915518
IWM,2015-10-15,100.40009,97.872068
IWM,2015-10-16,100.26977,99.409719
IWM,2015-10-19,100.46089,99.600843
IWM,2015-10-20,100.32191,99.930978
IWM,2015-10-21,98.792915,98.732104
IWM,2015-10-22,99.661674,98.801625
IWM,2015-10-23,100.64334,99.670358
IWM,2015-10-26,99.957031,99.844098
IWM,2015-10-27,98.862442,98.254321
IWM,2015-10-28,101.74663,98.966661
IWM,2015-10-29,100.66073,100.39142
IWM,2015-10-30,100.20027,99.974404
IWM,2015-11-02,102.28526,100.26979
IWM,2015-11-03,102.81518,101.98119
IWM,2015-11-04,102.76306,102.24182
IWM,2015-11-05,102.84126,101.72059
IWM,2015-11-06,103.57098,101.89431
IWM,2015-11-09,102.35474,101.87694
IWM,2015-11-10,102.65879,101.60762
IWM,2015-11-11,101.76401,101.71189
IWM,2015-11-12,99.818039,99.670355
IWM,2015-11-13,99.09697,98.74079
IWM,2015-11-16,99.948326,98.480157
IWM,2015-11-17,99.566093,99.427092
IWM,2015-11-18,101.25147,99.487928
IWM,2015-11-19,100.82577,100.54777
IWM,2015-11-20,101.47733,101.10377
IWM,2015-11-23,101.9812,101.3644
IWM,2015-11-24,102.72832,101.26015
IWM,2015-11-25,103.52756,102.6067
IWM,2015-11-27,103.91848,103.27561
IWM,2015-11-30,103.46673,103.4233
IWM,2015-12-01,104.15304,103.29299
IWM,2015-12-02,103.03237,102.90206
IWM,2015-12-03,101.29491,100.89529
IWM,2015-12-04,102.32,101.06901
IWM,2015-12-07,100.78235,100.34798
IWM,2015-12-08,100.22636,99.435801
IWM,2015-12-09,99.105652,98.688655
IWM,2015-12-10,99.435768,98.732092
IWM,2015-12-11,97.220505,96.89038
IWM,2015-12-14,96.525505,95.804451
IWM,2015-12-15,97.915497,96.951197
IWM,2015-12-16,99.409714,98.019734
IWM,2015-12-17,98.349884,98.141389
IWM,2015-12-18,96.84697,96.812219
IWM,2015-12-21,97.576714,96.864348
IWM,2015-12-22,98.471489,97.116259
IWM,2015-12-23,99.71376,98.801589
IWM,2015-12-24,99.902245,99.596868
IWM,2015-12-28,99.439796,98.558561
IWM,2015-12-29,100.51301,99.527076
IWM,2015-12-30,99.500908,99.466007
IWM,2015-12-31,98.26194,98.165964
IWM,2016-01-04,95.984688,95.173254
IWM,2016-01-05,96.194069,95.583316
IWM,2016-01-06,94.728271,94.230942
IWM,2016-01-07,92.198013,92.040961
IWM,2016-01-08,90.610046,90.444274
IWM,2016-01-11,90.217415,89.266377
IWM,2016-01-12,90.487892,88.943554
IWM,2016-01-13,87.582436,86.945508
IWM,2016-01-14,88.795181,86.544115
IWM,2016-01-15,87.355568,85.07832
IWM,2016-01-19,86.177689,85.279006
IWM,2016-01-20,86.5354,82.940663
IWM,2016-01-21,86.33474,85.83741
IWM,2016-01-22,88.446198,87.364282
IWM,2016-01-25,86.483086,86.247504
IWM,2016-01-26,88.210625,86.53541
IWM,2016-01-27,86.997849,86.430716
IWM,2016-01-28,86.9804,86.57032
IWM,2016-01-29,89.833527,87.216
IWM,2016-02-01,89.423416,88.341507
IWM,2016-02-02,87.495186,87.050204
IWM,2016-02-03,87.608627,85.628028
IWM,2016-02-04,87.948868,87.224684
IWM,2016-02-05,85.540756,85.470954
IWM,2016-02-08,84.136032,82.835996
IWM,2016-02-09,83.568901,82.905792
IWM,2016-02-10,83.612511,83.481633
IWM,2016-02-11,82.705086,81.7017
IWM,2016-02-12,84.275635,83.054128
IWM,2016-02-16,86.273666,84.825305
IWM,2016-02-17,87.626076,86.840816
IWM,2016-02-18,87.20726,86.849535
IWM,2016-02-19,87.643524,86.474365
IWM,2016-02-22,88.62072,88.33279
IWM,2016-02-23,87.809273,87.73075
IWM,2016-02-24,88.655647,86.352224
IWM,2016-02-25,89.467064,88.463677
IWM,2016-02-26,90.03418,89.606646
IWM,2016-02-29,89.632828,89.624101
IWM,2016-03-01,91.561073,89.929479
IWM,2016-03-02,92.503372,91.255684
IWM,2016-03-03,93.471878,92.416143
IWM,2016-03-04,93.986649,93.070512
IWM,2016-03-07,95.007469,93.541654
IWM,2016-03-08,92.712776,92.608073
IWM,2016-03-09,93.183937,92.547003
IWM,2016-03-10,92.424858,91.447646
IWM,2016-03-11,94.405457,93.061799
IWM,2016-03-14,94.16114,93.707439
IWM,2016-03-15,92.69532,92.512094
IWM,2016-03-16,93.349716,92.25036
IWM,2016-03-17,94.780624,92.773858
IWM,2016-03-18,95.635651,94.841665
IWM,2016-03-21,95.408813,95.173239
IWM,2016-03-22,95.295395,94.641013
IWM,2016-03-23,93.533783,93.463778
IWM,2016-03-24,93.813828,92.53614
IWM,2016-03-28,93.927559,93.24496
IWM,2016-03-29,96.535461,93.437504
IWM,2016-03-30,96.544205,96.307923
IWM,2016-03-31,96.815475,96.561687
IWM,2016-04-01,97.244331,95.80912
IWM,2016-04-04,96.430435,96.35167
IWM,2016-04-05,95.336555,95.249037
IWM,2016-04-06,96.412918,95.030213
IWM,2016-04-07,95.109001,94.627678
IWM,2016-04-08,95.485321,95.065256
IWM,2016-04-11,95.187767,95.170267
IWM,2016-04-12,96.21167,94.890223
IWM,2016-04-13,98.285713,96.710485
IWM,2016-04-14,98.1632,97.909412
IWM,2016-04-15,98.408218,97.891896
IWM,2016-04-18,99.152092,97.900658
IWM,2016-04-19,99.23085,98.793286
IWM,2016-04-20,99.379623,98.863301
IWM,2016-04-21,98.880798,98.592011
IWM,2016-04-22,99.860931,98.872038
IWM,2016-04-25,99.152092,98.723274
IWM,2016-04-26,100.12349,99.038325
IWM,2016-04-27,100.47353,99.67717
IWM,2016-04-28,99.327118,99.05583
IWM,2016-04-29,98.434494,97.769394
IWM,2016-05-02,99.309624,98.171954
IWM,2016-05-03,97.681885,97.078044
IWM,2016-05-04,96.876755,96.587967
IWM,2016-05-05,96.491707,96.351683
IWM,2016-05-06,97.060532,95.861603
IWM,2016-05-09,97.340584,96.815501
IWM,2016-05-10,98.320717,97.200553
IWM,2016-05-11,97.104279,97.02552
IWM,2016-05-12,96.58799,95.826625
IWM,2016-05-13,95.94912,95.704085
IWM,2016-05-16,97.165573,96.150427
IWM,2016-05-17,95.625328,95.187764
IWM,2016-05-18,96.124146,95.205264
IWM,2016-05-19,95.354027,94.505151
IWM,2016-05-20,96.955528,95.590329
IWM,2016-05-23,96.841743,96.70172
IWM,2016-05-24,98.837051,97.375581
IWM,2016-05-25,99.414627,98.959563
IWM,2016-05-26,99.300842,99.108313
IWM,2016-05-27,100.28978,99.335892
IWM,2016-05-31,100.63982,100.20226
IWM,2016-06-01,101.32241,100.13223
IWM,2016-06-02,102.10129,100.96362
IWM,2016-06-03,101.48866,100.63979
IWM,2016-06-06,102.58259,101.52368
IWM,2016-06-07,102.88013,102.35505
IWM,2016-06-08,103.64152,102.95892
IWM,2016-06-09,102.97639,102.64385
IWM,2016-06-10,101.57618,101.24363
IWM,2016-06-13,100.47353,100.281
IWM,2016-06-14,100.18477,99.47591
IWM,2016-06-15,100.25475,100.16723
IWM,2016-06-16,100.24599,98.79327
IWM,2016-06-17,99.817177,99.48463
IWM,2016-06-20,100.90239,100.90239
IWM,2016-06-21,100.70983,100.05348
IWM,2016-06-22,100.31602,100.1935
IWM,2016-06-23,102.23257,101.27868
IWM,2016-06-24,98.346977,97.576866
IWM,2016-06-27,95.117752,94.680188
IWM,2016-06-28,96.58799,95.887884
IWM,2016-06-29,98.784523,97.603101
IWM,2016-06-30,100.62231,98.513251
IWM,2016-07-01,100.9811,100.46478
IWM,2016-07-05,99.493378,98.950796
IWM,2016-07-06,100.21581,98.825506
IWM,2016-07-07,100.42699,99.793447
IWM,2016-07-08,102.76765,101.32455
IWM,2016-07-11,103.95555,103.366
IWM,2016-07-12,105.34583,104.56269
IWM,2016-07-13,104.93229,104.66831
IWM,2016-07-14,105.03789,104.97629
IWM,2016-07-15,105.32825,104.95868
IWM,2016-07-18,105.50423,105.00267
IWM,2016-07-19,104.97625,104.65067
IWM,2016-07-20,105.66261,104.65948
IWM,2016-07-21,105.16107,104.93229
IWM,2016-07-22,105.9442,105.02026
IWM,2016-07-25,105.7858,105.38103
IWM,2016-07-26,106.29618,105.52183
IWM,2016-07-27,106.59534,105.90019
IWM,2016-07-28,106.3226,106.05862
IWM,2016-07-29,106.53379,105.63626
IWM,2016-08-01,106.62174,105.97939
IWM,2016-08-02,105.13465,104.80027
IWM,2016-08-03,105.9882,104.80029
IWM,2016-08-04,106.08498,105.821
IWM,2016-08-05,107.61608,106.44577
IWM,2016-08-08,107.56327,107.37848
IWM,2016-08-09,107.67767,107.47529
IWM,2016-08-10,106.90333,106.60415
IWM,2016-08-11,107.4137,106.97373
IWM,2016-08-12,107.51931,107.02654
IWM,2016-08-15,108.58401,107.73048
IWM,2016-08-16,107.70406,107.58087
IWM,2016-08-17,107.38728,106.76253
IWM,2016-08-18,108.17923,107.38729
IWM,2016-08-19,108.17923,107.59847
IWM,2016-08-22,108.42562,107.64248
IWM,2016-08-23,109.18237,108.76879
IWM,2016-08-24,108.29365,108.02966
IWM,2016-08-25,108.5048,107.88885
IWM,2016-08-26,108.28484,107.6161
IWM,2016-08-29,108.84797,108.4432
IWM,2016-08-30,109.05035,108.56639
IWM,2016-08-31,108.43443,107.83607
IWM,2016-09-01,108.51363,107.36971
IWM,2016-09-02,109.56071,108.78636
IWM,2016-09-06,109.66631,109.08556
IWM,2016-09-07,110.35268,109.53434
IWM,2016-09-08,110.1327,109.78952
IWM,2016-09-09,106.69216,106.65696
IWM,2016-09-12,108.17923,106.10258
IWM,2016-09-13,106.10258,105.48663
IWM,2016-09-14,106.12019,105.84742
IWM,2016-09-15,107.38728,106.04098
IWM,2016-09-16,107.2289,106.56014
IWM,2016-09-19,107.94164,107.34329
IWM,2016-09-20,107.48409,107.48409
IWM,2016-09-21,109.04156,107.44008
IWM,2016-09-22,110.60787,109.69275
IWM,2016-09-23,109.82473,109.82473
IWM,2016-09-26,108.73412,108.6194
IWM,2016-09-27,109.17529,108.3635
IWM,2016-09-28,110.01354,108.59293
IWM,2016-09-29,108.40765,108.26646
IWM,2016-09-30,109.59885,108.40766
IWM,2016-10-03,109.25471,108.64587
IWM,2016-10-04,108.71646,108.22234
IWM,2016-10-05,109.36942,109.10472
IWM,2016-10-06,109.25471,108.37234
IWM,2016-10-07,108.38116,107.85174
IWM,2016-10-10,109.67824,108.38116
IWM,2016-10-11,107.67526,107.06643
IWM,2016-10-12,107.58704,107.2341
IWM,2016-10-13,106.69585,105.98113
IWM,2016-10-14,106.26348,106.23701
IWM,2016-10-17,106.13996,106.02526
IWM,2016-10-18,106.74879,106.46643
IWM,2016-10-19,107.19881,106.32527
IWM,2016-10-20,106.88113,106.24583
IWM,2016-10-21,106.8282,105.9723
IWM,2016-10-24,107.50764,107.16351
IWM,2016-10-25,106.70467,106.41348
IWM,2016-10-26,105.64583,105.40759
IWM,2016-10-27,104.43697,104.19873
IWM,2016-10-28,104.14581,103.89875
IWM,2016-10-31,104.56052,103.94286
IWM,2016-11-01,103.28107,102.60165
IWM,2016-11-02,101.96634,101.81634
IWM,2016-11-03,101.47224,101.36635
IWM,2016-11-04,102.12518,101.51635
IWM,2016-11-07,104.62228,103.86345
IWM,2016-11-08,104.89581,103.86344
IWM,2016-11-09,108.12527,104.16345
IWM,2016-11-10,109.85471,108.19586
IWM,2016-11-11,112.37827,109.89882
IWM,2016-11-14,113.95773,113.28714
IWM,2016-11-15,114.31065,113.20769
IWM,2016-11-16,114.30183,113.85182
IWM,2016-11-17,114.97244,114.48714
IWM,2016-11-18,115.5813,114.97246
IWM,2016-11-21,116.11954,115.246
IWM,2016-11-22,117.17838,116.1813
IWM,2016-11-23,117.91072,116.5607
IWM,2016-11-25,118.29893,117.83127
IWM,2016-11-28,116.76365,116.60482
IWM,2016-11-29,116.70187,116.56071
IWM,2016-11-30,116.12833,116.03127
IWM,2016-12-01,115.56361,114.9636
IWM,2016-12-02,115.50188,115.16659
IWM,2016-12-05,117.48718,116.3754
IWM,2016-12-06,118.75778,117.12541
IWM,2016-12-07,119.91373,118.39605
IWM,2016-12-08,121.80196,119.82546
IWM,2016-12-09,122.04021,121.54609
IWM,2016-12-12,120.75195,120.45193
IWM,2016-12-13,120.7608,120.21373
IWM,2016-12-14,119.25193,118.95193
IWM,2016-12-15,120.14314,119.0843
IWM,2016-12-16,119.92252,119.67546
IWM,2016-12-19,120.7078,119.9225
IWM,2016-12-20,121.73139,120.87549
IWM,2016-12-21,120.93723,120.89311
IWM,2016-12-22,119.89443,119.44256
IWM,2016-12-23,120.53233,119.85012
IWM,2016-12-27,121.07282,120.68299
IWM,2016-12-28,119.83241,119.46029
IWM,2016-12-29,119.93874,119.33627
IWM,2016-12-30,119.47801,119.0793
IWM,2017-01-03,120.07161,119.16788
IWM,2017-01-04,122.07403,120.50579
IWM,2017-01-05,120.66526,120.06277
IWM,2017-01-06,120.22224,120.21337
IWM,2017-01-09,119.43369,119.16789
IWM,2017-01-10,120.57663,119.39824
IWM,2017-01-11,120.78928,119.98301
IWM,2017-01-12,119.85899,118.36163
IWM,2017-01-13,120.72726,120.18679
IWM,2017-01-17,119.08813,118.84005
IWM,2017-01-18,119.47801,118.6806
IWM,2017-01-19,118.50337,117.98949
IWM,2017-01-20,119.11472,118.50338
IWM,2017-01-23,118.61856,117.94519
IWM,2017-01-24,120.43491,118.91984
IWM,2017-01-25,121.56898,121.33861
IWM,2017-01-26,121.08168,120.86903
IWM,2017-01-27,120.66526,120.18681
IWM,2017-01-30,118.98183,118.05154
IWM,2017-01-31,119.8147,118.26419
IWM,2017-02-01,119.7438,119.3451
IWM,2017-02-02,119.44257,119.15906
IWM,2017-02-03,121.26772,120.06275
IWM,2017-02-06,120.35516,119.99189
IWM,2017-02-07,119.82352,119.40709
IWM,2017-02-08,119.6109,118.62743
IWM,2017-02-09,121.29429,119.61088
IWM,2017-02-10,122.21576,121.56011
IWM,2017-02-13,122.5347,122.34863
IWM,2017-02-14,122.94226,121.92336
IWM,2017-02-15,123.67766,122.33094
IWM,2017-02-16,123.33208,122.45494
IWM,2017-02-17,123.2524,122.49044
IWM,2017-02-21,124.21812,123.49161
IWM,2017-02-22,123.66882,123.37643
IWM,2017-02-23,122.93341,121.99425
IWM,2017-02-24,122.84481,121.64871
IWM,2017-02-27,124.04094,122.45499
IWM,2017-02-28,122.12716,122.05628
IWM,2017-03-01,124.35986,123.61562
IWM,2017-03-02,122.93341,122.83595
IWM,2017-03-03,122.84481,122.1626
IWM,2017-03-06,122.00316,121.3741
IWM,2017-03-07,121.20568,121.03734
IWM,2017-03-08,120.40833,120.30201
IWM,2017-03-09,119.92986,119.51344
IWM,2017-03-10,120.46149,119.46915
IWM,2017-03-13,120.74505,120.18686
IWM,2017-03-14,120.16908,119.22105
IWM,2017-03-15,122.02968,120.47031
IWM,2017-03-16,122.18914,121.87903
IWM,2017-03-17,122.67646,121.65754
IWM,2017-03-20,122.14486,121.71071
IWM,2017-03-21,118.69832,118.65402
IWM,2017-03-22,118.7249,117.64397
IWM,2017-03-23,119.41599,118.40594
IWM,2017-03-24,119.50214,118.94235
IWM,2017-03-27,119.72428,117.64505
IWM,2017-03-28,120.65727,119.19116
IWM,2017-03-29,121.04828,120.22193
IWM,2017-03-30,121.96348,121.07492
IWM,2017-03-31,122.15896,121.67914
IWM,2017-04-03,120.87056,120.48849
IWM,2017-04-04,120.72839,120.26635
IWM,2017-04-05,119.36,119.13786
IWM,2017-04-06,120.4707,118.91572
IWM,2017-04-07,120.41737,119.73318
IWM,2017-04-10,120.68394,120.09749
IWM,2017-04-11,121.64357,120.0264
IWM,2017-04-12,119.99087,119.88424
IWM,2017-04-13,118.81799,118.76468
IWM,2017-04-17,120.21303,118.78245
IWM,2017-04-18,120.23967,119.20894
IWM,2017-04-19,120.65727,120.43513
IWM,2017-04-20,122.1945,120.97717
IWM,2017-04-21,121.91905,121.47477
IWM,2017-04-24,123.43842,123.05635
IWM,2017-04-25,124.63799,124.47805
IWM,2017-04-26,125.27782,124.51366
IWM,2017-04-27,125.24226,124.82464
IWM,2017-04-28,123.56287,123.5451
IWM,2017-05-01,124.27371,123.31407
IWM,2017-05-02,123.64284,123.23411
IWM,2017-05-03,122.8787,122.34557
IWM,2017-05-04,122.70985,121.83017
IWM,2017-05-05,123.50069,122.20339
IWM,2017-05-08,122.98529,122.40772
IWM,2017-05-09,122.93201,122.42553
IWM,2017-05-10,123.69614,122.49659
IWM,2017-05-11,122.83424,121.71465
IWM,2017-05-12,122.18562,121.87464
IWM,2017-05-15,123.13634,122.6032
IWM,2017-05-16,123.18079,122.28333
IWM,2017-05-17,119.85758,119.73318
IWM,2017-05-18,120.29298,119.27113
IWM,2017-05-19,120.87056,120.32854
IWM,2017-05-22,121.688,120.98605
IWM,2017-05-23,122.08786,121.15489
IWM,2017-05-24,122.16788,121.58143
IWM,2017-05-25,122.2478,121.91015
IWM,2017-05-26,122.21223,121.53693
IWM,2017-05-30,121.25261,121.03935
IWM,2017-05-31,121.1282,119.63542
IWM,2017-06-01,123.46513,121.0838
IWM,2017-06-02,124.26484,123.55399
IWM,2017-06-05,123.49177,123.46511
IWM,2017-06-06,123.3763,122.4522
IWM,2017-06-07,123.49177,123.05638
IWM,2017-06-08,125.18004,123.27853
IWM,2017-06-09,125.8287,125.02011
IWM,2017-06-12,125.62436,125.18896
IWM,2017-06-13,126.26411,125.70432
IWM,2017-06-14,125.51772,124.79799
IWM,2017-06-15,124.87793,124.12266
IWM,2017-06-16,124.56691,123.75832
IWM,2017-06-19,125.49103,124.85127
IWM,2017-06-20,124.2204,124.13154
IWM,2017-06-21,123.90939,123.70502
IWM,2017-06-22,124.38031,123.51841
IWM,2017-06-23,125.20671,123.99827
IWM,2017-06-26,125.35776,124.57582
IWM,2017-06-27,124.25593,124.17596
IWM,2017-06-28,126.15742,124.7535
IWM,2017-06-29,125.4111,124.08715
IWM,2017-06-30,125.21557,125.08229
IWM,2017-07-03,126.26411,125.55327
IWM,2017-07-05,125.81094,125.02012
IWM,2017-07-06,124.168,123.89136
IWM,2017-07-07,125.37277,124.20372
IWM,2017-07-10,124.82841,124.37328
IWM,2017-07-11,125.19428,124.02525
IWM,2017-07-12,126.15804,125.83678
IWM,2017-07-13,126.26515,125.27459
IWM,2017-07-14,126.47932,125.91712
IWM,2017-07-17,126.77382,126.0599
IWM,2017-07-18,126.44363,125.86356
IWM,2017-07-19,127.7019,126.61318
IWM,2017-07-20,127.79118,127.43422
IWM,2017-07-21,127.2111,126.94338
IWM,2017-07-24,127.38957,126.6935
IWM,2017-07-25,128.54965,127.80004
IWM,2017-07-26,127.83576,127.65729
IWM,2017-07-27,127.0237,126.31872
IWM,2017-07-28,126.68462,126.24734
IWM,2017-07-31,126.28299,125.8011
IWM,2017-08-01,126.52396,125.80112
IWM,2017-08-02,125.14074,124.69454
IWM,2017-08-03,124.51602,124.18584
IWM,2017-08-04,125.12289,124.48037
IWM,2017-08-07,125.32814,124.67669
IWM,2017-08-08,124.93548,124.65884
IWM,2017-08-09,123.85568,123.40057
IWM,2017-08-10,121.60686,121.59793
IWM,2017-08-11,121.78533,121.16066
IWM,2017-08-14,123.63258,122.46355
IWM,2017-08-15,122.61525,122.56171
IWM,2017-08-16,122.651,122.44575
IWM,2017-08-17,120.41102,120.4021
IWM,2017-08-18,120.40209,119.68817
IWM,2017-08-21,120.32178,119.70603
IWM,2017-08-22,121.6247,120.59845
IWM,2017-08-23,121.42834,120.66088
IWM,2017-08-24,121.80321,121.38378
IWM,2017-08-25,122.15118,121.74067
IWM,2017-08-28,122.66878,122.05302
IWM,2017-08-29,122.69561,121.57118
IWM,2017-08-30,123.48087,122.48139
IWM,2017-08-31,124.6945,123.74857
IWM,2017-09-01,125.39948,124.69447
IWM,2017-09-05,124.19479,123.66828
IWM,2017-09-06,124.45361,124.1145
IWM,2017-09-07,124.14126,123.67721
IWM,2017-09-08,124.23942,123.70397
IWM,2017-09-11,125.54234,125.14076
IWM,2017-09-12,126.30978,125.66727
IWM,2017-09-13,126.68462,126.11348
IWM,2017-09-14,126.5686,126.20271
IWM,2017-09-15,127.08618,126.31872
IWM,2017-09-18,127.95179,127.25572
IWM,2017-09-19,127.95179,127.69299
IWM,2017-09-20,128.36227,127.84468
IWM,2017-09-21,128.22838,128.04097
IWM,2017-09-22,128.77274,128.11236
IWM,2017-09-25,128.95122,128.22838
IWM,2017-09-26,129.36186,128.9772
IWM,2017-09-27,131.89351,129.85392
IWM,2017-09-28,132.24234,131.30305
IWM,2017-09-29,132.55551,132.16192
IWM,2017-10-02,134.18352,132.46597
IWM,2017-10-03,134.47876,133.5842
IWM,2017-10-04,134.04938,133.63788
IWM,2017-10-05,134.41609,134.06722
IWM,2017-10-06,134.2283,133.79892
IWM,2017-10-09,133.6736,133.44996
IWM,2017-10-10,134.05827,133.65573
IWM,2017-10-11,133.95985,133.70044
IWM,2017-10-12,133.86148,133.30686
IWM,2017-10-13,133.61993,133.4947
IWM,2017-10-16,133.50368,133.31581
IWM,2017-10-17,133.11899,132.84168
IWM,2017-10-18,133.7541,133.3605
IWM,2017-10-19,133.54836,132.54646
IWM,2017-10-20,134.16563,134.05829
IWM,2017-10-23,133.1637,133.02056
IWM,2017-10-24,133.44107,133.32477
IWM,2017-10-25,132.79701,131.69671
IWM,2017-10-26,133.0743,132.85066
IWM,2017-10-27,133.99564,132.66276
IWM,2017-10-30,132.58228,131.84873
IWM,2017-10-31,133.52155,132.96692
IWM,2017-11-01,132.63597,131.89349
IWM,2017-11-02,133.02956,132.14394
IWM,2017-11-03,132.94006,132.44805
IWM,2017-11-06,133.09218,132.7433
IWM,2017-11-07,131.49985,131.08835
IWM,2017-11-08,131.67876,130.46216
IWM,2017-11-09,131.21361,129.96123
IWM,2017-11-10,131.11522,130.91842
IWM,2017-11-13,131.15099,130.15803
IWM,2017-11-14,130.79315,130.23852
IWM,2017-11-15,130.27429,129.26344
IWM,2017-11-16,132.18871,130.7753
IWM,2017-11-17,132.79701,131.65198
IWM,2017-11-20,133.76306,132.6896
IWM,2017-11-21,135.15863,134.23724
IWM,2017-11-22,134.97966,134.95282
IWM,2017-11-24,135.03334,134.87233
IWM,2017-11-27,134.6219,134.57717
IWM,2017-11-28,136.74197,134.77395
IWM,2017-11-29,137.1982,136.82248
IWM,2017-11-30,137.4487,137.11772
IWM,2017-12-01,136.8851,133.06534
IWM,2017-12-04,136.37524,136.24107
IWM,2017-12-05,135.01546,135.00652
IWM,2017-12-06,134.38033,134.13879
IWM,2017-12-07,135.3196,134.2014
IWM,2017-12-08,135.4449,135.3286
IWM,2017-12-11,135.39117,135.09597
IWM,2017-12-12,134.97075,134.91708
IWM,2017-12-13,135.77582,134.9081
IWM,2017-12-14,134.27298,133.86148
IWM,2017-12-15,136.18733,134.70236
IWM,2017-12-18,138.03012,137.2787
IWM,2017-12-19,136.93878,136.7062
IWM,2017-12-20,137.20715,136.72408
IWM,2017-12-21,137.80786,137.45766
IWM,2017-12-22,137.55646,137.20626
IWM,2017-12-26,137.63728,137.29606
IWM,2017-12-27,137.50253,137.21518
IWM,2017-12-28,138.04132,137.3948
IWM,2017-12-29,136.90099,136.83812
IWM,2018-01-02,138.19394,136.90091
IWM,2018-01-03,138.33766,137.85278
IWM,2018-01-04,138.70584,138.30177
IWM,2018-01-05,138.99313,138.22989
IWM,2018-01-08,139.20865,137.83479
IWM,2018-01-09,139.0201,138.93927
IWM,2018-01-10,139.03804,138.21193
IWM,2018-01-11,141.42653,139.1637
IWM,2018-01-12,142.01926,141.39967
IWM,2018-01-16,140.20535,139.90005
IWM,2018-01-17,141.53435,140.3311
IWM,2018-01-18,140.56453,140.42984
IWM,2018-01-19,142.41431,140.57351
IWM,2018-01-22,143.17758,142.15392
IWM,2018-01-23,143.63559,142.47723
IWM,2018-01-24,142.74658,142.23475
IWM,2018-01-25,142.80045,142.06414
IWM,2018-01-26,143.31227,142.56697
IWM,2018-01-29,142.50407,142.43224
IWM,2018-01-30,141.13925,140.73518
IWM,2018-01-31,140.40292,140.00782
IWM,2018-02-01,140.84291,139.65761
IWM,2018-02-02,138.13113,137.84378
IWM,2018-02-05,132.8243,132.77042
IWM,2018-02-06,134.41362,129.51981
IWM,2018-02-07,134.54829,133.44382
IWM,2018-02-08,130.59737,130.59737
IWM,2018-02-09,131.79161,127.95738
IWM,2018-02-12,133.03978,130.63328
IWM,2018-02-13,133.3271,131.90835
IWM,2018-02-14,135.72466,132.15981
IWM,2018-02-15,137.20624,135.19483
IWM,2018-02-16,137.69113,136.97277
IWM,2018-02-20,136.55972,136.19156
IWM,2018-02-21,136.70337,136.49683
IWM,2018-02-22,136.48785,136.40704
IWM,2018-02-23,138.26582,136.62258
IWM,2018-02-26,139.17276,137.80788
IWM,2018-02-27,137.17026,137.16128
IWM,2018-02-28,135.00624,134.97032
IWM,2018-03-01,134.64713,133.23736
IWM,2018-03-02,136.80219,133.25528
IWM,2018-03-05,138.02338,136.01197
IWM,2018-03-06,139.51398,137.20626
IWM,2018-03-07,140.74416,138.48133
IWM,2018-03-08,140.45682,139.63071
IWM,2018-03-09,142.70169,140.8609
IWM,2018-03-12,142.95311,142.31558
IWM,2018-03-13,142.28865,142.0013
IWM,2018-03-14,141.61517,141.34579
IWM,2018-03-15,140.90579,140.41192
IWM,2018-03-16,141.69595,140.75311
IWM,2018-03-19,140.33109,138.68784
IWM,2018-03-20,140.29518,139.87315
IWM,2018-03-21,141.11226,140.25921
IWM,2018-03-22,138.01805,137.98204
IWM,2018-03-23,135.048,135.003
IWM,2018-03-26,138.00002,135.38995
IWM,2018-03-27,135.32698,134.74197
IWM,2018-03-28,135.28197,134.45395
IWM,2018-03-29,136.65002,135.678
IWM,2018-04-02,133.31993,132.4649
IWM,2018-04-03,135.22794,133.4729
IWM,2018-04-04,136.94708,133.446
IWM,2018-04-05,138.08109,137.09107
IWM,2018-04-06,135.32698,134.23795
IWM,2018-04-09,135.48897,135.38097
IWM,2018-04-10,138.04504,136.506
IWM,2018-04-11,138.34206,137.37003
IWM,2018-04-12,139.28709,138.54008
IWM,2018-04-13,138.55807,138.16206
IWM,2018-04-16,139.83611,138.70209
IWM,2018-04-17,141.3571,140.36709
IWM,2018-04-18,141.73512,141.44712
IWM,2018-04-19,140.75412,140.29511
IWM,2018-04-20,139.99806,139.63805
IWM,2018-04-23,139.79108,139.11606
IWM,2018-04-24,138.99002,137.87401
IWM,2018-04-25,138.78302,137.667
IWM,2018-04-26,139.42204,138.54902
IWM,2018-04-27,139.22403,138.40501
IWM,2018-04-30,137.99103,137.96401
IWM,2018-05-01,138.66605,136.542
IWM,2018-05-02,139.1881,138.31507
IWM,2018-05-03,138.43207,136.94704
IWM,2018-05-04,140.16008,137.52303
IWM,2018-05-07,141.3481,140.49308
IWM,2018-05-08,142.05014,141.07812
IWM,2018-05-09,142.81514,141.64512
IWM,2018-05-10,143.58015,142.88714
IWM,2018-05-11,143.85913,143.13911
IWM,2018-05-14,143.31012,143.14812
IWM,2018-05-15,143.3372,142.35619
IWM,2018-05-16,144.83116,143.52614
IWM,2018-05-17,145.49721,144.67819
IWM,2018-05-18,145.6862,145.3982
IWM,2018-05-21,146.6492,146.12719
IWM,2018-05-22,145.58719,145.4702
IWM,2018-05-23,145.77618,145.02017
IWM,2018-05-24,145.8302,144.56117
IWM,2018-05-25,145.56923,145.32622
IWM,2018-05-29,145.37125,144.10221
IWM,2018-05-30,147.67529,146.12726
IWM,2018-05-31,146.49625,146.10923
IWM,2018-06-01,147.45927,146.95527
IWM,2018-06-04,148.24226,146.99124
IWM,2018-06-05,149.16025,147.90922
IWM,2018-06-06,150.24028,149.02526
IWM,2018-06-07,149.4213,148.71027
IWM,2018-06-08,149.87129,149.18727
IWM,2018-06-11,150.09633,149.66431
IWM,2018-06-12,150.78032,150.0603
IWM,2018-06-13,150.18625,149.96124
IWM,2018-06-14,150.98732,149.9523
IWM,2018-06-15,151.03235,149.88032
IWM,2018-06-18,151.74333,150.06029
IWM,2018-06-19,151.75237,149.88932
IWM,2018-06-20,152.97635,152.05832
IWM,2018-06-21,151.54535,150.99634
IWM,2018-06-22,151.04134,150.58232
IWM,2018-06-25,148.57529,147.72927
IWM,2018-06-26,149.43924,148.36823
IWM,2018-06-27,147.04526,146.98225
IWM,2018-06-28,147.49525,146.03721
IWM,2018-06-29,147.39626,147.25225
IWM,2018-07-02,148.4133,146.23525
IWM,2018-07-03,149.00488,148.77002
IWM,2018-07-05,150.70305,148.88746
IWM,2018-07-06,151.97667,150.414
IWM,2018-07-09,152.93417,152.10316
IWM,2018-07-10,152.23865,151.36248
IWM,2018-07-11,150.94695,150.89275
IWM,2018-07-12,151.6786,150.52241
IWM,2018-07-13,151.22697,151.22697
IWM,2018-07-16,150.63985,149.90819
IWM,2018-07-17,151.30829,150.47727
IWM,2018-07-18,151.73279,150.45918
IWM,2018-07-19,152.80766,151.0824
IWM,2018-07-20,152.18443,152.06702
IWM,2018-07-23,152.37415,151.57926
IWM,2018-07-24,150.74825,150.14305
IWM,2018-07-25,151.29922,150.07076
IWM,2018-07-26,152.1122,151.30828
IWM,2018-07-27,149.27594,148.8514
IWM,2018-07-30,148.31839,148.20097
IWM,2018-07-31,149.82693,148.49009
IWM,2018-08-01,149.72754,148.58941
IWM,2018-08-02,150.8205,148.98684
IWM,2018-08-03,150.29659,149.59203
IWM,2018-08-06,151.13667,149.854
IWM,2018-08-07,151.49802,151.38963
IWM,2018-08-08,151.36243,150.38688
IWM,2018-08-09,151.75089,151.34441
IWM,2018-08-10,151.32634,150.81148
IWM,2018-08-13,150.44116,149.83597
IWM,2018-08-14,151.93153,150.74824
IWM,2018-08-15,150.02559,149.1765
IWM,2018-08-16,151.4167,150.56762
IWM,2018-08-17,152.06705,150.78438
IWM,2018-08-20,152.49152,151.59727
IWM,2018-08-21,154.24388,152.7625
IWM,2018-08-22,154.62332,153.93683
IWM,2018-08-23,154.15358,153.72
IWM,2018-08-24,154.99367,154.47881
IWM,2018-08-27,155.21944,155.02071
IWM,2018-08-28,155.36395,154.55101
IWM,2018-08-29,155.81564,154.87624
IWM,2018-08-30,155.68916,155.2014
IWM,2018-08-31,156.28539,155.31887
IWM,2018-09-04,155.58981,154.5691
IWM,2018-09-05,155.17427,153.88259
IWM,2018-09-06,154.1265,153.9368
IWM,2018-09-07,154.04521,153.25034
IWM,2018-09-10,154.23491,153.90973
IWM,2018-09-11,154.48781,153.55743
IWM,2018-09-12,154.11748,152.95225
IWM,2018-09-13,154.15358,153.79226
IWM,2018-09-14,154.80396,153.91873
IWM,2018-09-17,153.15997,152.97029
IWM,2018-09-18,153.80128,153.22319
IWM,2018-09-19,153.24127,152.71738
IWM,2018-09-20,154.65942,153.3858
IWM,2018-09-21,153.91876,153.75618
IWM,2018-09-24,153.34969,152.43737
IWM,2018-09-25,153.58455,153.42197
IWM,2018-09-26,152.18068,151.95426
IWM,2018-09-27,152.18979,151.9362
IWM,2018-09-28,152.65169,151.65544
IWM,2018-10-01,150.64107,150.13389
IWM,2018-10-02,149.01088,148.69389
IWM,2018-10-03,150.31503,148.99274
IWM,2018-10-04,148.20482,147.74293
IWM,2018-10-05,146.86438,145.50587
IWM,2018-10-08,146.5565,145.40629
IWM,2018-10-09,145.98592,145.79572
IWM,2018-10-10,141.79262,141.61149
IWM,2018-10-11,139.08469,139.03033
IWM,2018-10-12,139.11183,137.56312
IWM,2018-10-15,139.62807,138.15181
IWM,2018-10-16,143.67645,139.51034
IWM,2018-10-17,143.06058,141.18582
IWM,2018-10-18,140.37981,139.80923
IWM,2018-10-19,138.89445,138.33294
IWM,2018-10-22,138.59563,138.13374
IWM,2018-10-23,137.35478,134.87323
IWM,2018-10-24,132.1834,132.06567
IWM,2018-10-25,135.04535,132.60003
IWM,2018-10-26,133.56909,131.05131
IWM,2018-10-29,132.83549,131.38642
IWM,2018-10-30,135.60687,132.73588
IWM,2018-10-31,135.87857,135.87857
IWM,2018-11-01,139.01218,136.58496
IWM,2018-11-02,139.47417,138.06131
IWM,2018-11-05,139.36545,137.97976
IWM,2018-11-06,140.05368,139.03933
IWM,2018-11-07,142.56247,140.19865
IWM,2018-11-08,142.18207,141.59337
IWM,2018-11-09,139.54657,138.52315
IWM,2018-11-12,136.78424,136.61216
IWM,2018-11-13,136.34953,136.11405
IWM,2018-11-14,135.35329,134.47478
IWM,2018-11-15,137.28235,134.15777
IWM,2018-11-16,137.60841,135.90574
IWM,2018-11-19,134.81892,134.37514
IWM,2018-11-20,132.21968,131.8574
IWM,2018-11-21,134.06717,132.70866
IWM,2018-11-23,133.94041,132.96228
IWM,2018-11-26,135.67932,134.71026
IWM,2018-11-27,134.55629,134.30269
IWM,2018-11-28,137.8801,133.76832
IWM,2018-11-29,137.50879,136.2499
IWM,2018-11-30,138.22423,136.82949
IWM,2018-12-03,139.54657,137.68088
IWM,2018-12-04,133.60526,133.26109
IWM,2018-12-06,133.31552,129.90112
IWM,2018-12-07,130.43546,129.7562
IWM,2018-12-10,130.05505,128.10784
IWM,2018-12-11,129.91924,128.95922
IWM,2018-12-12,131.15999,131.10564
IWM,2018-12-13,129.30334,129.09503
IWM,2018-12-14,127.34711,126.88522
IWM,2018-12-17,124.51105,123.72957
IWM,2018-12-18,124.35652,123.84763
IWM,2018-12-19,121.76672,121.08519
IWM,2018-12-20,119.75848,118.3409
IWM,2018-12-21,116.6507,116.29631
IWM,2018-12-24,114.38803,114.35168
IWM,2018-12-26,119.88571,114.32443
IWM,2018-12-27,120.38548,116.19634
IWM,2018-12-28,120.73079,119.53129
IWM,2018-12-31,121.67586,119.76758
IWM,2019-01-02,122.36646,119.53128
IWM,2019-01-03,120.17651,119.63128
IWM,2019-01-04,124.6655,121.50321
IWM,2019-01-07,126.84635,124.25655
IWM,2019-01-08,128.79099,126.66461
IWM,2019-01-09,129.8542,128.69106
IWM,2019-01-10,130.52663,128.44569
IWM,2019-01-11,130.56302,129.65431
IWM,2019-01-14,129.26355,129.11815
IWM,2019-01-15,130.35399,129.11815
IWM,2019-01-16,131.32637,130.55396
IWM,2019-01-17,132.51677,130.82657
IWM,2019-01-18,133.87976,132.67118
IWM,2019-01-22,131.76251,130.89924
IWM,2019-01-23,131.39903,130.36311
IWM,2019-01-24,132.18958,131.15365
IWM,2019-01-25,133.88885,133.06193
IWM,2019-01-28,133.17104,132.09875
IWM,2019-01-29,132.85295,132.56217
IWM,2019-01-30,134.30688,132.38042
IWM,2019-01-31,135.45186,134.06154
IWM,2019-02-01,135.5609,135.01568
IWM,2019-02-04,137.17841,135.28829
IWM,2019-02-05,137.32379,136.52414
IWM,2019-02-06,137.15114,136.39692
IWM,2019-02-07,136.02435,134.84303
IWM,2019-02-08,136.16972,134.94296
IWM,2019-02-11,137.30563,135.96983
IWM,2019-02-12,139.02306,138.01439
IWM,2019-02-13,139.4138,138.75953
IWM,2019-02-14,139.73183,138.48689
IWM,2019-02-15,141.95821,140.18623
IWM,2019-02-19,142.34897,141.3494
IWM,2019-02-20,143.02135,142.23986
IWM,2019-02-21,142.47618,141.81283
IWM,2019-02-22,143.71201,142.75787
IWM,2019-02-25,143.74834,143.65746
IWM,2019-02-26,142.7579,142.56707
IWM,2019-02-27,142.95776,141.8673
IWM,2019-02-28,142.46712,142.09454
IWM,2019-03-01,143.79382,142.43984
IWM,2019-03-04,142.49432,141.3857
IWM,2019-03-05,141.83098,141.72194
IWM,2019-03-06,139.05035,138.92314
IWM,2019-03-07,137.83264,137.55094
IWM,2019-03-08,137.79631,136.86034
IWM,2019-03-11,140.20438,138.03257
IWM,2019-03-12,140.27707,139.75911
IWM,2019-03-13,140.83142,140.62242
IWM,2019-03-14,140.25888,140.12257
IWM,2019-03-15,140.63148,140.24075
IWM,2019-03-18,141.53113,140.37707
IWM,2019-03-19,140.81323,140.45884
IWM,2019-03-20,139.63971,138.86526
IWM,2019-03-21,141.47107,139.15679
IWM,2019-03-22,136.32318,136.27764
IWM,2019-03-25,136.92451,135.22071
IWM,2019-03-26,138.36412,137.38921
IWM,2019-03-27,137.82654,136.19561
IWM,2019-03-28,139.05656,137.51675
IWM,2019-03-29,139.48482,138.58281
IWM,2019-04-01,141.00639,140.05882
IWM,2019-04-02,140.64194,139.86747
IWM,2019-04-03,141.37082,140.97903
IWM,2019-04-04,142.06325,141.07923
IWM,2019-04-05,143.39349,142.30925
IWM,2019-04-08,143.15665,142.19997
IWM,2019-04-09,141.40727,141.14305
IWM,2019-04-10,143.32974,141.52571
IWM,2019-04-11,143.14755,142.87421
IWM,2019-04-12,143.66692,143.14758
IWM,2019-04-15,143.20218,142.59172
IWM,2019-04-16,143.53932,143.02909
IWM,2019-04-17,142.22725,141.40722
IWM,2019-04-18,141.80818,140.91528
IWM,2019-04-22,141.43459,140.78769
IWM,2019-04-23,143.56662,141.55302
IWM,2019-04-24,144.01311,143.38443
IWM,2019-04-25,142.81952,141.65327
IWM,2019-04-26,144.20442,142.5006
IWM,2019-04-29,144.89688,144.40488
IWM,2019-04-30,144.22267,143.01088
IWM,2019-05-01,142.85597,142.78309
IWM,2019-05-02,143.52112,141.84463
IWM,2019-05-03,146.26363,144.13159
IWM,2019-05-06,146.42761,143.96755
IWM,2019-05-07,143.5302,142.36395
IWM,2019-05-08,142.82867,142.72845
IWM,2019-05-09,142.30933,140.07706
IWM,2019-05-10,142.7011,140.01327
IWM,2019-05-13,138.15456,137.72632
IWM,2019-05-14,139.89481,138.21833
IWM,2019-05-15,140.35034,138.55543
IWM,2019-05-16,141.22508,140.71485
IWM,2019-05-17,139.25702,139.09302
IWM,2019-05-20,138.29123,137.95412
IWM,2019-05-21,140.14993,139.02013
IWM,2019-05-22,138.97452,138.49162
IWM,2019-05-23,136.11365,135.37563
IWM,2019-05-24,137.38924,136.47811
IWM,2019-05-28,136.29585,136.28675
IWM,2019-05-29,135.15691,134.264
IWM,2019-05-30,134.78334,133.97244
IWM,2019-05-31,132.89738,132.40538
IWM,2019-06-03,133.36198,132.41442
IWM,2019-06-04,136.81522,133.40759
IWM,2019-06-05,136.84253,135.40294
IWM,2019-06-06,136.48721,135.12963
IWM,2019-06-07,137.45296,136.68761
IWM,2019-06-10,138.26387,137.99053
IWM,2019-06-11,137.85385,137.19784
IWM,2019-06-12,138.00877,137.23431
IWM,2019-06-13,139.46661,138.37325
IWM,2019-06-14,138.24564,138.23653
IWM,2019-06-17,139.19934,138.67816
IWM,2019-06-18,140.81773,139.21764
IWM,2019-06-19,141.32056,140.25992
IWM,2019-06-20,141.98804,141.21086
IWM,2019-06-21,140.76285,140.45198
IWM,2019-06-24,139.05299,138.97984
IWM,2019-06-25,138.2027,138.06555
IWM,2019-06-26,137.88269,137.84611
IWM,2019-06-27,140.47028,138.285
IWM,2019-06-28,142.18005,140.75368
IWM,2019-07-01,142.72864,141.92401
IWM,2019-07-02,141.86005,141.04628
IWM,2019-07-03,142.87498,141.87836
IWM,2019-07-05,143.25894,141.59485
IWM,2019-07-08,141.89662,141.62232
IWM,2019-07-09,142.08862,141.24743
IWM,2019-07-10,142.33549,141.58574
IWM,2019-07-11,141.64062,141.00973
IWM,2019-07-12,142.73779,141.61316
IWM,2019-07-15,141.98804,141.58574
IWM,2019-07-16,141.94238,141.4212
IWM,2019-07-17,140.92741,140.56167
IWM,2019-07-18,141.45773,140.56167
IWM,2019-07-19,140.64397,140.64397
IWM,2019-07-22,140.51593,140.25992
IWM,2019-07-23,141.44859,140.38795
IWM,2019-07-24,143.78931,140.91828
IWM,2019-07-25,142.05206,141.80519
IWM,2019-07-26,143.73445,142.18007
IWM,2019-07-29,142.77444,142.27157
IWM,2019-07-30,144.31964,141.45776
IWM,2019-07-31,143.14923,142.22575
IWM,2019-08-01,141.07373,140.43369
IWM,2019-08-02,139.51018,138.32153
IWM,2019-08-05,135.32254,133.68588
IWM,2019-08-06,136.56598,134.75559
IWM,2019-08-07,136.52945,134.12473
IWM,2019-08-08,139.47363,137.14207
IWM,2019-08-09,137.71806,137.17861
IWM,2019-08-12,135.93512,135.62425
IWM,2019-08-13,137.39806,135.02076
IWM,2019-08-14,133.55785,133.23782
IWM,2019-08-15,133.02756,132.38751
IWM,2019-08-16,135.89856,133.59442
IWM,2019-08-19,137.27005,137.10546
IWM,2019-08-20,136.37405,136.22777
IWM,2019-08-21,137.49863,136.95915
IWM,2019-08-22,137.17865,136.36489
IWM,2019-08-23,132.97263,132.51546
IWM,2019-08-26,134.43559,133.22867
IWM,2019-08-27,132.44231,132.28686
IWM,2019-08-28,133.98755,131.89371
IWM,2019-08-29,136.33745,135.28596
IWM,2019-08-30,136.09058,135.3591
IWM,2019-09-03,134.09729,133.49382
IWM,2019-09-04,135.17622,134.57276
IWM,2019-09-05,137.6907,136.57521
IWM,2019-09-06,137.05972,136.99573
IWM,2019-09-09,138.89755,137.20602
IWM,2019-09-10,140.67143,137.96498
IWM,2019-09-11,143.55162,140.40628
IWM,2019-09-12,143.58815,142.24408
IWM,2019-09-13,143.83502,143.67045
IWM,2019-09-16,144.3745,143.27729
IWM,2019-09-17,143.99957,143.04865
IWM,2019-09-18,143.11266,141.78686
IWM,2019-09-19,142.41783,142.20754
IWM,2019-09-20,142.11606,141.22001
IWM,2019-09-23,142.00635,141.32059
IWM,2019-09-24,139.86293,139.32158
IWM,2019-09-25,141.39523,139.28485
IWM,2019-09-26,139.81703,139.42248
IWM,2019-09-27,138.69762,138.09203
IWM,2019-09-30,138.86279,138.35813
IWM,2019-10-01,136.13763,135.84402
IWM,2019-10-02,135.11,133.8346
IWM,2019-10-03,135.5596,132.98126
IWM,2019-10-04,136.84421,134.99074
IWM,2019-10-07,136.60565,135.9083
IWM,2019-10-08,134.38512,134.06397
IWM,2019-10-09,134.99994,134.55033
IWM,2019-10-10,135.54123,134.97235
IWM,2019-10-11,137.83513,135.51372
IWM,2019-10-14,137.33047,136.80748
IWM,2019-10-15,138.90866,137.44057
IWM,2019-10-16,139.05551,138.67931
IWM,2019-10-17,140.69789,139.51425
IWM,2019-10-18,140.02811,138.96374
IWM,2019-10-21,141.34016,141.22089
IWM,2019-10-22,141.49615,141.0649
IWM,2019-10-23,141.67047,140.89056
IWM,2019-10-24,141.46863,140.81717
IWM,2019-10-25,142.22112,141.2118
IWM,2019-10-28,143.45059,142.23024
IWM,2019-10-29,143.9185,143.01012
IWM,2019-10-30,143.44139,142.47796
IWM,2019-10-31,142.63397,141.52374
IWM,2019-11-01,145.06546,143.18447
IWM,2019-11-04,145.8454,145.40498
IWM,2019-11-05,146.0289,145.86375
IWM,2019-11-06,145.18478,144.79941
IWM,2019-11-07,145.57013,145.12971
IWM,2019-11-08,145.96468,144.92783
IWM,2019-11-11,145.68939,144.8636
IWM,2019-11-12,145.73532,145.42336
IWM,2019-11-13,145.11133,144.23048
IWM,2019-11-14,145.06546,144.78101
IWM,2019-11-15,145.81789,145.29489
IWM,2019-11-18,145.45082,144.91864
IWM,2019-11-19,145.99219,145.25814
IWM,2019-11-20,145.44168,144.29474
IWM,2019-11-21,144.726,144.26722
IWM,2019-11-22,145.17561,144.37734
IWM,2019-11-25,148.25859,145.79036
IWM,2019-11-26,148.35953,147.9925
IWM,2019-11-27,149.40555,148.71738
IWM,2019-11-29,148.43291,148.34115
IWM,2019-12-02,146.98317,146.72626
IWM,2019-12-03,146.51518,145.06546
IWM,2019-12-04,147.52449,147.08407
IWM,2019-12-05,147.67133,147.22172
IWM,2019-12-06,149.39635,149.10272
IWM,2019-12-09,149.11194,149.00184
IWM,2019-12-10,149.20367,148.58891
IWM,2019-12-11,149.15776,148.59805
IWM,2019-12-12,150.44232,148.8733
IWM,2019-12-13,149.8643,149.14861
IWM,2019-12-16,150.92062,150.7917
IWM,2019-12-17,151.67575,150.75483
IWM,2019-12-18,151.97043,151.32579
IWM,2019-12-19,152.62428,151.84151
IWM,2019-12-20,152.84529,152.61506
IWM,2019-12-23,153.14923,152.28356
IWM,2019-12-24,153.49918,152.90979
IWM,2019-12-26,153.49918,153.20449
IWM,2019-12-27,152.74396,152.34795
IWM,2019-12-30,152.35724,151.55604
IWM,2019-12-31,152.56905,151.68497
IWM,2020-01-02,152.67036,151.24293
IWM,2020-01-03,152.07178,150.75485
IWM,2020-01-06,152.27434,150.60746
IWM,2020-01-07,151.76785,151.22451
IWM,2020-01-08,152.23755,151.69421
IWM,2020-01-09,152.42168,152.19145
IWM,2020-01-10,151.85068,151.21524
IWM,2020-01-13,152.83611,151.09556
IWM,2020-01-14,153.39789,151.93361
IWM,2020-01-15,154.13461,153.00188
IWM,2020-01-16,156.12376,155.11075
IWM,2020-01-17,155.70018,155.3318
IWM,2020-01-21,154.41086,154.0425
IWM,2020-01-22,154.30952,153.95957
IWM,2020-01-23,154.20824,152.36639
IWM,2020-01-24,152.31116,151.24289
IWM,2020-01-27,150.57985,149.57605
IWM,2020-01-28,151.83228,150.56141
IWM,2020-01-29,150.96666,150.93903
IWM,2020-01-30,150.96666,149.12482
IWM,2020-01-31,147.83551,147.37505
IWM,2020-02-03,149.48396,148.7196
IWM,2020-02-04,151.7402,151.17844
IWM,2020-02-05,154.07932,152.58743
IWM,2020-02-06,153.72942,153.57286
IWM,2020-02-07,151.84148,151.39942
IWM,2020-02-10,152.69797,151.45473
IWM,2020-02-11,153.75705,153.12161
IWM,2020-02-12,154.81607,154.0517
IWM,2020-02-13,155.22128,153.89515
IWM,2020-02-14,154.62268,154.10697
IWM,2020-02-18,154.29117,153.26894
IWM,2020-02-19,155.08315,154.28195
IWM,2020-02-20,155.46072,153.41628
IWM,2020-02-21,153.88596,153.17684
IWM,2020-02-24,149.25375,148.36046
IWM,2020-02-25,143.9492,143.62689
IWM,2020-02-26,142.28236,142.02451
IWM,2020-02-27,137.27251,137.05149
IWM,2020-02-28,134.75841,132.52978
IWM,2020-03-02,139.08672,133.89272
IWM,2020-03-03,136.25029,134.73998
IWM,2020-03-04,140.12741,136.77526
IWM,2020-03-05,135.67015,133.98486
IWM,2020-03-06,132.98105,129.84072
IWM,2020-03-09,120.0513,119.9592
IWM,2020-03-10,123.79943,117.89634
IWM,2020-03-11,115.92557,114.35079
IWM,2020-03-12,103.11558,102.77483
IWM,2020-03-13,110.02247,100.88693
IWM,2020-03-16,95.425865,93.409045
IWM,2020-03-17,99.800262,92.65391
IWM,2020-03-18,92.064499,88.638671
IWM,2020-03-19,95.656097,88.122961
IWM,2020-03-20,93.381432,92.506552
IWM,2020-03-23,92.000038,88.325564
IWM,2020-03-24,100.41726,92.027666
IWM,2020-03-25,101.6653,98.01359
IWM,2020-03-26,107.98874,102.80239
IWM,2020-03-27,104.05975,102.49738
IWM,2020-03-30,106.35243,102.43263
IWM,2020-03-31,105.81622,103.50502
IWM,2020-04-01,98.605263,97.560593
IWM,2020-04-02,99.538994,96.673101
IWM,2020-04-03,96.71933,94.851872
IWM,2020-04-06,104.12443,100.78705
IWM,2020-04-07,104.39253,103.90256
IWM,2020-04-08,109.15362,104.73459
IWM,2020-04-09,114.37693,112.16742
IWM,2020-04-13,111.27991,110.12431
IWM,2020-04-14,113.53567,112.1397
IWM,2020-04-15,108.90401,107.8501
IWM,2020-04-16,108.08121,105.90867
IWM,2020-04-17,112.84231,110.99334
IWM,2020-04-20,111.51106,110.05038
IWM,2020-04-21,108.84856,107.68371
IWM,2020-04-22,110.17056,109.80076
IWM,2020-04-23,111.25217,110.64202
IWM,2020-04-24,113.16589,111.02108
IWM,2020-04-27,117.6496,114.50636
IWM,2020-04-28,119.35989,117.66809
IWM,2020-04-29,125.23037,121.92072
IWM,2020-04-30,120.46929,120.31213
IWM,2020-05-01,115.6897,113.97941
IWM,2020-05-04,116.18891,113.01794
IWM,2020-05-05,117.08566,116.57719
IWM,2020-05-06,116.22592,115.56029
IWM,2020-05-07,117.81602,116.99323
IWM,2020-05-08,122.36445,119.43384
IWM,2020-05-11,121.75433,119.56331
IWM,2020-05-12,117.38151,117.26132
IWM,2020-05-13,113.45245,111.31689
IWM,2020-05-14,113.82226,108.33083
IWM,2020-05-15,115.63424,112.28761
IWM,2020-05-18,122.66032,120.95003
IWM,2020-05-19,120.23814,120.23814
IWM,2020-05-20,123.88062,122.38297
IWM,2020-05-21,124.1025,122.56786
IWM,2020-05-22,124.7034,122.97462
IWM,2020-05-26,128.29967,124.79589
IWM,2020-05-27,132.28418,126.95917
IWM,2020-05-28,129.15021,127.19031
IWM,2020-05-29,128.41063,126.10868
IWM,2020-06-01,129.64014,128.14248
IWM,2020-06-02,130.71255,129.02075
IWM,2020-06-03,133.86502,132.30264
IWM,2020-06-04,133.6709,132.36737
IWM,2020-06-05,138.83875,138.25633
IWM,2020-06-08,141.52895,140.17921
IWM,2020-06-09,138.91269,137.80331
IWM,2020-06-10,135.14079,134.88194
IWM,2020-06-11,124.83282,124.59246
IWM,2020-06-12,127.82812,124.01925
IWM,2020-06-15,130.78355,123.63168
IWM,2020-06-16,133.9281,130.82061
IWM,2020-06-17,131.50706,131.08964
IWM,2020-06-18,131.46068,129.68894
IWM,2020-06-19,130.78355,129.7168
IWM,2020-06-22,132.09145,128.77989
IWM,2020-06-23,132.64803,132.32336
IWM,2020-06-24,128.3439,126.4423
IWM,2020-06-25,130.28259,126.42374
IWM,2020-06-26,126.77625,126.60928
IWM,2020-06-29,130.92268,127.17515
IWM,2020-06-30,132.81496,130.41245
IWM,2020-07-01,131.55344,131.01542
IWM,2020-07-02,132.09145,131.61837
IWM,2020-07-06,133.04692,132.58312
IWM,2020-07-07,130.69075,130.31043
IWM,2020-07-08,131.66475,129.03034
IWM,2020-07-09,129.00252,127.30499
IWM,2020-07-10,131.08035,128.43668
IWM,2020-07-13,129.41994,129.29934
IWM,2020-07-14,131.56271,128.60364
IWM,2020-07-15,136.38626,134.30841
IWM,2020-07-16,135.57927,134.39193
IWM,2020-07-17,135.97815,134.97633
IWM,2020-07-20,135.39378,134.64241
IWM,2020-07-21,137.31392,136.544
IWM,2020-07-22,137.38814,136.38632
IWM,2020-07-23,137.52722,136.08015
IWM,2020-07-24,135.50508,135.02272
IWM,2020-07-27,136.91498,134.86496
IWM,2020-07-28,135.55142,135.48648
IWM,2020-07-29,138.53835,136.3399
IWM,2020-07-30,137.99101,135.73693
IWM,2020-07-31,136.69235,134.19708
IWM,2020-08-03,138.91869,136.56257
IWM,2020-08-04,139.8741,138.25078
IWM,2020-08-05,142.65691,140.79242
IWM,2020-08-06,142.60123,141.8406
IWM,2020-08-07,144.86462,142.06324
IWM,2020-08-10,146.36732,145.30985
IWM,2020-08-11,145.52322,144.85534
IWM,2020-08-12,146.11687,145.16143
IWM,2020-08-13,145.81079,145.30987
IWM,2020-08-14,145.71799,144.5863
IWM,2020-08-17,146.46936,145.39335
IWM,2020-08-18,145.0687,144.43793
IWM,2020-08-19,145.07793,144.88314
IWM,2020-08-20,144.48428,143.3526
IWM,2020-08-21,143.41756,142.48068
IWM,2020-08-24,144.92027,143.15782
IWM,2020-08-25,145.07793,143.58448
IWM,2020-08-26,144.16891,143.94628
IWM,2020-08-27,144.52141,143.43611
IWM,2020-08-28,145.74585,144.45647
IWM,2020-08-31,144.17822,144.05764
IWM,2020-09-01,145.82933,143.26912
IWM,2020-09-02,146.98883,144.87387
IWM,2020-09-03,142.6476,141.88697
IWM,2020-09-04,141.7386,138.48269
IWM,2020-09-08,139.01138,138.21364
IWM,2020-09-09,141.1171,139.67003
IWM,2020-09-10,139.28043,139.19694
IWM,2020-09-11,138.3528,136.98921
IWM,2020-09-14,141.99831,139.48448
IWM,2020-09-15,142.2673,141.79423
IWM,2020-09-16,143.61241,142.70334
IWM,2020-09-17,142.56413,140.76457
IWM,2020-09-18,142.19307,140.19872
IWM,2020-09-21,137.21185,135.73696
IWM,2020-09-22,138.26929,135.95027
IWM,2020-09-23,134.14995,134.06613
IWM,2020-09-24,134.14995,132.30627
IWM,2020-09-25,136.32878,133.47948
IWM,2020-09-28,139.69028,136.31952
IWM,2020-09-29,139.05705,137.80932
IWM,2020-09-30,139.47606,138.26558
IWM,2020-10-01,141.70152,139.19676
IWM,2020-10-02,142.32541,138.73119
IWM,2020-10-05,146.25481,143.84313
IWM,2020-10-06,145.83578,145.57507
IWM,2020-10-07,149.02029,147.5491
IWM,2020-10-08,150.715,149.52313
IWM,2020-10-09,151.49715,150.66843
IWM,2020-10-12,152.51205,151.40401
IWM,2020-10-13,151.49715,150.36115
IWM,2020-10-14,149.99799,149.85832
IWM,2020-10-15,151.5437,147.87499
IWM,2020-10-16,151.17123,151.13398
IWM,2020-10-19,149.36484,149.011
IWM,2020-10-20,149.69072,149.29964
IWM,2020-10-21,148.40573,148.32192
IWM,2020-10-22,150.96643,148.21954
IWM,2020-10-23,151.84167,150.14699
IWM,2020-10-26,148.56407,146.54349
IWM,2020-10-27,147.28836,147.0649
IWM,2020-10-28,142.75371,142.50229
IWM,2020-10-29,144.4577,141.22663
IWM,2020-10-30,142.54887,140.96593
IWM,2020-11-02,145.09087,143.0889
IWM,2020-11-03,149.20653,147.17663
IWM,2020-11-04,149.37415,146.85075
IWM,2020-11-05,153.55496,150.76153
IWM,2020-11-06,152.35379,152.05583
IWM,2020-11-09,157.87547,157.67062
IWM,2020-11-10,160.80859,158.06172
IWM,2020-11-11,160.74342,159.09529
IWM,2020-11-12,158.27588,156.7488
IWM,2020-11-13,161.5535,159.51429
IWM,2020-11-16,165.39915,163.32269
IWM,2020-11-17,166.17197,162.27978
IWM,2020-11-18,163.84412,163.751
IWM,2020-11-19,165.10115,163.0154
IWM,2020-11-20,165.27812,163.72311
IWM,2020-11-23,168.36949,166.42339
IWM,2020-11-24,171.53535,169.80343
IWM,2020-11-25,170.94875,169.3658
IWM,2020-11-27,171.675,170.60419
IWM,2020-11-30,168.55571,167.90391
IWM,2020-12-01,170.12001,168.5557
IWM,2020-12-02,170.29694,168.31359
IWM,2020-12-03,171.25606,170.34354
IWM,2020-12-04,175.24133,171.25604
IWM,2020-12-07,175.40891,174.53363
IWM,2020-12-08,177.66226,174.19841
IWM,2020-12-09,176.36803,174.96199
IWM,2020-12-10,178.07204,174.41263
IWM,2020-12-11,177.19676,175.33447
IWM,2020-12-14,177.40404,177.35735
IWM,2020-12-15,181.84084,178.15134
IWM,2020-12-16,181.18698,180.23426
IWM,2020-12-17,183.34464,181.26171
IWM,2020-12-18,182.45729,181.95291
IWM,2020-12-21,182.36388,178.85184
IWM,2020-12-22,184.4375,182.50401
IWM,2020-12-23,186.00665,184.84843
IWM,2020-12-24,185.88522,184.99788
IWM,2020-12-28,185.19409,185.06333
IWM,2020-12-29,181.60733,180.68263
IWM,2020-12-30,183.45676,182.16776
IWM,2020-12-31,183.12978,181.78474
IWM,2021-01-04,180.73863,178.34747
IWM,2021-01-05,183.53146,180.33701
IWM,2021-01-06,191.04118,186.02534
IWM,2021-01-07,194.44119,192.13409
IWM,2021-01-08,194.02084,191.16265
IWM,2021-01-11,193.85268,191.32141
IWM,2021-01-12,197.32736,194.74005
IWM,2021-01-13,195.91698,195.39391
IWM,2021-01-14,199.83066,197.20598
IWM,2021-01-15,196.85103,194.52524
IWM,2021-01-19,199.37291,197.75701
IWM,2021-01-20,200.25096,199.01802
IWM,2021-01-21,198.51361,197.97186
IWM,2021-01-22,200.82074,195.73017
IWM,2021-01-25,200.62457,197.64497
IWM,2021-01-26,199.23283,198.73779
IWM,2021-01-27,195.5807,193.61919
IWM,2021-01-28,194.95482,193.93671
IWM,2021-01-29,192.00333,191.33081
IWM,2021-02-01,196.72025,192.1901
IWM,2021-02-02,199.52238,196.98177
IWM,2021-02-03,200.12019,197.63562
IWM,2021-02-04,204.20197,200.89544
IWM,2021-02-05,207.03215,204.3421
IWM,2021-02-08,212.31886,208.66672
IWM,2021-02-09,213.31833,211.38484
IWM,2021-02-10,211.91724,210.11451
IWM,2021-02-11,211.67439,208.68544
IWM,2021-02-12,212.27217,209.82496
IWM,2021-02-16,210.93651,209.96509
IWM,2021-02-17,209.28322,206.38767
IWM,2021-02-18,206.04207,204.92121
IWM,2021-02-19,210.33867,207.51783
IWM,2021-02-22,208.97498,208.27444
IWM,2021-02-23,207.13487,201.34377
IWM,2021-02-24,212.02928,207.08816
IWM,2021-02-25,204.19264,203.63221
IWM,2021-02-26,203.9124,200.64323
IWM,2021-03-01,211.16063,208.23705
IWM,2021-03-02,207.09755,206.93876
IWM,2021-03-03,204.85579,204.75304
IWM,2021-03-04,199.13008,195.61804
IWM,2021-03-05,203.35201,193.54448
IWM,2021-03-08,204.31406,203.31462
IWM,2021-03-09,208.61067,206.35027
IWM,2021-03-10,212.2348,210.34802
IWM,2021-03-11,216.90504,213.70125
IWM,2021-03-12,218.18472,216.11113
IWM,2021-03-15,218.95999,216.61553
IWM,2021-03-16,215.29849,214.0095
IWM,2021-03-17,216.98915,212.36561
IWM,2021-03-18,210.38541,209.79695
IWM,2021-03-19,211.97328,208.24642
IWM,2021-03-22,210.37605,209.32059
IWM,2021-03-23,202.74484,201.78277
IWM,2021-03-24,198.05592,198.05592
IWM,2021-03-25,202.75185,194.67583
IWM,2021-03-26,206.44821,202.09672
IWM,2021-03-29,200.63687,200.33742
IWM,2021-03-30,204.01512,199.45775
IWM,2021-03-31,206.75708,205.05391
IWM,2021-04-01,209.37733,207.76775
IWM,2021-04-05,210.52835,209.21823
IWM,2021-04-06,209.91074,209.47091
IWM,2021-04-07,206.52309,205.82123
IWM,2021-04-08,208.27309,205.30658
IWM,2021-04-09,208.30116,207.03783
IWM,2021-04-12,207.487,206.25173
IWM,2021-04-13,206.94421,204.7825
IWM,2021-04-14,208.98427,207.56184
IWM,2021-04-15,209.89198,207.9923
IWM,2021-04-16,210.22888,208.69416
IWM,2021-04-19,207.49632,205.82124
IWM,2021-04-20,203.24779,201.42297
IWM,2021-04-21,208.21693,201.66629
IWM,2021-04-22,207.35597,206.60732
IWM,2021-04-23,211.26765,207.76775
IWM,2021-04-26,213.46678,212.19408
IWM,2021-04-27,213.78494,212.90528
IWM,2021-04-28,214.14992,212.52162
IWM,2021-04-29,213.35449,211.29571
IWM,2021-04-30,210.45352,209.75167
IWM,2021-05-03,211.48288,210.48156
IWM,2021-05-04,208.95619,206.77578
IWM,2021-05-05,208.12335,207.15012
IWM,2021-05-06,208.30116,204.60473
IWM,2021-05-07,210.92137,207.89872
IWM,2021-05-10,205.55925,205.49374
IWM,2021-05-11,204.90416,200.65559
IWM,2021-05-12,198.25058,197.96047
IWM,2021-05-13,201.90027,198.20384
IWM,2021-05-14,206.83192,201.83471
IWM,2021-05-17,207.11264,203.91217
IWM,2021-05-18,205.54047,205.38138
IWM,2021-05-19,203.95898,200.30935
IWM,2021-05-20,205.31592,202.443
IWM,2021-05-21,205.84938,205.26918
IWM,2021-05-24,207.1875,205.87738
IWM,2021-05-25,205.18489,205.11939
IWM,2021-05-26,209.01234,205.98968
IWM,2021-05-27,211.16472,209.78908
IWM,2021-05-28,211.02432,210.60321
IWM,2021-06-01,213.42001,211.45483
IWM,2021-06-02,213.67264,212.26893
IWM,2021-06-03,211.88527,209.65805
IWM,2021-06-04,212.80237,211.68877
IWM,2021-06-07,215.65656,212.66198
IWM,2021-06-08,217.93994,215.21674
IWM,2021-06-09,216.48941,216.15252
IWM,2021-06-10,214.884,214.3498
IWM,2021-06-11,217.15202,215.62438
IWM,2021-06-14,216.51474,215.68999
IWM,2021-06-15,215.89619,214.13423
IWM,2021-06-16,215.437,213.34702
IWM,2021-06-17,213.01894,210.42287
IWM,2021-06-18,208.18294,207.24573
IWM,2021-06-21,212.63469,209.26072
IWM,2021-06-22,213.60002,210.61031
IWM,2021-06-23,214.30292,213.67499
IWM,2021-06-24,217.33014,214.35918
IWM,2021-06-25,217.6956,217.19888
IWM,2021-06-28,215.97118,214.40603
IWM,2021-06-29,214.94022,214.40601
IWM,2021-06-30,214.96832,213.45941
IWM,2021-07-01,216.8615,215.28699
IWM,2021-07-02,214.79962,214.20917
IWM,2021-07-06,211.67873,209.81367
IWM,2021-07-07,209.7106,207.87367
IWM,2021-07-08,207.77989,204.17163
IWM,2021-07-09,212.16609,209.31696
IWM,2021-07-12,212.34415,210.45097
IWM,2021-07-13,208.34225,208.26728
IWM,2021-07-14,205.12759,204.82769
IWM,2021-07-15,203.96545,201.44435
IWM,2021-07-16,201.45374,201.00388
IWM,2021-07-19,198.43594,195.92422
IWM,2021-07-20,204.5934,197.99542
IWM,2021-07-21,208.11736,205.58689
IWM,2021-07-22,204.80894,203.9186
IWM,2021-07-23,205.76491,203.29067
IWM,2021-07-26,206.36472,205.39001
IWM,2021-07-27,203.95612,201.85677
IWM,2021-07-28,206.95518,203.74991
IWM,2021-07-29,208.54845,208.1923
IWM,2021-07-30,207.17076,206.4491
IWM,2021-08-02,206.1398,205.84927
IWM,2021-08-03,206.99268,203.46876
IWM,2021-08-04,204.41533,204.20914
IWM,2021-08-05,208.08922,204.94955
IWM,2021-08-06,209.3638,208.19228
IWM,2021-08-09,208.21103,207.32068
IWM,2021-08-10,208.62344,207.30197
IWM,2021-08-11,209.64497,206.62715
IWM,2021-08-12,209.14824,207.78928
IWM,2021-08-13,207.24571,206.8427
IWM,2021-08-16,205.31508,203.98422
IWM,2021-08-17,202.81271,200.32911
IWM,2021-08-18,201.04138,200.91017
IWM,2021-08-19,198.63275,197.45185
IWM,2021-08-20,201.98796,198.14539
IWM,2021-08-23,205.83052,203.78741
IWM,2021-08-24,207.85495,205.89618
IWM,2021-08-25,208.58594,206.98331
IWM,2021-08-26,206.37413,205.94302
IWM,2021-08-27,212.19421,206.7209
IWM,2021-08-30,211.32259,210.85398
IWM,2021-08-31,211.73494,210.24478
IWM,2021-09-01,213.15953,210.75089
IWM,2021-09-02,214.64034,213.3095
IWM,2021-09-03,213.6469,212.92524
IWM,2021-09-07,212.17546,212.04425
IWM,2021-09-08,209.86053,208.65154
IWM,2021-09-09,209.75745,208.96082
IWM,2021-09-10,207.70494,207.61123
IWM,2021-09-13,208.88583,206.42096
IWM,2021-09-14,206.22417,205.31508
IWM,2021-09-15,208.08922,205.68059
IWM,2021-09-16,208.23918,206.43035
IWM,2021-09-17,208.51093,206.78646
IWM,2021-09-20,203.55312,200.76959
IWM,2021-09-21,203.8624,202.26914
IWM,2021-09-22,207.03015,205.12761
IWM,2021-09-23,210.69469,207.64875
IWM,2021-09-24,209.67848,208.54101
IWM,2021-09-27,212.86526,210.12971
IWM,2021-09-28,208.024,207.61039
IWM,2021-09-29,207.58215,206.97111
IWM,2021-09-30,205.63623,205.49523
IWM,2021-10-01,208.95462,204.68679
IWM,2021-10-04,207.05574,205.80547
IWM,2021-10-05,207.77016,206.6985
IWM,2021-10-06,206.68907,203.76551
IWM,2021-10-07,209.87589,208.09919
IWM,2021-10-08,208.29659,208.22138
IWM,2021-10-11,207.10275,207.04635
IWM,2021-10-12,208.24019,207.14973
IWM,2021-10-13,209.22726,206.65152
IWM,2021-10-14,212.32941,210.87234
IWM,2021-10-15,211.66196,211.56795
IWM,2021-10-18,211.53978,210.31771
IWM,2021-10-19,212.32941,211.14495
IWM,2021-10-20,213.73949,211.62437
IWM,2021-10-21,214.28473,213.03446
IWM,2021-10-22,213.77707,212.16018
IWM,2021-10-25,215.80757,213.65485
IWM,2021-10-26,214.18132,214.14372
IWM,2021-10-27,210.24249,210.10149
IWM,2021-10-28,214.43509,211.29532
IWM,2021-10-29,214.37875,213.3541
IWM,2021-11-01,219.93446,215.1684
IWM,2021-11-02,220.39505,218.70295
IWM,2021-11-03,224.33389,219.89685
IWM,2021-11-04,224.24924,223.31858
IWM,2021-11-05,227.31381,225.80033
IWM,2021-11-08,228.01888,227.42664
IWM,2021-11-09,226.69342,225.17994
IWM,2021-11-10,223.1212,222.14354
IWM,2021-11-11,224.91673,223.41266
IWM,2021-11-12,225.1423,224.42787
IWM,2021-11-15,224.24924,223.30919
IWM,2021-11-16,224.66292,222.7452
IWM,2021-11-17,221.72052,221.03429
IWM,2021-11-18,220.78046,219.07897
IWM,2021-11-19,218.76878,218.45856
IWM,2021-11-22,217.83813,217.73473
IWM,2021-11-23,217.4621,214.91455
IWM,2021-11-24,217.69713,214.83936
IWM,2021-11-26,209.49046,206.47289
IWM,2021-11-29,209.35886,207.97698
IWM,2021-11-30,205.09099,202.93828
IWM,2021-12-01,200.47537,200.37197
IWM,2021-12-02,206.06868,201.0018
IWM,2021-12-03,201.83842,199.95832
IWM,2021-12-06,205.89009,200.89842
IWM,2021-12-07,210.66553,208.67261
IWM,2021-12-08,212.10381,209.68787
IWM,2021-12-09,207.30019,207.26258
IWM,2021-12-10,206.72673,205.23205
IWM,2021-12-13,203.70566,202.48931
IWM,2021-12-14,201.95183,201.1315
IWM,2021-12-15,205.1577,199.0288
IWM,2021-12-16,201.00891,200.13201
IWM,2021-12-17,202.85703,198.29336
IWM,2021-12-20,200.00945,196.84128
IWM,2021-12-21,205.72343,199.95285
IWM,2021-12-22,207.70354,204.73339
IWM,2021-12-23,209.36307,207.76013
IWM,2021-12-27,211.32433,208.0053
IWM,2021-12-28,210.03255,209.65539
IWM,2021-12-29,210.25888,208.62764
IWM,2021-12-30,210.20224,209.98538
IWM,2021-12-31,209.74968,209.69311
IWM,2022-01-03,212.4558,210.01366
IWM,2022-01-04,212.13524,210.6266
IWM,2022-01-05,204.95029,204.91258
IWM,2022-01-06,206.11946,203.49818
IWM,2022-01-07,203.73392,203.6019
IWM,2022-01-10,203.02672,199.05707
IWM,2022-01-11,205.186,200.80149
IWM,2022-01-12,203.65848,202.38555
IWM,2022-01-13,201.79149,201.19747
IWM,2022-01-14,202.0744,198.55736
IWM,2022-01-18,195.96437,195.6815
IWM,2022-01-19,192.77733,192.71133
IWM,2022-01-20,189.2886,188.89259
IWM,2022-01-21,185.74329,185.74329
IWM,2022-01-24,190.02405,180.3121
IWM,2022-01-25,187.48763,183.45198
IWM,2022-01-26,184.78149,182.65995
IWM,2022-01-27,180.58556,179.71808
IWM,2022-01-28,184.1026,177.35138
IWM,2022-01-31,189.75064,182.78256
IWM,2022-02-01,191.74954,186.66727
IWM,2022-02-02,189.84489,187.91193
IWM,2022-02-03,186.25244,185.79985
IWM,2022-02-04,187.05391,183.79144
IWM,2022-02-07,187.97795,186.68617
IWM,2022-02-08,191.18382,187.97794
IWM,2022-02-09,194.81403,192.63591
IWM,2022-02-10,191.825,190.58035
IWM,2022-02-11,189.8826,188.28908
IWM,2022-02-14,189.22256,187.86479
IWM,2022-02-15,194.29543,191.06126
IWM,2022-02-16,194.7009,192.42849
IWM,2022-02-17,189.71291,189.31689
IWM,2022-02-18,188.08162,187.41215
IWM,2022-02-22,185.43213,184.19692
IWM,2022-02-23,181.96217,181.55673
IWM,2022-02-24,186.73328,177.19106
IWM,2022-02-25,190.93867,185.75269
IWM,2022-02-28,191.71188,189.01517
IWM,2022-03-01,188.10052,186.50701
IWM,2022-03-02,192.57932,189.23199
IWM,2022-03-03,190.29752,188.85485
IWM,2022-03-04,187.31793,185.73384
IWM,2022-03-07,182.65994,182.62222
IWM,2022-03-08,183.66887,182.41482
IWM,2022-03-09,188.8454,186.33726
IWM,2022-03-10,188.506,185.33783
IWM,2022-03-11,185.49808,185.22464
IWM,2022-03-14,181.70763,180.92501
IWM,2022-03-15,184.60234,181.86792
IWM,2022-03-16,190.41064,184.9512
IWM,2022-03-17,193.39966,188.86428
IWM,2022-03-18,195.43634,192.35303
IWM,2022-03-21,193.71082,192.29645
IWM,2022-03-22,195.65321,194.05027
IWM,2022-03-23,192.25867,192.11724
IWM,2022-03-24,194.46947,191.53126
IWM,2022-03-25,194.73402,193.14683
IWM,2022-03-28,194.80013,191.81468
IWM,2022-03-29,200.01523,196.39679
IWM,2022-03-30,196.00003,195.19698
IWM,2022-03-31,193.93102,193.81763
IWM,2022-04-01,196.10393,193.68533
IWM,2022-04-04,196.42517,194.50731
IWM,2022-04-05,191.7769,191.32341
IWM,2022-04-06,189.05603,187.70502
IWM,2022-04-07,188.44193,185.81548
IWM,2022-04-08,186.93974,186.59019
IWM,2022-04-11,185.68321,185.05968
IWM,2022-04-12,186.269,185.56987
IWM,2022-04-13,189.81181,186.6941
IWM,2022-04-14,187.96954,187.8845
IWM,2022-04-18,186.70357,185.67378
IWM,2022-04-19,190.4259,186.76969
IWM,2022-04-20,191.1534,190.70936
IWM,2022-04-21,186.87364,186.13673
IWM,2022-04-22,182.03641,181.66795
IWM,2022-04-25,183.14178,178.7581
IWM,2022-04-26,177.36931,177.12366
IWM,2022-04-27,176.6324,175.97106
IWM,2022-04-28,179.92961,174.5067
IWM,2022-04-29,174.73341,174.31772
IWM,2022-05-02,176.56631,172.30545
IWM,2022-05-03,178.07791,175.42312
IWM,2022-05-04,182.83003,175.43256
IWM,2022-05-05,175.41367,173.25017
IWM,2022-05-06,172.49435,170.57649
IWM,2022-05-09,165.23862,164.48282
IWM,2022-05-10,165.28584,161.74299
IWM,2022-05-11,161.1761,160.89267
IWM,2022-05-12,163.06566,159.57003
IWM,2022-05-13,168.23349,165.34251
IWM,2022-05-16,167.43044,166.41009
IWM,2022-05-17,172.55104,169.10267
IWM,2022-05-18,166.50459,165.42757
IWM,2022-05-19,166.77855,165.22914
IWM,2022-05-20,166.35342,162.30039
IWM,2022-05-23,168.36577,165.80546
IWM,2022-05-24,165.87157,162.81054
IWM,2022-05-25,168.85703,165.15357
IWM,2022-05-26,172.6266,169.77342
IWM,2022-05-27,177.27484,173.26905
IWM,2022-05-31,175.07358,173.92097
IWM,2022-06-01,174.08157,171.72913
IWM,2022-06-02,178.33298,173.99653
IWM,2022-06-03,176.72688,175.52703
IWM,2022-06-06,177.49214,176.5096
IWM,2022-06-07,180.35472,175.63092
IWM,2022-06-08,177.56772,176.72688
IWM,2022-06-09,173.88673,173.84884
IWM,2022-06-10,169.16942,168.279
IWM,2022-06-13,161.22197,160.35997
IWM,2022-06-14,160.44521,158.89172
IWM,2022-06-15,162.79442,159.76322
IWM,2022-06-16,155.2543,154.19339
IWM,2022-06-17,156.4668,155.06487
IWM,2022-06-21,159.27063,158.01079
IWM,2022-06-22,158.96753,156.64675
IWM,2022-06-23,160.87144,157.76447
IWM,2022-06-24,165.85397,161.88499
IWM,2022-06-27,166.46974,164.99202
IWM,2022-06-28,163.34384,163.25859
IWM,2022-06-29,161.68613,160.05686
IWM,2022-06-30,160.42628,157.96343
IWM,2022-07-01,162.36813,158.81595
IWM,2022-07-05,163.71326,157.93502
IWM,2022-07-06,162.50076,160.79571
IWM,2022-07-07,166.34657,163.73217
IWM,2022-07-08,166.32764,164.48997
IWM,2022-07-11,162.98386,162.54813
IWM,2022-07-12,162.425,161.563
IWM,2022-07-13,162.2829,159.88634
IWM,2022-07-14,160.61574,158.20973
IWM,2022-07-15,163.95955,160.37894
IWM,2022-07-18,163.49538,162.98385
IWM,2022-07-19,169.26413,165.44671
IWM,2022-07-20,171.91643,168.98941
IWM,2022-07-21,172.79735,169.41567
IWM,2022-07-22,170.04088,168.6579
IWM,2022-07-25,170.92181,169.01783
IWM,2022-07-26,169.87038,169.12204
IWM,2022-07-27,173.73517,170.50504
IWM,2022-07-28,176.12222,172.17219
IWM,2022-07-29,177.3726,175.27918
IWM,2022-08-01,177.30629,174.50244
IWM,2022-08-02,177.13577,175.69595
IWM,2022-08-03,179.74074,177.74204
IWM,2022-08-04,179.36183,178.49983
IWM,2022-08-05,180.73534,177.29681
IWM,2022-08-08,182.64877,181.76782
IWM,2022-08-09,180.15749,179.18182
IWM,2022-08-10,185.3011,182.92351
IWM,2022-08-11,185.9926,185.69894
IWM,2022-08-12,189.79105,186.21044
IWM,2022-08-15,190.46361,187.76394
IWM,2022-08-16,190.3878,188.53119
IWM,2022-08-17,187.18611,186.021
IWM,2022-08-18,188.427,186.51355
IWM,2022-08-19,184.38223,183.83284
IWM,2022-08-22,180.58379,179.98701
IWM,2022-08-23,180.87746,180.347
IWM,2022-08-24,182.26042,180.12911
IWM,2022-08-25,185.0927,182.80035
IWM,2022-08-26,179.01132,178.70821
IWM,2022-08-29,177.36314,176.68112
IWM,2022-08-30,174.8813,173.85827
IWM,2022-08-31,173.82045,173.5268
IWM,2022-09-01,171.92593,169.46308
IWM,2022-09-02,170.5903,169.69042
IWM,2022-09-06,168.90419,168.13692
IWM,2022-09-07,172.57948,168.54419
IWM,2022-09-08,174.01933,170.14507
IWM,2022-09-09,177.51465,175.33598
IWM,2022-09-12,179.66496,178.05464
IWM,2022-09-13,172.63632,171.96377
IWM,2022-09-14,173.30888,171.04496
IWM,2022-09-15,172.04904,171.31966
IWM,2022-09-16,169.54832,167.57804
IWM,2022-09-19,170.9976,167.6254
IWM,2022-09-20,168.66737,167.38859
IWM,2022-09-21,166.09087,166.0814
IWM,2022-09-22,162.34923,161.73352
IWM,2022-09-23,158.48442,156.29628
IWM,2022-09-26,156.31447,155.7527
IWM,2022-09-27,156.84769,155.46707
IWM,2022-09-28,161.80838,157.17141
IWM,2022-09-29,158.18066,155.96215
IWM,2022-09-30,157.02858,156.98097
IWM,2022-10-03,161.18948,157.3428
IWM,2022-10-04,167.57841,164.27445
IWM,2022-10-05,166.34059,163.21754
IWM,2022-10-06,165.40752,164.63628
IWM,2022-10-07,160.54202,159.88504
IWM,2022-10-10,159.647,158.61868
IWM,2022-10-11,159.69461,156.91433
IWM,2022-10-12,159.25661,157.56178
IWM,2022-10-13,163.19853,154.7244
IWM,2022-10-14,158.82814,158.73293
IWM,2022-10-17,163.89363,161.97028
IWM,2022-10-18,165.83598,164.42681
IWM,2022-10-19,163.01764,161.22759
IWM,2022-10-20,160.94189,160.40869
IWM,2022-10-21,164.43631,160.14212
IWM,2022-10-24,165.1409,162.86526
IWM,2022-10-25,169.64459,165.25518
IWM,2022-10-26,170.48248,169.79693
IWM,2022-10-27,170.52052,170.31105
IWM,2022-10-28,174.39581,170.18731
IWM,2022-10-31,174.55769,172.86287
IWM,2022-11-01,174.79572,174.12921
IWM,2022-11-02,168.99712,168.93997
IWM,2022-11-03,167.86406,165.77885
IWM,2022-11-04,170.13017,167.07378
IWM,2022-11-07,170.90143,169.17802
IWM,2022-11-08,170.96806,168.87334
IWM,2022-11-09,166.27394,165.94068
IWM,2022-11-10,176.50958,172.48198
IWM,2022-11-11,177.95682,176.80472
IWM,2022-11-14,175.96684,175.79546
IWM,2022-11-15,178.57574,177.20465
IWM,2022-11-16,175.43362,174.91947
IWM,2022-11-17,173.80547,171.8726
IWM,2022-11-18,174.92902,173.83405
IWM,2022-11-21,174.01492,172.74856
IWM,2022-11-22,175.87163,173.60551
IWM,2022-11-23,176.32869,174.76716
IWM,2022-11-25,176.70003,175.82405
IWM,2022-11-28,173.13893,172.61525
IWM,2022-11-29,173.6436,173.25323
IWM,2022-11-30,178.40434,172.14872
IWM,2022-12-01,178.01398,177.22369
IWM,2022-12-02,179.05183,175.50983
IWM,2022-12-05,174.11967,173.46269
IWM,2022-12-06,171.45367,170.51104
IWM,2022-12-07,170.94901,170.53959
IWM,2022-12-08,172.1868,170.92044
IWM,2022-12-09,170.07301,170.01589
IWM,2022-12-12,172.07251,169.48266
IWM,2022-12-13,173.49782,172.3117
IWM,2022-12-14,172.35953,171.05863
IWM,2022-12-15,168.04552,167.43333
IWM,2022-12-16,166.79243,165.16631
IWM,2022-12-19,164.53497,164.01845
IWM,2022-12-20,165.40546,163.74107
IWM,2022-12-21,168.25595,166.62983
IWM,2022-12-22,166.05591,163.25323
IWM,2022-12-23,166.81158,164.85067
IWM,2022-12-27,165.69243,165.08024
IWM,2022-12-28,163.11928,162.93753
IWM,2022-12-29,167.25159,163.9515
IWM,2022-12-30,166.78285,165.1089
IWM,2023-01-03,165.86458,164.42976
IWM,2023-01-04,167.93073,166.70635
IWM,2023-01-05,166.13242,164.89848
IWM,2023-01-06,169.86295,166.31416
IWM,2023-01-09,170.14987,169.92986
IWM,2023-01-10,172.6656,169.59511
IWM,2023-01-11,174.81783,172.82821
IWM,2023-01-12,177.75443,174.01434
IWM,2023-01-13,178.92137,176.31957
IWM,2023-01-17,178.70135,178.14656
IWM,2023-01-18,175.81262,175.71696
IWM,2023-01-19,174.12912,172.92388
IWM,2023-01-20,176.99873,173.39258
IWM,2023-01-23,179.18924,176.55875
IWM,2023-01-24,178.80661,177.80225
IWM,2023-01-25,179.30403,175.8796
IWM,2023-01-26,180.36574,178.19438
IWM,2023-01-27,181.34148,179.62926
IWM,2023-01-30,178.81618,178.71096
IWM,2023-01-31,183.15891,179.23709
IWM,2023-02-01,186.03812,181.86759
IWM,2023-02-02,189.70168,185.9042
IWM,2023-02-03,188.42944,187.19549
IWM,2023-02-06,185.70329,184.96675
IWM,2023-02-07,187.08075,183.32153
IWM,2023-02-08,184.345,183.84759
IWM,2023-02-09,181.67624,181.19797
IWM,2023-02-10,182.03973,180.33709
IWM,2023-02-13,184.23021,181.08317
IWM,2023-02-14,184.14412,181.81973
IWM,2023-02-15,186.0094,182.25018
IWM,2023-02-16,184.23021,182.93887
IWM,2023-02-17,184.73718,182.67105
IWM,2023-02-21,179.2849,179.10317
IWM,2023-02-22,179.77274,178.63445
IWM,2023-02-23,181.05446,178.58658
IWM,2023-02-24,179.36142,177.7066
IWM,2023-02-27,179.99274,179.44751
IWM,2023-02-28,180.0023,179.8971
IWM,2023-03-01,180.23187,179.05533
IWM,2023-03-02,180.66232,178.03183
IWM,2023-03-03,183.17801,180.23185
IWM,2023-03-06,180.49969,179.73446
IWM,2023-03-07,178.40488,178.12749
IWM,2023-03-08,178.49097,177.07527
IWM,2023-03-09,173.52654,173.40218
IWM,2023-03-10,168.52379,166.68723
IWM,2023-03-13,165.77849,163.63584
IWM,2023-03-14,168.84901,167.02201
IWM,2023-03-15,166.06546,162.97583
IWM,2023-03-16,168.33247,163.09062
IWM,2023-03-17,163.78891,163.43499
IWM,2023-03-20,165.91243,165.03241
IWM,2023-03-21,168.97337,168.31337
IWM,2023-03-22,164.18109,164.07587
IWM,2023-03-23,163.45236,161.97386
IWM,2023-03-24,164.93092,160.77382
IWM,2023-03-27,166.76463,165.47814
IWM,2023-03-28,166.5246,165.79495
IWM,2023-03-29,168.41599,166.63986
IWM,2023-03-30,168.18552,167.48467
IWM,2023-03-31,171.27698,169.32803
IWM,2023-04-03,171.35376,169.44322
IWM,2023-04-04,168.34877,167.3599
IWM,2023-04-05,166.69745,165.64136
IWM,2023-04-06,166.94704,165.78534
IWM,2023-04-10,168.73277,166.12137
IWM,2023-04-11,170.06725,169.08797
IWM,2023-04-12,168.81914,168.56952
IWM,2023-04-13,171.05617,168.9056
IWM,2023-04-14,169.4624,168.33912
IWM,2023-04-17,171.6418,169.69285
IWM,2023-04-18,170.91212,169.87524
IWM,2023-04-19,171.13293,169.52962
IWM,2023-04-20,170.24968,169.47202
IWM,2023-04-21,170.4705,168.83838
IWM,2023-04-24,170.35532,169.45285
IWM,2023-04-25,166.15018,166.10217
IWM,2023-04-26,164.54684,164.17242
IWM,2023-04-27,166.74541,164.11482
IWM,2023-04-28,168.20473,166.26538
IWM,2023-05-01,168.30074,167.78229
IWM,2023-05-02,164.8445,163.13557
IWM,2023-05-03,165.44934,165.31493
IWM,2023-05-04,163.59636,162.04105
IWM,2023-05-05,167.48466,166.18858
IWM,2023-05-08,167.10066,166.2174
IWM,2023-05-09,166.60141,165.28612
IWM,2023-05-10,167.4463,165.82378
IWM,2023-05-11,166.15984,165.23816
IWM,2023-05-12,165.82375,164.79646
IWM,2023-05-15,167.8495,165.91976
IWM,2023-05-16,165.40132,165.35331
IWM,2023-05-17,169.088,165.28612
IWM,2023-05-18,170.11528,168.03192
IWM,2023-05-19,169.07841,168.25275
IWM,2023-05-22,171.14255,169.01119
IWM,2023-05-23,170.33609,170.29769
IWM,2023-05-24,168.53114,167.69588
IWM,2023-05-25,167.21584,165.80453
IWM,2023-05-26,169.11681,167.07186
IWM,2023-05-30,168.49278,167.78232
IWM,2023-05-31,166.83183,165.47813
IWM,2023-06-01,168.63675,166.02535
IWM,2023-06-02,174.75244,170.3649
IWM,2023-06-05,172.40987,171.31538
IWM,2023-06-06,176.95097,171.78578
IWM,2023-06-07,180.26184,178.06681
IWM,2023-06-08,179.58792,178.01868
IWM,2023-06-09,178.13419,177.5758
IWM,2023-06-12,178.87549,177.35437
IWM,2023-06-13,180.92612,179.32799
IWM,2023-06-14,178.98141,177.6721
IWM,2023-06-15,180.45436,178.01865
IWM,2023-06-16,179.01027,178.19194
IWM,2023-06-20,178.23048,176.91153
IWM,2023-06-21,177.8165,176.74787
IWM,2023-06-22,176.49756,175.68887
IWM,2023-06-23,173.84042,173.3398
IWM,2023-06-26,174.01369,173.64784
IWM,2023-06-27,176.52644,173.67675
IWM,2023-06-28,177.39287,175.33262
IWM,2023-06-29,179.43391,177.55658
IWM,2023-06-30,180.29071,179.94413
IWM,2023-07-03,180.65656,179.78048
IWM,2023-07-05,178.85626,178.52894
IWM,2023-07-06,175.96803,173.98481
IWM,2023-07-07,177.82614,176.11247
IWM,2023-07-10,180.86835,177.29662
IWM,2023-07-11,182.72643,180.69506
IWM,2023-07-12,184.71928,184.23792
IWM,2023-07-13,186.21152,184.6519
IWM,2023-07-14,184.39197,183.19818
IWM,2023-07-17,186.36552,184.01646
IWM,2023-07-18,188.66646,186.27889
IWM,2023-07-19,189.46556,188.62797
IWM,2023-07-20,187.80965,187.02984
IWM,2023-07-21,187.21277,186.85655
IWM,2023-07-24,187.67488,186.76029
IWM,2023-07-25,187.65562,187.17426
IWM,2023-07-26,189.13823,187.45345
IWM,2023-07-27,186.69287,185.98044
IWM,2023-07-28,189.10933,188.214
IWM,2023-07-31,191.30435,189.58105
IWM,2023-08-01,190.42827,188.48355
IWM,2023-08-02,187.83856,186.85657
IWM,2023-08-03,187.30902,185.86492
IWM,2023-08-04,186.93356,186.49071
IWM,2023-08-07,187.05873,185.4991
IWM,2023-08-08,185.88417,183.41958
IWM,2023-08-09,184.43048,183.64103
IWM,2023-08-10,183.61214,182.81307
IWM,2023-08-11,183.87207,182.66866
IWM,2023-08-14,183.55437,181.60965
IWM,2023-08-15,181.12831,181.03203
IWM,2023-08-16,178.91403,178.88515
IWM,2023-08-17,176.80562,176.78637
IWM,2023-08-18,177.76833,175.15933
IWM,2023-08-21,177.50841,176.24723
IWM,2023-08-22,176.97893,176.39166
IWM,2023-08-23,178.86586,176.59381
IWM,2023-08-24,176.39168,176.37242
IWM,2023-08-25,177.14258,174.84165
IWM,2023-08-28,178.72148,177.93205
IWM,2023-08-29,181.21497,177.69138
IWM,2023-08-30,181.89847,180.34847
IWM,2023-08-31,181.58076,181.50374
IWM,2023-09-01,183.73732,182.77459
IWM,2023-09-05,179.86711,179.80935
IWM,2023-09-06,179.19321,178.19196
IWM,2023-09-07,177.46028,176.74785
IWM,2023-09-08,177.06555,176.61307
IWM,2023-09-11,177.48917,177.33513
IWM,2023-09-12,177.31586,176.89227
IWM,2023-09-13,176.15097,175.59258
IWM,2023-09-14,178.63483,177.37365
IWM,2023-09-15,176.76714,175.97769
IWM,2023-09-18,175.59259,175.57333
IWM,2023-09-19,174.90903,174.32178
IWM,2023-09-20,173.15685,173.11834
IWM,2023-09-21,170.47087,170.47087
IWM,2023-09-22,170.08577,169.97987
IWM,2023-09-25,170.84634,168.99789
IWM,2023-09-26,168.64969,168.58197
IWM,2023-09-27,170.2263,168.74641
IWM,2023-09-28,171.76424,170.20696
IWM,2023-09-29,170.95174,170.38105
IWM,2023-10-02,168.36923,167.47935
IWM,2023-10-03,165.53516,164.79037
IWM,2023-10-04,165.61256,163.55232
IWM,2023-10-05,165.73831,164.37449
IWM,2023-10-06,167.33423,163.95852
IWM,2023-10-09,168.30147,166.1445
IWM,2023-10-10,170.20697,168.57232
IWM,2023-10-11,169.91678,168.66903
IWM,2023-10-12,166.0768,165.1966
IWM,2023-10-13,164.69363,164.13263
IWM,2023-10-16,167.35359,165.41909
IWM,2023-10-17,169.22038,166.27027
IWM,2023-10-18,165.73831,165.39977
IWM,2023-10-19,163.09766,162.84618
IWM,2023-10-20,160.98909,160.97941
IWM,2023-10-23,159.62524,159.25768
IWM,2023-10-24,161.01808,159.9928
IWM,2023-10-25,158.35815,158.04863
IWM,2023-10-26,158.76442,157.8552
IWM,2023-10-27,156.89764,156.37532
IWM,2023-10-30,157.76811,156.63643
IWM,2023-10-31,159.13194,157.49729
IWM,2023-11-01,160.04118,157.75847
IWM,2023-11-02,164.30676,161.84995
IWM,2023-11-03,168.77544,167.12143
IWM,2023-11-06,166.66682,165.77696
IWM,2023-11-07,166.0768,164.98382
IWM,2023-11-08,164.30676,163.75544
IWM,2023-11-09,161.76286,161.51137
IWM,2023-11-10,163.57161,161.32758
IWM,2023-11-13,163.62967,162.03371
IWM,2023-11-14,172.61543,168.51429
IWM,2023-11-15,172.91527,172.27688
IWM,2023-11-16,170.11989,169.42347
IWM,2023-11-17,172.45099,171.30964
IWM,2023-11-20,173.45695,171.91903
IWM,2023-11-21,171.22256,171.11617
IWM,2023-11-22,172.29623,171.60948
IWM,2023-11-24,173.45695,171.97706
IWM,2023-11-27,172.87659,171.42571
IWM,2023-11-28,172.20918,171.3967
IWM,2023-11-29,173.11839,172.84756
IWM,2023-11-30,173.77612,172.90559
IWM,2023-12-01,178.85419,172.37362
IWM,2023-12-04,180.76933,177.99333
IWM,2023-12-05,178.35121,177.95464
IWM,2023-12-06,178.03204,177.77088
IWM,2023-12-07,179.31842,177.38392
IWM,2023-12-08,180.68227,178.8058
IWM,2023-12-11,181.05951,179.80208
IWM,2023-12-12,180.87575,179.27011
IWM,2023-12-13,186.99844,179.58931
IWM,2023-12-14,192.20222,190.04525
IWM,2023-12-15,190.58691,189.53262
IWM,2023-12-18,190.65462,190.23869
IWM,2023-12-19,194.34952,191.53483
IWM,2023-12-20,190.54788,190.43139
IWM,2023-12-21,193.79033,191.75167
IWM,2023-12-22,195.59604,194.34372
IWM,2023-12-26,198.1395,195.79987
IWM,2023-12-27,198.83847,197.45993
IWM,2023-12-28,198.08122,197.34342
IWM,2023-12-29,194.84853,194.84853
IWM,2024-01-02,193.69327,192.64481
IWM,2024-01-03,188.52864,188.12091
IWM,2024-01-04,188.15971,188.03351
IWM,2024-01-05,187.60638,186.67441
IWM,2024-01-08,190.98476,186.6453
IWM,2024-01-09,189.27615,187.67435
IWM,2024-01-10,189.38295,187.44136
IWM,2024-01-11,187.89761,185.71332
IWM,2024-01-12,187.58696,187.01419
IWM,2024-01-16,185.26672,184.55805
IWM,2024-01-17,183.94649,182.05344
IWM,2024-01-18,185.03375,182.71355
IWM,2024-01-19,186.8103,183.70376
IWM,2024-01-22,190.80028,188.42183
IWM,2024-01-23,190.24692,189.28582
IWM,2024-01-24,188.68396,188.45096
IWM,2024-01-25,190.24692,188.73248
IWM,2024-01-26,190.25664,189.67417
IWM,2024-01-29,193.58647,189.39262
IWM,2024-01-30,191.93613,191.34394
IWM,2024-01-31,187.24718,187.08214
IWM,2024-02-01,189.73241,185.93659
IWM,2024-02-02,188.73248,186.77147
IWM,2024-02-05,186.33464,184.50954
IWM,2024-02-06,188.01411,185.44151
IWM,2024-02-07,187.57726,186.43171
IWM,2024-02-08,190.42166,187.08214
IWM,2024-02-09,193.51851,190.71291
IWM,2024-02-12,197.03281,194.00391
IWM,2024-02-13,188.92665,187.42191
IWM,2024-02-14,193.31467,190.49935
IWM,2024-02-15,198.4696,194.85824
IWM,2024-02-16,195.77078,195.21742
IWM,2024-02-20,193.07195,192.22734
IWM,2024-02-21,192.15941,190.65467
IWM,2024-02-22,193.6156,192.0332
IWM,2024-02-23,194.05243,192.77099
IWM,2024-02-26,195.27562,193.33403
IWM,2024-02-27,198.0424,196.62504
IWM,2024-02-28,196.41148,195.97461
IWM,2024-02-29,197.7803,196.60565
IWM,2024-03-01,199.87723,197.20754
IWM,2024-03-04,199.69279,199.4501
IWM,2024-03-05,197.7803,197.08133
IWM,2024-03-06,199.25591,198.12008
IWM,2024-03-07,200.916,200.37234
IWM,2024-03-08,200.78979,199.78988
IWM,2024-03-11,199.19766,198.77051
IWM,2024-03-12,198.92584,197.45023
IWM,2024-03-13,199.70248,198.78993
IWM,2024-03-14,196.12996,194.32428
IWM,2024-03-15,196.49886,195.25624
IWM,2024-03-18,195.37274,195.04267
IWM,2024-03-19,196.19794,193.82919
IWM,2024-03-20,200.0811,195.23682
IWM,2024-03-21,202.37994,201.30935
IWM,2024-03-22,199.58669,199.58669
IWM,2024-03-25,200.04413,200.01493
IWM,2024-03-26,199.68402,199.50884
IWM,2024-03-27,204.0345,200.64755
IWM,2024-03-28,204.67685,204.22914
IWM,2024-04-01,202.74979,202.39941
IWM,2024-04-02,199.0222,197.96134
IWM,2024-04-03,200.32639,197.84457
IWM,2024-04-04,198.32147,197.77645
IWM,2024-04-05,198.98328,197.45526
IWM,2024-04-08,200.07332,199.10978
IWM,2024-04-09,200.86165,199.00272
IWM,2024-04-10,195.55736,194.20453
IWM,2024-04-11,196.88104,194.74961
IWM,2024-04-12,193.37729,192.39429
IWM,2024-04-15,190.54509,189.76648
IWM,2024-04-16,189.84433,188.18979
IWM,2024-04-17,187.83942,187.82969
IWM,2024-04-18,187.68369,187.01213
IWM,2024-04-19,187.97568,186.2238
IWM,2024-04-22,190.07794,187.74211
IWM,2024-04-23,193.2605,189.91248
IWM,2024-04-24,192.39429,191.20692
IWM,2024-04-25,191.22636,188.58883
IWM,2024-04-26,193.05611,191.16798
IWM,2024-04-29,194.61334,193.56222
IWM,2024-04-30,190.66187,190.51588
IWM,2024-05-01,191.06091,189.81514
IWM,2024-05-02,194.5744,191.28477
IWM,2024-05-03,196.50143,195.74229
IWM,2024-05-06,199.04166,197.94188
IWM,2024-05-07,199.48936,199.03193
IWM,2024-05-08,198.33118,197.1438
IWM,2024-05-09,200.35556,197.97107
IWM,2024-05-10,198.84703,198.23387
IWM,2024-05-13,199.26553,199.12928
IWM,2024-05-14,201.32881,200.40422
IWM,2024-05-15,203.83986,202.16585
IWM,2024-05-16,202.37024,202.37024
IWM,2024-05-17,202.51622,201.80574
IWM,2024-05-20,202.9639,202.22422
IWM,2024-05-21,202.76926,202.03931
IWM,2024-05-22,201.05632,200.29718
IWM,2024-05-23,197.75693,196.93939
IWM,2024-05-24,199.94678,198.50635
IWM,2024-05-28,199.6743,198.51612
IWM,2024-05-29,196.7253,196.38465
IWM,2024-05-30,198.59396,197.6499
IWM,2024-05-31,200.26796,197.64988
IWM,2024-06-03,199.13901,197.71804
IWM,2024-06-04,196.5696,196.25814
IWM,2024-06-05,199.57697,196.3944
IWM,2024-06-06,198.14627,197.56232
IWM,2024-06-07,195.82016,195.31406
IWM,2024-06-10,196.49171,193.68872
IWM,2024-06-11,195.82024,193.65356
IWM,2024-06-12,198.82625,198.22115
IWM,2024-06-13,197.08902,195.69336
IWM,2024-06-14,193.95613,193.18511
IWM,2024-06-17,195.58603,192.66786
IWM,2024-06-18,195.9276,195.22489
IWM,2024-06-20,195.09805,194.43439
IWM,2024-06-21,195.53722,193.69262
IWM,2024-06-24,196.38632,195.71289
IWM,2024-06-25,195.74217,195.01996
IWM,2024-06-26,195.22491,194.03422
IWM,2024-06-27,197.20615,195.1566
IWM,2024-06-28,198.0162,196.48393
IWM,2024-07-01,196.35706,195.6641
IWM,2024-07-02,197.03046,196.07399
IWM,2024-07-03,196.98167,196.78648
IWM,2024-07-05,196.04471,195.0785
IWM,2024-07-08,197.42085,196.99142
IWM,2024-07-09,196.562,195.7129
IWM,2024-07-10,198.48468,196.64985
IWM,2024-07-11,205.61908,201.96893
IWM,2024-07-12,208.01997,207.55151
IWM,2024-07-15,211.97269,209.15211
IWM,2024-07-16,219.20467,213.75871
IWM,2024-07-17,216.91113,216.33531
IWM,2024-07-18,212.7144,211.7677
IWM,2024-07-19,211.63107,210.66486
IWM,2024-07-22,214.99823,210.20619
IWM,2024-07-23,217.28201,213.77824
IWM,2024-07-24,212.61685,212.48997
IWM,2024-07-25,215.2715,212.95842
IWM,2024-07-26,218.83382,216.37435
IWM,2024-07-29,216.40361,215.46668
IWM,2024-07-30,217.22346,215.79853
IWM,2024-07-31,218.48244,216.64759
IWM,2024-08-01,211.37733,209.89384
IWM,2024-08-02,203.90135,202.01772
IWM,2024-08-05,197.34274,191.97486
IWM,2024-08-06,199.4899,196.36677
IWM,2024-08-07,197.12807,196.71816
IWM,2024-08-08,201.9201,198.28947
IWM,2024-08-09,201.50046,200.01697
IWM,2024-08-12,199.68512,198.92386
IWM,2024-08-13,202.97417,199.93887
IWM,2024-08-14,201.71515,200.79774
IWM,2024-08-15,206.9464,204.86757
IWM,2024-08-16,207.49294,206.20464
IWM,2024-08-19,210.0305,207.70768
IWM,2024-08-20,207.5808,206.95617
IWM,2024-08-21,210.28429,207.7077
IWM,2024-08-22,208.42989,208.01022
IWM,2024-08-23,215.08606,209.63033
IWM,2024-08-26,215.15437,214.79327
IWM,2024-08-27,213.48546,212.4802
IWM,2024-08-28,212.041,211.07479
IWM,2024-08-29,213.55379,211.93366
IWM,2024-08-30,214.79327,212.17764
IWM,2024-09-03,208.22495,207.79551
IWM,2024-09-04,207.87358,206.61456
IWM,2024-09-05,206.83904,205.8533
IWM,2024-09-06,202.90584,202.1641
IWM,2024-09-09,203.47191,202.53498
IWM,2024-09-10,203.306,200.84653
IWM,2024-09-11,203.90135,199.3045
IWM,2024-09-12,206.52673,203.40361
IWM,2024-09-13,211.62135,208.80078
IWM,2024-09-16,212.38261,210.94793
IWM,2024-09-17,214.13936,213.22194
IWM,2024-09-18,214.17841,213.00723
IWM,2024-09-19,218.58984,216.17918
IWM,2024-09-20,216.2475,215.97421
IWM,2024-09-23,215.45692,214.73471
IWM,2024-09-24,215.81804,214.22719
IWM,2024-09-25,213.18567,213.03876
IWM,2024-09-26,214.32167,213.86139
IWM,2024-09-27,215.77104,214.98759
IWM,2024-09-30,216.31946,214.05726
IWM,2024-10-01,213.38152,211.82442
IWM,2024-10-02,213.08771,211.73627
IWM,2024-10-03,211.65793,210.62965
IWM,2024-10-04,214.61546,212.79395
IWM,2024-10-07,212.93105,211.40333
IWM,2024-10-08,213.07794,212.21615
IWM,2024-10-09,213.548,212.43159
IWM,2024-10-10,212.36307,210.15962
IWM,2024-10-11,216.68181,212.22597
IWM,2024-10-14,218.27808,215.86897
IWM,2024-10-15,218.45436,217.3869
IWM,2024-10-16,222.04842,219.74704
IWM,2024-10-17,221.44122,220.25627
IWM,2024-10-18,220.98097,220.72636
IWM,2024-10-21,217.50441,216.9462
IWM,2024-10-22,216.68181,215.74168
IWM,2024-10-23,214.7036,212.87228
IWM,2024-10-24,215.17369,214.00831
IWM,2024-10-25,214.36086,213.99852
IWM,2024-10-28,217.85695,215.91791
IWM,2024-10-29,217.15187,215.41849
IWM,2024-10-30,216.85809,216.32926
IWM,2024-10-31,213.25421,213.12691
IWM,2024-11-01,214.44899,213.82223
IWM,2024-11-04,215.53601,213.33257
IWM,2024-11-05,219.59033,214.52731
IWM,2024-11-06,232.31158,227.93407
IWM,2024-11-07,231.48894,230.5292
IWM,2024-11-08,233.19293,230.77404
IWM,2024-11-11,236.69887,234.88716
IWM,2024-11-12,232.54659,231.6652
IWM,2024-11-13,230.24521,229.971
IWM,2024-11-14,227.14079,226.4259
IWM,2024-11-15,223.7524,223.09626
IWM,2024-11-18,224.1931,223.40967
IWM,2024-11-19,225.85793,221.71544
IWM,2024-11-20,226.1517,223.3215
IWM,2024-11-21,229.5891,226.328
IWM,2024-11-22,233.8295,230.46067
IWM,2024-11-25,237.38437,236.39527
IWM,2024-11-26,235.6412,234.47583
IWM,2024-11-27,235.96436,235.46491
IWM,2024-11-29,236.86536,236.54218
IWM,2024-12-02,236.74783,235.04383
IWM,2024-12-03,235.06342,234.41707
IWM,2024-12-04,235.90564,234.26041
IWM,2024-12-05,233.15375,232.82079
IWM,2024-12-06,233.98616,233.44755
IWM,2024-12-09,232.81102,232.73267
IWM,2024-12-10,231.80232,231.03846
IWM,2024-12-11,232.85019,231.92964
IWM,2024-12-12,229.8241,229.50094
IWM,2024-12-13,228.24747,227.08209
IWM,2024-12-16,229.5891,227.54234
IWM,2024-12-17,226.96068,226.44992
IWM,2024-12-18,216.9126,215.02674
IWM,2024-12-19,215.95004,215.42947
IWM,2024-12-20,217.9734,214.19188
IWM,2024-12-23,217.47247,215.47858
IWM,2024-12-24,219.41727,216.55901
IWM,2024-12-26,221.66652,217.5314
IWM,2024-12-27,218.43503,216.28397
IWM,2024-12-30,216.75545,213.97579
IWM,2024-12-31,217.03049,216.23488
IWM,2025-01-02,217.20728,215.69467
IWM,2025-01-03,220.43874,217.44299
IWM,2025-01-06,220.52718,220.15393
IWM,2025-01-07,218.75917,217.443
IWM,2025-01-08,217.76715,215.11516
IWM,2025-01-10,212.97392,211.48095
IWM,2025-01-13,213.38644,210.16478
IWM,2025-01-14,215.81255,213.35701
IWM,2025-01-15,220.05568,219.03418
IWM,2025-01-16,220.4977,218.74935
IWM,2025-01-17,221.45045,220.6745
IWM,2025-01-21,225.70341,222.95322
IWM,2025-01-22,224.23012,223.77831
IWM,2025-01-23,225.25162,222.52106
IWM,2025-01-24,224.623,223.98455
IWM,2025-01-27,222.47194,221.20489
IWM,2025-01-28,222.71751,221.17543
IWM,2025-01-29,222.20676,220.58611
IWM,2025-01-30,224.46584,222.88447
IWM,2025-01-31,222.4523,221.52902
IWM,2025-02-03,219.84946,216.74565
IWM,2025-02-04,222.89433,219.2405
IWM,2025-02-05,225.32039,222.85503
IWM,2025-02-06,224.58369,223.25771
IWM,2025-02-07,221.98085,221.56832
IWM,2025-02-10,222.9827,221.84332
IWM,2025-02-11,221.68617,220.812
IWM,2025-02-12,219.64314,217.84569
IWM,2025-02-13,222.11835,219.77085
IWM,2025-02-14,221.95137,221.59777
IWM,2025-02-18,223.16933,221.49955
IWM,2025-02-19,222.4032,221.07722
IWM,2025-02-20,220.27176,219.04399
IWM,2025-02-21,213.92668,213.59273
IWM,2025-02-24,212.38458,211.32379
IWM,2025-02-25,211.57918,209.69332
IWM,2025-02-26,211.84438,211.01932
IWM,2025-02-27,208.61288,208.44591
IWM,2025-02-28,210.83269,207.20832
IWM,2025-03-03,205.06708,203.73126
IWM,2025-03-04,202.74905,199.5765
IWM,2025-03-05,204.76259,201.17751
IWM,2025-03-06,201.62932,200.27386
IWM,2025-03-07,202.28738,198.14243
IWM,2025-03-10,197.19952,195.21544
IWM,2025-03-11,197.1799,194.99938
IWM,2025-03-12,197.52367,196.00123
IWM,2025-03-13,194.57701,193.49657
IWM,2025-03-14,199.28183,195.79496
IWM,2025-03-17,201.7963,198.99699
IWM,2025-03-18,200.04404,199.19743
IWM,2025-03-19,203.1548,199.73886
IWM,2025-03-20,201.8652,201.0186
IWM,2025-03-21,200.61499,198.61662
IWM,2025-03-24,205.606,203.46981
IWM,2025-03-25,204.4641,203.8636
IWM,2025-03-26,202.38696,201.49114
IWM,2025-03-27,201.42221,200.58545
IWM,2025-03-28,197.32701,196.27369
IWM,2025-03-31,196.382,192.44432
IWM,2025-04-01,196.40167,193.59608
IWM,2025-04-02,199.50259,193.47793
IWM,2025-04-03,186.6953,186.25231
IWM,2025-04-04,178.3671,173.91751
IWM,2025-04-07,176.75266,169.05448
IWM,2025-04-08,172.09634,169.65497
IWM,2025-04-09,186.72482,169.06434
IWM,2025-04-10,178.879,174.22268
IWM,2025-04-11,181.48772,175.79777
IWM,2025-04-14,183.62392,180.19814
IWM,2025-04-15,183.85034,182.94468
IWM,2025-04-16,182.08821,179.71575
IWM,2025-04-17,183.57469,181.58617
IWM,2025-04-21,179.89296,177.95365
IWM,2025-04-22,184.54927,181.67477
IWM,2025-04-23,187.28595,186.88233
IWM,2025-04-24,191.03658,186.93155
IWM,2025-04-25,191.09564,188.56569
IWM,2025-04-28,191.90289,189.53044
IWM,2025-04-29,193.03496,190.00294
IWM,2025-04-30,191.82413,187.74863
IWM,2025-05-01,193.01527,190.72157
IWM,2025-05-02,197.35657,195.0924
IWM,2025-05-05,195.84056,194.99396
IWM,2025-05-06,193.70438,192.59198
IWM,2025-05-07,194.34424,192.98573
IWM,2025-05-08,198.04564,195.17113
IWM,2025-05-09,197.68141,196.84466
IWM,2025-05-12,204.63142,202.61337
IWM,2025-05-13,205.37959,204.72003
IWM,2025-05-14,203.5584,203.31229
IWM,2025-05-15,204.88737,202.19006
IWM,2025-05-16,206.58058,204.54282
IWM,2025-05-19,205.71429,203.04651
IWM,2025-05-20,205.82259,204.72004
IWM,2025-05-21,200.04404,199.67979
IWM,2025-05-22,200.03419,198.39021
IWM,2025-05-23,199.40414,196.53948
IWM,2025-05-27,204.4641,200.97925
IWM,2025-05-28,202.3082,202.00303
IWM,2025-05-29,202.90869,201.2844
IWM,2025-05-30,201.87506,200.36888
IWM,2025-06-02,202.5051,199.51245
IWM,2025-06-03,205.77336,202.34758
IWM,2025-06-04,205.19254,204.89721
IWM,2025-06-05,205.28114,203.77498
IWM,2025-06-06,208.59863,207.3189
IWM,2025-06-09,210.0359,209.23853
IWM,2025-06-10,211.16797,210.47888
IWM,2025-06-11,210.30168,209.97682
IWM,2025-06-12,209.46494,208.33286
IWM,2025-06-13,205.63556,204.976
IWM,2025-06-16,208.05997,206.94449
IWM,2025-06-17,205.8685,205.69081
IWM,2025-06-18,206.95436,205.10841
IWM,2025-06-20,206.52,205.77965
IWM,2025-06-23,209.0471,204.15087
IWM,2025-06-24,211.71239,209.62952
IWM,2025-06-25,209.24454,209.16556
IWM,2025-06-26,212.64032,209.96516
IWM,2025-06-27,212.70941,211.37678
IWM,2025-06-30,213.01543,212.62058
IWM,2025-07-01,215.20688,211.39651
IWM,2025-07-02,218.18805,214.56524
IWM,2025-07-03,220.21169,218.91853
IWM,2025-07-07,216.90475,215.60173
IWM,2025-07-08,218.4052,217.49703
IWM,2025-07-09,220.77435,218.27688
IWM,2025-07-10,221.90958,219.99452
IWM,2025-07-11,218.84943,218.72111
IWM,2025-07-14,220.32027,218.21765
IWM,2025-07-15,216.00647,215.97684
IWM,2025-07-16,218.17818,214.12102
IWM,2025-07-17,221.04088,217.87216
IWM,2025-07-18,219.47133,219.12582
IWM,2025-07-21,218.5829,218.40522
IWM,2025-07-22,220.39926,217.82282
IWM,2025-07-23,223.7654,221.18897
IWM,2025-07-24,220.67564,220.60654
IWM,2025-07-25,221.49498,219.67863
IWM,2025-07-28,221.23831,220.55718
IWM,2025-07-29,219.82672,219.20482
IWM,2025-07-30,218.71123,217.28974
IWM,2025-07-31,216.56912,216.06569
IWM,2025-08-01,212.1566,209.60977
IWM,2025-08-04,216.90475,213.30169
IWM,2025-08-05,218.01035,215.4339
IWM,2025-08-06,217.72408,216.55925
IWM,2025-08-07,217.01335,215.70045
IWM,2025-08-08,217.48717,216.91462
IWM,2025-08-11,217.43782,216.98373
IWM,2025-08-12,223.89372,218.30649
IWM,2025-08-13,228.24701,224.9006
IWM,2025-08-14,225.30533,223.26194
IWM,2025-08-15,224.20961,223.13361
IWM,2025-08-18,225.02895,224.02206
IWM,2025-08-19,223.30145,222.78813
IWM,2025-08-20,222.51173,220.81385
IWM,2025-08-21,223.06453,220.90269
IWM,2025-08-22,231.81061,224.25896
IWM,2025-08-25,229.37236,229.37236
IWM,2025-08-26,231.26767,229.5994
IWM,2025-08-27,232.90633,230.55692
IWM,2025-08-28,233.18272,232.32392
IWM,2025-08-29,232.14624,231.35652
IWM,2025-09-02,230.89256,228.49381
IWM,2025-09-03,230.66551,229.47108
IWM,2025-09-04,233.54797,230.57668
IWM,2025-09-05,234.71281,231.92907
IWM,2025-09-08,235.18663,233.35055
IWM,2025-09-09,233.80463,232.39301
IWM,2025-09-10,233.39001,232.4325
IWM,2025-09-11,237.70386,233.20249
IWM,2025-09-12,235.27547,235.13727
IWM,2025-09-15,236.27249,235.48277
IWM,2025-09-16,235.88342,234.37871
IWM,2025-09-17,236.4873,234.63612
IWM,2025-09-18,242.37746,237.71484
IWM,2025-09-19,240.53616,240.07089
IWM,2025-09-22,241.93198,238.68497
IWM,2025-09-23,241.38751,240.99154
IWM,2025-09-24,239.17004,239.13044
IWM,2025-09-25,236.88327,235.16078
IWM,2025-09-26,238.91266,236.92288
IWM,2025-09-29,239.18983,238.38798
IWM,2025-09-30,239.52643,236.99216
IWM,2025-10-01,240.0511,238.13061
IWM,2025-10-02,241.5657,239.04135
IWM,2025-10-03,243.35748,242.56553
IWM,2025-10-06,244.32764,243.59509
IWM,2025-10-07,241.7043,240.74405
IWM,2025-10-08,244.23856,241.34793
IWM,2025-10-09,242.66455,241.55581
IWM,2025-10-10,235.39836,235.17068
IWM,2025-10-13,241.95178,238.97205
IWM,2025-10-14,245.40668,237.94252
IWM,2025-10-15,247.81224,244.57513
IWM,2025-10-16,242.59525,241.54591
IWM,2025-10-17,240.96184,239.04135
IWM,2025-10-20,245.66406,243.66438
IWM,2025-10-21,244.50583,243.0407
IWM,2025-10-22,240.89253,238.34839
IWM,2025-10-23,243.94156,241.22911
IWM,2025-10-24,246.92128,246.46591
IWM,2025-10-27,247.78255,246.99059
IWM,2025-10-28,246.45602,245.61457
IWM,2025-10-29,244.35735,242.22898
IWM,2025-10-30,242.38737,242.16959
IWM,2025-10-31,243.75348,241.23903
IWM,2025-11-03,242.97142,240.05109
IWM,2025-11-04,238.77406,238.57608
IWM,2025-11-05,242.21907,239.20965
IWM,2025-11-06,237.93263,237.58615
IWM,2025-11-07,239.17995,233.89366
IWM,2025-11-10,241.57561,239.81351
IWM,2025-11-11,241.78351,240.08081
ARKK,2014-10-31,18.391508,18.391508
ARKK,2014-11-03,18.391508,18.364436
ARKK,2014-11-04,18.283218,18.229073
ARKK,2014-11-05,18.048586,18.048586
ARKK,2014-11-06,18.174925,18.111755
ARKK,2014-11-07,18.156879,18.120781
ARKK,2014-11-10,18.319315,18.192975
ARKK,2014-11-11,18.310289,18.259752
ARKK,2014-11-12,18.373463,18.26517
ARKK,2014-11-13,18.355412,18.319314
ARKK,2014-11-14,18.445656,18.427607
ARKK,2014-11-17,18.418583,18.373462
ARKK,2014-11-18,18.590044,18.590044
ARKK,2014-11-19,18.310289,18.310289
ARKK,2014-11-20,18.30127,18.138832
ARKK,2014-11-21,18.373463,18.371657
ARKK,2014-11-24,18.490778,18.364438
ARKK,2014-11-25,18.517849,18.517849
ARKK,2014-11-26,18.553946,18.526874
ARKK,2014-11-28,18.581022,18.526877
ARKK,2014-12-01,18.292242,18.292242
ARKK,2014-12-02,18.093708,18.093708
ARKK,2014-12-03,18.129805,18.129805
ARKK,2014-12-04,18.10273,18.084683
ARKK,2014-12-05,18.147852,18.138827
ARKK,2014-12-08,17.80493,17.759809
ARKK,2014-12-09,17.850052,17.597371
ARKK,2014-12-10,17.80493,17.80493
ARKK,2014-12-11,17.841028,17.841028
ARKK,2014-12-12,17.694834,17.694834
ARKK,2014-12-15,17.398838,17.398838
ARKK,2014-12-16,17.101038,17.101038
ARKK,2014-12-17,17.290545,17.101035
ARKK,2014-12-18,17.940294,17.904198
ARKK,2014-12-19,18.192976,18.075661
ARKK,2014-12-22,18.34639,18.271488
ARKK,2014-12-23,18.352707,18.319316
ARKK,2014-12-24,18.382484,18.382484
ARKK,2014-12-26,18.590044,18.418582
ARKK,2014-12-29,18.433922,18.427605
ARKK,2014-12-30,18.319315,18.301268
ARKK,2014-12-31,18.192976,18.192976
ARKK,2015-01-02,18.202,18.012489
ARKK,2015-01-05,17.763418,17.735443
ARKK,2015-01-06,17.69664,17.471033
ARKK,2015-01-07,17.777857,17.732734
ARKK,2015-01-08,18.174925,17.99444
ARKK,2015-01-09,18.021515,17.994443
ARKK,2015-01-12,18.183949,18.183949
ARKK,2015-01-13,18.039562,18.032343
ARKK,2015-01-14,17.985416,17.891564
ARKK,2015-01-15,17.579325,17.579325
ARKK,2015-01-16,17.69664,17.678591
ARKK,2015-01-20,17.94932,17.768835
ARKK,2015-01-21,18.274193,18.021512
ARKK,2015-01-22,18.52507,18.283219
ARKK,2015-01-23,18.617117,18.617117
ARKK,2015-01-26,18.725409,18.725409
ARKK,2015-01-27,18.445656,18.445656
ARKK,2015-01-28,18.364437,18.364437
ARKK,2015-01-29,18.400532,18.120779
ARKK,2015-01-30,18.265169,18.265169
ARKK,2015-02-02,18.379778,18.156878
ARKK,2015-02-03,18.256144,18.211023
ARKK,2015-02-04,18.463703,18.427607
ARKK,2015-02-05,18.806627,18.634263
ARKK,2015-02-06,18.763311,18.763311
ARKK,2015-02-09,18.660433,18.61802
ARKK,2015-02-10,18.815651,18.779553
ARKK,2015-02-11,18.97448,18.824678
ARKK,2015-02-12,19.117062,18.951015
ARKK,2015-02-13,19.357109,19.194672
ARKK,2015-02-17,19.257841,19.221743
ARKK,2015-02-18,19.284912,19.256033
ARKK,2015-02-19,19.438326,19.257839
ARKK,2015-02-20,19.568277,19.4654
ARKK,2015-02-23,19.384182,19.384182
ARKK,2015-02-24,19.331842,19.331842
ARKK,2015-02-25,19.339062,19.339062
ARKK,2015-02-26,19.52857,19.474425
ARKK,2015-02-27,19.411255,19.411255
ARKK,2015-03-02,19.401329,19.330037
ARKK,2015-03-03,19.257841,19.257841
ARKK,2015-03-04,19.148645,19.023208
ARKK,2015-03-05,19.268669,19.268669
ARKK,2015-03-06,18.920334,18.920334
ARKK,2015-03-09,18.770529,18.761506
ARKK,2015-03-10,18.57019,18.57019
ARKK,2015-03-11,18.648703,18.634263
ARKK,2015-03-12,18.662237,18.662237
ARKK,2015-03-13,18.604483,18.571996
ARKK,2015-03-16,18.770529,18.770529
ARKK,2015-03-17,18.833702,18.833702
ARKK,2015-03-18,18.770529,18.770529
ARKK,2015-03-19,19.041258,19.041258
ARKK,2015-03-20,19.248817,19.248817
ARKK,2015-03-23,19.212721,19.113453
ARKK,2015-03-24,19.212721,19.212721
ARKK,2015-03-25,18.779552,18.779552
ARKK,2015-03-26,18.761507,18.761507
ARKK,2015-03-27,18.734432,18.734432
ARKK,2015-03-30,18.951015,18.951015
ARKK,2015-03-31,18.802114,18.77053
ARKK,2015-04-01,18.4998,18.4998
ARKK,2015-04-02,18.642387,18.581021
ARKK,2015-04-06,18.923943,18.734433
ARKK,2015-04-07,18.914919,18.914919
ARKK,2015-04-08,19.145939,19.145939
ARKK,2015-04-09,19.239792,19.113452
ARKK,2015-04-10,19.393206,19.321011
ARKK,2015-04-13,19.429302,19.429302
ARKK,2015-04-14,19.302959,19.302959
ARKK,2015-04-15,19.492474,19.492474
ARKK,2015-04-16,19.709057,19.691008
ARKK,2015-04-17,19.311987,19.311987
ARKK,2015-04-20,19.402231,19.402231
ARKK,2015-04-21,19.485252,19.485252
ARKK,2015-04-22,19.636862,19.618813
ARKK,2015-04-23,19.839907,19.839907
ARKK,2015-04-24,19.841717,19.841717
ARKK,2015-04-27,20.061003,20.061003
ARKK,2015-04-28,19.609789,19.609789
ARKK,2015-04-29,19.447351,19.155867
ARKK,2015-04-30,18.910404,18.910404
ARKK,2015-05-01,18.761507,18.761507
ARKK,2015-05-04,18.961845,18.571997
ARKK,2015-05-05,18.743458,18.743458
ARKK,2015-05-06,18.626141,18.599971
ARKK,2015-05-07,18.824677,18.734433
ARKK,2015-05-08,18.806627,18.806627
ARKK,2015-05-11,18.951015,18.869797
ARKK,2015-05-12,18.860773,18.860773
ARKK,2015-05-13,18.960041,18.960041
ARKK,2015-05-14,19.113455,19.113455
ARKK,2015-05-15,19.070135,19.06833
ARKK,2015-05-18,19.175722,19.175722
ARKK,2015-05-19,19.185648,19.185648
ARKK,2015-05-20,19.149548,19.149548
ARKK,2015-05-21,19.321012,19.321012
ARKK,2015-05-22,19.363428,19.363428
ARKK,2015-05-26,19.230768,19.167598
ARKK,2015-05-27,19.239792,19.239792
ARKK,2015-05-28,19.474426,19.474426
ARKK,2015-05-29,19.488863,19.330035
ARKK,2015-06-01,19.420279,19.379669
ARKK,2015-06-02,19.454571,19.357109
ARKK,2015-06-03,19.564667,19.50691
ARKK,2015-06-04,19.492474,19.492474
ARKK,2015-06-05,19.515036,19.515036
ARKK,2015-06-08,19.492474,19.492474
ARKK,2015-06-09,19.366131,19.366131
ARKK,2015-06-10,19.718081,19.441937
ARKK,2015-06-11,19.654907,19.632345
ARKK,2015-06-12,19.537594,19.537594
ARKK,2015-06-15,19.284912,19.284912
ARKK,2015-06-16,19.510519,19.510519
ARKK,2015-06-17,19.700033,19.700033
ARKK,2015-06-18,19.898567,19.898567
ARKK,2015-06-19,19.853443,19.853443
ARKK,2015-06-22,19.898567,19.898567
ARKK,2015-06-23,20.061003,20.061003
ARKK,2015-06-24,19.799297,19.799297
ARKK,2015-06-25,19.763203,19.763203
ARKK,2015-06-26,19.618814,19.593547
ARKK,2015-06-29,19.095404,19.095404
ARKK,2015-06-30,19.266867,19.215427
ARKK,2015-07-01,19.230768,19.172112
ARKK,2015-07-02,19.174818,19.174818
ARKK,2015-07-06,19.039452,19.039452
ARKK,2015-07-07,18.932964,18.716382
ARKK,2015-07-08,18.752481,18.752481
ARKK,2015-07-09,18.905895,18.905895
ARKK,2015-07-10,19.104429,19.041259
ARKK,2015-07-13,19.348085,19.230769
ARKK,2015-07-14,19.46089,19.46089
ARKK,2015-07-15,19.325523,19.325523
ARKK,2015-07-16,19.716276,19.716276
ARKK,2015-07-17,19.781248,19.781248
ARKK,2015-07-20,19.808323,19.781249
ARKK,2015-07-21,19.736132,19.736132
ARKK,2015-07-22,19.537594,19.510522
ARKK,2015-07-23,19.672956,19.672956
ARKK,2015-07-24,19.763203,19.763203
ARKK,2015-07-27,19.537594,19.4654
ARKK,2015-07-28,19.826372,19.424791
ARKK,2015-07-29,19.69101,19.69101
ARKK,2015-07-30,19.537594,19.537594
ARKK,2015-07-31,19.402231,19.402231
ARKK,2015-08-03,19.050283,19.050283
ARKK,2015-08-04,18.996136,18.996136
ARKK,2015-08-05,19.041258,19.041258
ARKK,2015-08-06,18.770529,18.680287
ARKK,2015-08-07,18.749775,18.749775
ARKK,2015-08-10,19.203699,18.824679
ARKK,2015-08-11,18.949209,18.876113
ARKK,2015-08-12,18.770529,18.544921
ARKK,2015-08-13,18.940187,18.940187
ARKK,2015-08-14,18.914919,18.914919
ARKK,2015-08-17,19.056601,19.056601
ARKK,2015-08-18,18.932964,18.932964
ARKK,2015-08-19,18.725409,18.725409
ARKK,2015-08-20,17.94932,17.94932
ARKK,2015-08-21,17.624445,17.622639
ARKK,2015-08-24,17.11006,15.801538
ARKK,2015-08-25,17.489079,17.416884
ARKK,2015-08-26,17.547737,17.146156
ARKK,2015-08-27,18.088293,17.832003
ARKK,2015-08-28,18.265169,18.229073
ARKK,2015-08-31,18.13883,18.084685
ARKK,2015-09-01,17.480055,17.476444
ARKK,2015-09-02,17.674078,17.480057
ARKK,2015-09-03,17.877125,17.877125
ARKK,2015-09-04,17.525177,17.525177
ARKK,2015-09-08,18.066637,18.066637
ARKK,2015-09-09,18.129805,18.129805
ARKK,2015-09-10,18.05761,18.05761
ARKK,2015-09-11,18.147852,18.147852
ARKK,2015-09-14,18.111755,18.021512
ARKK,2015-09-15,18.34639,18.34639
ARKK,2015-09-16,18.562969,18.562969
ARKK,2015-09-17,18.725409,18.725409
ARKK,2015-09-18,18.436632,18.436632
ARKK,2015-09-21,18.319315,18.319315
ARKK,2015-09-22,17.940294,17.940294
ARKK,2015-09-23,17.904196,17.904196
ARKK,2015-09-24,17.69664,17.69664
ARKK,2015-09-25,17.507128,17.507128
ARKK,2015-09-28,17.14616,17.14616
ARKK,2015-09-29,16.866405,16.866405
ARKK,2015-09-30,16.956648,16.956648
ARKK,2015-10-01,16.722015,16.722015
ARKK,2015-10-02,17.218351,16.911525
ARKK,2015-10-05,17.615419,17.615419
ARKK,2015-10-06,17.353718,17.353718
ARKK,2015-10-07,17.606398,17.606398
ARKK,2015-10-08,17.498104,17.498104
ARKK,2015-10-09,17.890663,17.859078
ARKK,2015-10-12,17.750784,17.750784
ARKK,2015-10-13,17.687613,17.687613
ARKK,2015-10-14,17.597372,17.597372
ARKK,2015-10-15,17.61993,17.61993
ARKK,2015-10-16,17.877125,17.859078
ARKK,2015-10-19,17.877125,17.813955
ARKK,2015-10-20,17.593763,17.593763
ARKK,2015-10-21,17.741762,17.741762
ARKK,2015-10-22,17.551348,17.434935
ARKK,2015-10-23,17.877125,17.877125
ARKK,2015-10-26,17.850052,17.850052
ARKK,2015-10-27,17.69664,17.69664
ARKK,2015-10-28,17.88615,17.88615
ARKK,2015-10-29,17.795904,17.795904
ARKK,2015-10-30,17.958344,17.958344
ARKK,2015-11-02,18.463703,17.988124
ARKK,2015-11-03,18.459192,18.459192
ARKK,2015-11-04,18.803017,18.4998
ARKK,2015-11-05,18.644188,18.644188
ARKK,2015-11-06,18.813845,18.80482
ARKK,2015-11-09,18.666752,18.571997
ARKK,2015-11-10,18.439339,18.439339
ARKK,2015-11-11,18.400532,18.328337
ARKK,2015-11-12,18.084686,18.084686
ARKK,2015-11-13,17.88615,17.88615
ARKK,2015-11-16,17.976393,17.976393
ARKK,2015-11-17,18.001661,18.001661
ARKK,2015-11-18,18.220049,18.220049
ARKK,2015-11-19,18.508827,18.274195
ARKK,2015-11-20,18.635166,18.635166
ARKK,2015-11-23,18.662237,18.662237
ARKK,2015-11-24,18.617117,18.617117
ARKK,2015-11-25,18.860773,18.779554
ARKK,2015-11-27,19.194674,19.194674
ARKK,2015-11-30,19.131502,19.131502
ARKK,2015-12-01,19.230768,19.176623
ARKK,2015-12-02,19.275892,19.266868
ARKK,2015-12-03,18.815651,18.815651
ARKK,2015-12-04,19.000648,19.000648
ARKK,2015-12-07,18.761507,18.743458
ARKK,2015-12-08,18.941992,18.698335
ARKK,2015-12-09,18.693825,18.693825
ARKK,2015-12-10,19.014185,19.014185
ARKK,2015-12-11,18.878822,18.878822
ARKK,2015-12-14,18.238096,18.039562
ARKK,2015-12-15,18.546728,18.490777
ARKK,2015-12-16,18.752481,18.752481
ARKK,2015-12-17,18.944698,18.806627
ARKK,2015-12-18,18.887844,18.824674
ARKK,2015-12-21,18.833702,18.833702
ARKK,2015-12-22,18.914919,18.914919
ARKK,2015-12-23,19.191965,19.140526
ARKK,2015-12-24,19.263004,19.263004
ARKK,2015-12-28,19.291605,19.291605
ARKK,2015-12-29,19.171667,19.171667
ARKK,2015-12-30,19.227026,19.224258
ARKK,2015-12-31,18.876434,18.876434
ARKK,2016-01-04,18.461264,18.322874
ARKK,2016-01-05,18.608881,18.608881
ARKK,2016-01-06,18.295195,18.295195
ARKK,2016-01-07,17.575567,17.529438
ARKK,2016-01-08,17.372595,17.372595
ARKK,2016-01-11,16.763674,16.763674
ARKK,2016-01-12,17.008167,16.874391
ARKK,2016-01-13,16.486898,16.425083
ARKK,2016-01-14,16.634514,16.219342
ARKK,2016-01-15,15.979465,15.684232
ARKK,2016-01-19,16.145533,16.099403
ARKK,2016-01-20,15.73036,15.139895
ARKK,2016-01-21,15.868752,15.868752
ARKK,2016-01-22,16.173212,16.173212
ARKK,2016-01-25,15.979465,15.979465
ARKK,2016-01-26,15.73036,15.73036
ARKK,2016-01-27,15.570753,15.52739
ARKK,2016-01-28,15.204479,15.204479
ARKK,2016-01-29,15.444354,15.376082
ARKK,2016-02-01,15.568908,15.568908
ARKK,2016-02-02,15.186027,15.186027
ARKK,2016-02-03,15.100226,15.047637
ARKK,2016-02-04,15.241383,15.232156
ARKK,2016-02-05,14.30033,14.30033
ARKK,2016-02-08,13.654508,13.535491
ARKK,2016-02-09,13.709865,13.668347
ARKK,2016-02-10,13.889772,13.889772
ARKK,2016-02-11,13.636055,13.543795
ARKK,2016-02-12,13.792898,13.645282
ARKK,2016-02-16,14.34646,14.34646
ARKK,2016-02-17,14.881569,14.760708
ARKK,2016-02-18,14.826213,14.826213
ARKK,2016-02-19,14.85389,14.85389
ARKK,2016-02-22,15.195252,15.195252
ARKK,2016-02-23,15.038411,15.038411
ARKK,2016-02-24,15.167576,15.102994
ARKK,2016-02-25,15.25061,15.25061
ARKK,2016-02-26,15.702685,15.702685
ARKK,2016-02-29,15.776492,15.776492
ARKK,2016-03-01,16.131697,16.131697
ARKK,2016-03-02,16.357731,16.357731
ARKK,2016-03-03,16.740612,16.330054
ARKK,2016-03-04,17.10504,16.874389
ARKK,2016-03-07,17.077364,16.819035
ARKK,2016-03-08,16.800577,16.800577
ARKK,2016-03-09,16.588383,16.588383
ARKK,2016-03-10,16.434305,16.434305
ARKK,2016-03-11,16.542252,16.542252
ARKK,2016-03-14,16.975874,16.975874
ARKK,2016-03-15,16.459219,16.459219
ARKK,2016-03-16,16.597609,16.459219
ARKK,2016-03-17,16.699097,16.699097
ARKK,2016-03-18,17.075514,17.049681
ARKK,2016-03-21,17.238815,17.238815
ARKK,2016-03-22,17.409498,17.377206
ARKK,2016-03-23,17.409498,17.409498
ARKK,2016-03-24,16.855938,16.791356
ARKK,2016-03-28,16.855938,16.855938
ARKK,2016-03-29,17.377205,17.377205
ARKK,2016-03-30,17.437174,17.437174
ARKK,2016-03-31,17.649374,17.649374
ARKK,2016-04-01,17.649374,17.649374
ARKK,2016-04-04,18.018415,18.018415
ARKK,2016-04-05,17.898478,17.898478
ARKK,2016-04-06,17.975052,17.953831
ARKK,2016-04-07,17.990738,17.990738
ARKK,2016-04-08,17.88925,17.88925
ARKK,2016-04-11,17.88925,17.88925
ARKK,2016-04-12,17.98151,17.98151
ARKK,2016-04-13,18.276743,18.276743
ARKK,2016-04-14,18.470491,18.470491
ARKK,2016-04-15,18.23984,18.23984
ARKK,2016-04-18,18.28228,18.28228
ARKK,2016-04-19,17.892941,17.892941
ARKK,2016-04-20,18.050709,17.778541
ARKK,2016-04-21,18.227848,18.142046
ARKK,2016-04-22,18.184483,18.184483
ARKK,2016-04-25,18.10145,18.073771
ARKK,2016-04-26,18.056242,18.046094
ARKK,2016-04-27,17.963058,17.963058
ARKK,2016-04-28,18.078382,18.078382
ARKK,2016-04-29,17.418722,17.418722
ARKK,2016-05-02,17.529438,17.510986
ARKK,2016-05-03,17.271105,17.271105
ARKK,2016-05-04,16.800577,16.791353
ARKK,2016-05-05,16.75445,16.75445
ARKK,2016-05-06,16.551479,16.551479
ARKK,2016-05-09,16.883615,16.839332
ARKK,2016-05-10,17.014624,17.014624
ARKK,2016-05-11,16.890995,16.890995
ARKK,2016-05-12,16.55978,16.55978
ARKK,2016-05-13,16.708321,16.708321
ARKK,2016-05-16,16.865166,16.865166
ARKK,2016-05-17,16.745224,16.745224
ARKK,2016-05-18,16.865166,16.865166
ARKK,2016-05-19,16.578234,16.542253
ARKK,2016-05-20,16.791357,16.786743
ARKK,2016-05-23,16.953733,16.953733
ARKK,2016-05-24,17.455629,17.455629
ARKK,2016-05-25,17.612471,17.474081
ARKK,2016-05-26,17.732407,17.658599
ARKK,2016-05-27,17.796991,17.796991
ARKK,2016-05-31,17.98151,17.898476
ARKK,2016-06-01,18.00919,18.00919
ARKK,2016-06-02,18.214008,18.129128
ARKK,2016-06-03,18.055317,18.009188
ARKK,2016-06-06,18.378231,18.184484
ARKK,2016-06-07,18.387455,18.313647
ARKK,2016-06-08,18.378231,18.350552
ARKK,2016-06-09,18.110676,18.110676
ARKK,2016-06-10,18.082996,18.082996
ARKK,2016-06-13,17.815441,17.806215
ARKK,2016-06-14,17.75086,17.6586
ARKK,2016-06-15,17.898478,17.898478
ARKK,2016-06-16,17.916929,17.916929
ARKK,2016-06-17,18.055317,17.990735
ARKK,2016-06-20,18.147577,18.147577
ARKK,2016-06-21,18.064547,17.981512
ARKK,2016-06-22,17.933537,17.933537
ARKK,2016-06-23,18.10145,17.963058
ARKK,2016-06-24,17.492531,17.483306
ARKK,2016-06-27,16.84671,16.837484
ARKK,2016-06-28,17.250811,17.215752
ARKK,2016-06-29,17.677975,17.677975
ARKK,2016-06-30,17.796991,17.686278
ARKK,2016-07-01,17.945528,17.945528
ARKK,2016-07-05,17.758242,17.723183
ARKK,2016-07-06,17.704733,17.704733
ARKK,2016-07-07,18.10145,18.10145
ARKK,2016-07-08,18.479717,18.479717
ARKK,2016-07-11,18.553524,18.553524
ARKK,2016-07-12,18.876434,18.821079
ARKK,2016-07-13,18.894886,18.894886
ARKK,2016-07-14,18.714979,18.714979
ARKK,2016-07-15,18.724205,18.655009
ARKK,2016-07-18,18.887506,18.887506
ARKK,2016-07-19,18.535072,18.535072
ARKK,2016-07-20,18.835842,18.728819
ARKK,2016-07-21,18.802626,18.770335
ARKK,2016-07-22,18.57659,18.57659
ARKK,2016-07-25,18.567366,18.544301
ARKK,2016-07-26,18.76572,18.76572
ARKK,2016-07-27,18.929024,18.857984
ARKK,2016-07-28,19.097858,19.097858
ARKK,2016-07-29,18.996376,18.992686
ARKK,2016-08-01,19.034201,19.034201
ARKK,2016-08-02,18.648552,18.594118
ARKK,2016-08-03,18.848759,18.848759
ARKK,2016-08-04,19.079407,19.079407
ARKK,2016-08-05,19.219645,19.219645
ARKK,2016-08-08,19.282381,19.282381
ARKK,2016-08-09,19.282381,19.282381
ARKK,2016-08-10,19.310982,19.31006
ARKK,2016-08-11,19.471514,19.471514
ARKK,2016-08-12,19.54071,19.54071
ARKK,2016-08-15,19.54071,19.54071
ARKK,2016-08-16,19.679098,19.651419
ARKK,2016-08-17,19.525948,19.525948
ARKK,2016-08-18,19.582228,19.582228
ARKK,2016-08-19,19.448448,19.448448
ARKK,2016-08-22,19.527792,19.485353
ARKK,2016-08-23,19.621897,19.621897
ARKK,2016-08-24,19.596064,19.596064
ARKK,2016-08-25,19.300835,19.300835
ARKK,2016-08-26,19.273153,19.273153
ARKK,2016-08-29,19.410622,19.408777
ARKK,2016-08-30,19.22241,19.22241
ARKK,2016-08-31,19.018517,19.018517
ARKK,2016-09-01,18.88566,18.88566
ARKK,2016-09-02,19.0914,19.02405
ARKK,2016-09-06,19.53056,19.53056
ARKK,2016-09-07,19.630199,19.614515
ARKK,2016-09-08,19.632046,19.623743
ARKK,2016-09-09,19.356186,19.34696
ARKK,2016-09-12,19.356186,19.356186
ARKK,2016-09-13,19.012058,18.987148
ARKK,2016-09-14,19.116312,19.116312
ARKK,2016-09-15,19.55916,19.337734
ARKK,2016-09-16,19.55916,19.55916
ARKK,2016-09-19,19.725227,19.725227
ARKK,2016-09-20,19.78981,19.78981
ARKK,2016-09-21,19.605291,19.605291
ARKK,2016-09-22,20.158854,20.066593
ARKK,2016-09-23,20.167154,20.167154
ARKK,2016-09-26,20.011238,20.011238
ARKK,2016-09-27,20.394115,20.293553
ARKK,2016-09-28,20.444857,20.315693
ARKK,2016-09-29,20.260338,20.232661
ARKK,2016-09-30,20.46331,20.30739
ARKK,2016-10-03,20.490986,20.490986
ARKK,2016-10-04,20.37105,20.37105
ARKK,2016-10-05,20.659824,20.591552
ARKK,2016-10-06,20.131174,20.131174
ARKK,2016-10-07,20.021383,20.021383
ARKK,2016-10-10,20.204981,20.204981
ARKK,2016-10-11,19.374641,19.374641
ARKK,2016-10-12,19.23625,19.23625
ARKK,2016-10-13,18.995451,18.995451
ARKK,2016-10-14,18.802626,18.801704
ARKK,2016-10-17,18.673462,18.571975
ARKK,2016-10-18,18.977919,18.950242
ARKK,2016-10-19,19.051729,19.051729
ARKK,2016-10-20,18.977919,18.977919
ARKK,2016-10-21,18.941019,18.839532
ARKK,2016-10-24,19.068335,19.068335
ARKK,2016-10-25,18.848759,18.807242
ARKK,2016-10-26,18.756498,18.756498
ARKK,2016-10-27,18.60519,18.60519
ARKK,2016-10-28,18.433584,18.433584
ARKK,2016-10-31,18.375463,18.350553
ARKK,2016-11-01,18.192787,18.173413
ARKK,2016-11-02,17.824669,17.824669
ARKK,2016-11-03,17.713957,17.713957
ARKK,2016-11-04,17.763777,17.704731
ARKK,2016-11-07,18.285971,17.981512
ARKK,2016-11-08,18.442812,18.276743
ARKK,2016-11-09,18.493555,18.221387
ARKK,2016-11-10,18.857983,18.61257
ARKK,2016-11-11,18.785097,18.785097
ARKK,2016-11-14,19.079407,19.05911
ARKK,2016-11-15,19.000986,19.000986
ARKK,2016-11-16,19.000986,19.000986
ARKK,2016-11-17,19.116312,18.91334
ARKK,2016-11-18,19.051729,19.0056
ARKK,2016-11-21,19.263927,19.208572
ARKK,2016-11-22,19.310982,19.310982
ARKK,2016-11-23,19.217796,19.217796
ARKK,2016-11-25,19.32851,19.227024
ARKK,2016-11-28,19.245478,19.245478
ARKK,2016-11-29,18.784176,18.784176
ARKK,2016-11-30,18.553524,18.553524
ARKK,2016-12-01,18.119904,18.119904
ARKK,2016-12-02,18.262905,18.262905
ARKK,2016-12-05,18.634712,18.599653
ARKK,2016-12-06,18.613491,18.525845
ARKK,2016-12-07,18.525845,18.396681
ARKK,2016-12-08,18.752808,18.653167
ARKK,2016-12-09,18.821075,18.821075
ARKK,2016-12-12,18.820156,18.820156
ARKK,2016-12-13,18.959469,18.944708
ARKK,2016-12-14,18.831228,18.831228
ARKK,2016-12-15,19.17259,19.143067
ARKK,2016-12-16,19.217796,19.170743
ARKK,2016-12-19,19.273153,19.217798
ARKK,2016-12-20,19.215954,19.199347
ARKK,2016-12-21,18.913338,18.913338
ARKK,2016-12-22,18.65501,18.65501
ARKK,2016-12-23,18.738047,18.738047
ARKK,2016-12-27,19.1117,18.765724
ARKK,2016-12-28,18.719593,18.719593
ARKK,2016-12-29,18.627335,18.627335
ARKK,2016-12-30,18.498169,18.485253
ARKK,2017-01-03,18.855215,18.853369
ARKK,2017-01-04,19.706778,19.148602
ARKK,2017-01-05,19.513031,19.42077
ARKK,2017-01-06,19.71139,19.669872
ARKK,2017-01-09,19.969719,19.835941
ARKK,2017-01-10,20.251112,20.140399
ARKK,2017-01-11,20.094267,19.972483
ARKK,2017-01-12,20.1404,19.799036
ARKK,2017-01-13,20.352596,20.278788
ARKK,2017-01-17,20.038914,20.038914
ARKK,2017-01-18,20.112719,20.008466
ARKK,2017-01-19,20.1404,20.075818
ARKK,2017-01-20,20.15793,20.121948
ARKK,2017-01-23,20.203136,20.076739
ARKK,2017-01-24,20.352596,20.170845
ARKK,2017-01-25,20.523279,20.490987
ARKK,2017-01-26,20.398729,20.389503
ARKK,2017-01-27,20.458696,20.375662
ARKK,2017-01-30,20.300011,20.1404
ARKK,2017-01-31,20.381197,20.34337
ARKK,2017-02-01,20.550035,20.489144
ARKK,2017-02-02,20.675508,20.481763
ARKK,2017-02-03,20.647831,20.555572
ARKK,2017-02-06,20.657057,20.601701
ARKK,2017-02-07,20.555571,20.555571
ARKK,2017-02-08,20.749317,20.712414
ARKK,2017-02-09,21.15065,21.053777
ARKK,2017-02-10,21.192163,21.164487
ARKK,2017-02-13,21.265972,21.219843
ARKK,2017-02-14,21.422815,21.32133
ARKK,2017-02-15,21.37484,21.298264
ARKK,2017-02-16,21.201389,21.154338
ARKK,2017-02-17,21.349005,21.19493
ARKK,2017-02-21,21.404364,21.404364
ARKK,2017-02-22,21.379454,21.379454
ARKK,2017-02-23,21.192163,21.109129
ARKK,2017-02-24,21.090681,20.943065
ARKK,2017-02-27,21.468946,21.09068
ARKK,2017-02-28,21.335167,21.265971
ARKK,2017-03-01,21.676533,21.492934
ARKK,2017-03-02,21.450495,21.450495
ARKK,2017-03-03,21.404364,21.349006
ARKK,2017-03-06,21.468946,21.256748
ARKK,2017-03-07,21.445881,21.358233
ARKK,2017-03-08,21.440344,21.406207
ARKK,2017-03-09,21.215231,21.215231
ARKK,2017-03-10,21.413591,21.376688
ARKK,2017-03-13,21.616562,21.513231
ARKK,2017-03-14,21.570431,21.413588
ARKK,2017-03-15,21.768793,21.570434
ARKK,2017-03-16,21.884115,21.847212
ARKK,2017-03-17,21.877657,21.865664
ARKK,2017-03-20,21.865664,21.80108
ARKK,2017-03-21,21.255823,21.255823
ARKK,2017-03-22,21.238297,21.099907
ARKK,2017-03-23,21.24291,21.155264
ARKK,2017-03-24,21.367458,21.367458
ARKK,2017-03-27,21.616562,21.32133
ARKK,2017-03-28,21.768793,21.736502
ARKK,2017-03-29,21.948702,21.764181
ARKK,2017-03-30,22.004057,21.929325
ARKK,2017-03-31,22.105541,21.985604
ARKK,2017-04-03,22.170124,22.096316
ARKK,2017-04-04,22.077862,22.077862
ARKK,2017-04-05,21.824148,21.824148
ARKK,2017-04-06,21.926558,21.801082
ARKK,2017-04-07,22.090782,21.921023
ARKK,2017-04-10,22.222713,22.222713
ARKK,2017-04-11,22.167356,21.970841
ARKK,2017-04-12,21.972687,21.972687
ARKK,2017-04-13,22.004057,21.910874
ARKK,2017-04-17,22.129528,21.925632
ARKK,2017-04-18,22.290062,22.216254
ARKK,2017-04-19,22.419224,22.386933
ARKK,2017-04-20,22.649874,22.483807
ARKK,2017-04-21,22.456129,22.437677
ARKK,2017-04-24,22.769815,22.631426
ARKK,2017-04-25,23.0835,22.918353
ARKK,2017-04-26,23.369507,23.113024
ARKK,2017-04-27,23.600157,23.470993
ARKK,2017-04-28,23.221889,23.159152
ARKK,2017-05-01,23.720095,23.387959
ARKK,2017-05-02,23.692415,23.590928
ARKK,2017-05-03,23.609385,23.480221
ARKK,2017-05-04,23.526348,23.435934
ARKK,2017-05-05,23.766226,23.526349
ARKK,2017-05-08,23.701643,23.627835
ARKK,2017-05-09,24.236755,23.867715
ARKK,2017-05-10,24.466478,24.282881
ARKK,2017-05-11,24.512609,24.262584
ARKK,2017-05-12,24.643621,24.356691
ARKK,2017-05-15,24.864124,24.578116
ARKK,2017-05-16,24.979448,24.688828
ARKK,2017-05-17,24.098364,24.061459
ARKK,2017-05-18,24.799538,24.181394
ARKK,2017-05-19,24.845671,24.817992
ARKK,2017-05-22,25.23316,25.00251
ARKK,2017-05-23,25.316196,25.082778
ARKK,2017-05-24,26.072731,25.417683
ARKK,2017-05-25,26.395641,25.952791
ARKK,2017-05-26,26.063503,25.878982
ARKK,2017-05-30,25.962015,25.86053
ARKK,2017-05-31,26.155766,25.685238
ARKK,2017-06-01,26.71855,26.275701
ARKK,2017-06-02,26.903072,26.570935
ARKK,2017-06-05,26.9492,26.847715
ARKK,2017-06-06,27.133722,26.810811
ARKK,2017-06-07,27.174316,27.020242
ARKK,2017-06-08,27.447407,27.152174
ARKK,2017-06-09,26.594921,26.18344
ARKK,2017-06-12,26.081957,25.731367
ARKK,2017-06-13,26.487898,26.174215
ARKK,2017-06-14,26.257248,26.026597
ARKK,2017-06-15,26.164991,25.556074
ARKK,2017-06-16,26.320908,26.109632
ARKK,2017-06-19,27.050688,26.598613
ARKK,2017-06-20,27.078367,27.016553
ARKK,2017-06-21,27.465858,27.133721
ARKK,2017-06-22,27.724186,27.493535
ARKK,2017-06-23,27.954838,27.559043
ARKK,2017-06-26,27.539665,27.345918
ARKK,2017-06-27,26.945509,26.90307
ARKK,2017-06-28,27.480618,26.958425
ARKK,2017-06-29,26.964884,26.61245
ARKK,2017-06-30,26.709326,26.672421
ARKK,2017-07-03,26.570934,26.497126
ARKK,2017-07-05,26.746229,26.459301
ARKK,2017-07-06,26.201891,26.154839
ARKK,2017-07-07,26.367964,26.261865
ARKK,2017-07-10,26.33106,26.142849
ARKK,2017-07-11,26.663197,26.358738
ARKK,2017-07-12,27.115271,26.859711
ARKK,2017-07-13,26.995333,26.812658
ARKK,2017-07-14,27.046076,26.948279
ARKK,2017-07-17,26.856941,26.776675
ARKK,2017-07-18,27.152174,26.801584
ARKK,2017-07-19,27.189081,27.132803
ARKK,2017-07-20,27.428953,27.170626
ARKK,2017-07-21,27.631927,27.410501
ARKK,2017-07-24,28.028645,27.548893
ARKK,2017-07-25,27.954838,27.788771
ARKK,2017-07-26,27.945614,27.848739
ARKK,2017-07-27,27.521214,27.161399
ARKK,2017-07-28,27.650377,27.290563
ARKK,2017-07-31,27.329313,27.253661
ARKK,2017-08-01,27.401278,27.225983
ARKK,2017-08-02,27.50461,27.01194
ARKK,2017-08-03,27.710348,27.493536
ARKK,2017-08-04,28.047096,27.844124
ARKK,2017-08-07,28.572981,28.047098
ARKK,2017-08-08,28.52685,28.405988
ARKK,2017-08-09,28.268522,28.084003
ARKK,2017-08-10,27.761089,27.757399
ARKK,2017-08-11,28.370008,27.678057
ARKK,2017-08-14,29.29261,28.840535
ARKK,2017-08-15,28.858988,28.66524
ARKK,2017-08-16,29.08964,28.849763
ARKK,2017-08-17,28.572981,28.551762
ARKK,2017-08-18,28.370008,28.315575
ARKK,2017-08-21,28.370008,28.111679
ARKK,2017-08-22,28.895889,28.48072
ARKK,2017-08-23,29.052734,28.73905
ARKK,2017-08-24,29.283384,29.012139
ARKK,2017-08-25,29.206806,29.18651
ARKK,2017-08-28,29.809267,29.526025
ARKK,2017-08-29,30.261339,29.569388
ARKK,2017-08-30,30.833355,30.335153
ARKK,2017-08-31,31.499472,31.257753
ARKK,2017-09-01,31.036325,30.759546
ARKK,2017-09-05,30.842581,30.399732
ARKK,2017-09-06,31.036325,30.713416
ARKK,2017-09-07,31.137815,31.045557
ARKK,2017-09-08,30.694965,30.593479
ARKK,2017-09-11,31.110138,30.724487
ARKK,2017-09-12,31.248528,31.008653
ARKK,2017-09-13,31.110138,30.916389
ARKK,2017-09-14,30.953295,30.722644
ARKK,2017-09-15,31.322334,30.861955
ARKK,2017-09-18,31.7006,31.497626
ARKK,2017-09-19,31.562212,31.433048
ARKK,2017-09-20,31.645247,31.377691
ARKK,2017-09-21,31.340786,31.276204
ARKK,2017-09-22,31.276203,31.23007
ARKK,2017-09-25,30.796452,30.770619
ARKK,2017-09-26,30.676514,30.667289
ARKK,2017-09-27,31.211628,30.85181
ARKK,2017-09-28,31.479176,31.138736
ARKK,2017-09-29,31.634178,31.460729
ARKK,2017-10-02,31.802088,31.576048
ARKK,2017-10-03,32.106548,31.645247
ARKK,2017-10-04,31.977385,31.959854
ARKK,2017-10-05,32.401779,31.995836
ARKK,2017-10-06,32.309517,32.189578
ARKK,2017-10-09,32.242168,32.198809
ARKK,2017-10-10,32.097324,31.866674
ARKK,2017-10-11,32.115772,32.005057
ARKK,2017-10-12,32.217255,32.097319
ARKK,2017-10-13,32.092709,31.968159
ARKK,2017-10-16,32.005058,31.9128
ARKK,2017-10-17,32.041962,31.881429
ARKK,2017-10-18,32.005058,31.829765
ARKK,2017-10-19,31.7006,31.489324
ARKK,2017-10-20,32.143452,31.943248
ARKK,2017-10-23,31.848217,31.775333
ARKK,2017-10-24,31.7006,31.617565
ARKK,2017-10-25,31.11936,30.971744
ARKK,2017-10-26,31.562212,31.285432
ARKK,2017-10-27,32.152672,31.682146
ARKK,2017-10-30,32.327969,32.097318
ARKK,2017-10-31,32.761593,32.337197
ARKK,2017-11-01,32.254162,32.226485
ARKK,2017-11-02,32.134228,31.931254
ARKK,2017-11-03,32.567844,32.134224
ARKK,2017-11-06,32.512489,32.309516
ARKK,2017-11-07,32.189575,32.134221
ARKK,2017-11-08,32.226482,31.93125
ARKK,2017-11-09,31.977385,31.552989
ARKK,2017-11-10,32.01429,31.633253
ARKK,2017-11-13,32.152672,31.81131
ARKK,2017-11-14,31.838991,31.608341
ARKK,2017-11-15,31.922024,31.350012
ARKK,2017-11-16,32.567844,32.161901
ARKK,2017-11-17,32.733921,32.586305
ARKK,2017-11-20,33.066051,32.844625
ARKK,2017-11-21,33.619617,33.287484
ARKK,2017-11-22,33.914848,33.619616
ARKK,2017-11-24,34.080914,33.948984
ARKK,2017-11-27,34.376144,34.145494
ARKK,2017-11-28,34.75441,34.449953
ARKK,2017-11-29,34.117817,33.684193
ARKK,2017-11-30,34.320789,33.85026
ARKK,2017-12-01,34.50531,33.674967
ARKK,2017-12-04,33.896397,33.786604
ARKK,2017-12-05,33.536579,33.527355
ARKK,2017-12-06,33.69342,33.269024
ARKK,2017-12-07,34.191631,33.815209
ARKK,2017-12-08,33.896397,33.868716
ARKK,2017-12-11,34.127041,34.025554
ARKK,2017-12-12,34.634476,34.183321
ARKK,2017-12-13,34.689827,34.252515
ARKK,2017-12-14,34.662151,34.565279
ARKK,2017-12-15,35.474037,34.796846
ARKK,2017-12-18,36.848721,36.055286
ARKK,2017-12-19,36.064507,35.682548
ARKK,2017-12-20,35.363335,35.058874
ARKK,2017-12-21,34.828224,34.735965
ARKK,2017-12-22,34.828224,33.805058
ARKK,2017-12-26,35.298748,34.948162
ARKK,2017-12-27,35.091286,34.820274
ARKK,2017-12-28,34.988483,34.829616
ARKK,2017-12-29,34.652061,34.642714
ARKK,2018-01-02,36.053844,34.808127
ARKK,2018-01-03,36.203365,36.194018
ARKK,2018-01-04,36.324856,35.960393
ARKK,2018-01-05,36.913605,36.51176
ARKK,2018-01-08,36.661282,35.810867
ARKK,2018-01-09,36.736042,36.455683
ARKK,2018-01-10,36.829494,36.11926
ARKK,2018-01-11,36.922943,36.759403
ARKK,2018-01-12,37.109848,37.00705
ARKK,2018-01-16,36.27813,36.035156
ARKK,2018-01-17,37.128544,36.755671
ARKK,2018-01-18,37.259373,36.863136
ARKK,2018-01-19,37.324795,37.100512
ARKK,2018-01-22,38.36211,37.614494
ARKK,2018-01-23,38.848064,38.362113
ARKK,2018-01-24,38.614429,38.249967
ARKK,2018-01-25,38.586395,38.334074
ARKK,2018-01-26,39.296635,38.595743
ARKK,2018-01-29,39.5583,39.072348
ARKK,2018-01-30,38.876095,38.549014
ARKK,2018-01-31,38.539673,38.250904
ARKK,2018-02-01,38.081757,37.56777
ARKK,2018-02-02,37.193958,37.081817
ARKK,2018-02-05,35.876282,35.60527
ARKK,2018-02-06,36.717354,33.979205
ARKK,2018-02-07,37.231342,36.679974
ARKK,2018-02-08,35.605274,35.605274
ARKK,2018-02-09,35.857594,34.156764
ARKK,2018-02-12,36.27813,35.522103
ARKK,2018-02-13,36.700531,36.007115
ARKK,2018-02-14,37.642529,36.483724
ARKK,2018-02-15,38.39949,37.661217
ARKK,2018-02-16,38.37146,38.23128
ARKK,2018-02-20,38.33408,37.848128
ARKK,2018-02-21,38.380806,38.344358
ARKK,2018-02-22,38.306038,38.176139
ARKK,2018-02-23,38.791992,38.213524
ARKK,2018-02-26,39.586338,38.950863
ARKK,2018-02-27,38.960205,38.942452
ARKK,2018-02-28,38.231277,38.231277
ARKK,2018-03-01,38.100449,37.559362
ARKK,2018-03-02,38.978893,37.296755
ARKK,2018-03-05,39.773243,38.734055
ARKK,2018-03-06,40.147049,39.732121
ARKK,2018-03-07,40.754486,39.819965
ARKK,2018-03-08,41.11895,40.754487
ARKK,2018-03-09,41.950672,41.305854
ARKK,2018-03-12,42.034782,41.866568
ARKK,2018-03-13,41.53014,41.323614
ARKK,2018-03-14,41.24044,40.932047
ARKK,2018-03-15,40.773178,40.604964
ARKK,2018-03-16,40.576927,40.55824
ARKK,2018-03-19,39.810619,39.352706
ARKK,2018-03-20,39.88538,39.679784
ARKK,2018-03-21,39.876041,39.68914
ARKK,2018-03-22,38.745262,38.745262
ARKK,2018-03-23,37.988304,37.914475
ARKK,2018-03-26,38.791992,37.735985
ARKK,2018-03-27,36.810802,36.633245
ARKK,2018-03-28,35.876282,35.446403
ARKK,2018-03-29,36.511757,35.642652
ARKK,2018-04-02,35.334259,34.951105
ARKK,2018-04-03,35.838902,35.156701
ARKK,2018-04-04,36.698662,34.764202
ARKK,2018-04-05,36.941639,36.487461
ARKK,2018-04-06,35.923008,35.661343
ARKK,2018-04-09,36.147297,36.147297
ARKK,2018-04-10,37.306099,36.651937
ARKK,2018-04-11,37.46497,37.007053
ARKK,2018-04-12,37.866814,37.661218
ARKK,2018-04-13,37.605152,37.306102
ARKK,2018-04-16,37.586456,37.402353
ARKK,2018-04-17,38.670502,37.829431
ARKK,2018-04-18,38.932167,38.670502
ARKK,2018-04-19,38.530327,38.315387
ARKK,2018-04-20,38.193897,38.006992
ARKK,2018-04-23,37.567768,37.185548
ARKK,2018-04-24,37.035095,36.595869
ARKK,2018-04-25,36.315506,35.923005
ARKK,2018-04-26,36.950985,36.296819
ARKK,2018-04-27,36.80146,36.380925
ARKK,2018-04-30,36.530449,36.411766
ARKK,2018-05-01,36.979023,36.399621
ARKK,2018-05-02,36.960323,36.57717
ARKK,2018-05-03,36.717354,36.044497
ARKK,2018-05-04,37.296761,36.371583
ARKK,2018-05-07,38.268658,37.558419
ARKK,2018-05-08,38.586395,38.035027
ARKK,2018-05-09,39.567646,38.651815
ARKK,2018-05-10,39.876041,39.717174
ARKK,2018-05-11,40.069481,39.651751
ARKK,2018-05-14,40.137703,39.989114
ARKK,2018-05-15,39.932106,39.548952
ARKK,2018-05-16,40.249844,39.773239
ARKK,2018-05-17,40.30592,39.99846
ARKK,2018-05-18,39.829311,39.782586
ARKK,2018-05-21,39.941448,39.698471
ARKK,2018-05-22,40.062943,39.904076
ARKK,2018-05-23,40.502167,39.717168
ARKK,2018-05-24,40.41806,40.175086
ARKK,2018-05-25,40.36198,40.26853
ARKK,2018-05-29,40.249844,39.805013
ARKK,2018-05-30,40.810555,40.361985
ARKK,2018-05-31,40.632999,40.296571
ARKK,2018-06-01,40.904007,40.717102
ARKK,2018-06-04,41.595551,40.857281
ARKK,2018-06-05,42.137573,41.726385
ARKK,2018-06-06,42.866505,42.296446
ARKK,2018-06-07,42.455315,42.137577
ARKK,2018-06-08,42.707642,42.153468
ARKK,2018-06-11,42.782394,42.53942
ARKK,2018-06-12,43.146858,43.034717
ARKK,2018-06-13,43.361801,43.146858
ARKK,2018-06-14,44.174835,43.525343
ARKK,2018-06-15,44.184181,43.688886
ARKK,2018-06-18,44.716854,43.782333
ARKK,2018-06-19,44.315014,43.268351
ARKK,2018-06-20,45.202812,44.679482
ARKK,2018-06-21,44.128109,43.978586
ARKK,2018-06-22,43.558056,43.427223
ARKK,2018-06-25,42.324486,42.053474
ARKK,2018-06-26,42.773052,42.09646
ARKK,2018-06-27,41.539486,41.539486
ARKK,2018-06-28,42.025436,41.165675
ARKK,2018-06-29,42.034782,42.025439
ARKK,2018-07-02,42.614182,41.651625
ARKK,2018-07-03,42.193649,42.184302
ARKK,2018-07-05,42.773052,42.05347
ARKK,2018-07-06,43.642159,42.69829
ARKK,2018-07-09,44.081383,43.492637
ARKK,2018-07-10,43.885132,43.642158
ARKK,2018-07-11,43.847755,43.034723
ARKK,2018-07-12,44.623409,44.03466
ARKK,2018-07-13,44.614067,44.160823
ARKK,2018-07-16,43.86644,43.744955
ARKK,2018-07-17,44.343048,43.300121
ARKK,2018-07-18,44.212215,43.724392
ARKK,2018-07-19,44.417809,43.84775
ARKK,2018-07-20,44.174835,44.174835
ARKK,2018-07-23,44.025314,43.558054
ARKK,2018-07-24,42.875851,42.586148
ARKK,2018-07-25,43.791679,42.847811
ARKK,2018-07-26,43.455254,43.109482
ARKK,2018-07-27,41.791805,41.455377
ARKK,2018-07-30,40.745136,40.661029
ARKK,2018-07-31,41.632935,40.728319
ARKK,2018-08-01,41.801151,41.446032
ARKK,2018-08-02,42.866505,41.7077
ARKK,2018-08-03,42.492699,42.473074
ARKK,2018-08-06,42.931919,42.436624
ARKK,2018-08-07,43.548702,42.893602
ARKK,2018-08-08,43.595436,43.473947
ARKK,2018-08-09,43.754303,43.417875
ARKK,2018-08-10,43.857101,42.623533
ARKK,2018-08-13,43.558056,43.399185
ARKK,2018-08-14,43.810375,43.455256
ARKK,2018-08-15,42.913227,42.502039
ARKK,2018-08-16,43.361801,43.090789
ARKK,2018-08-17,42.829128,42.408593
ARKK,2018-08-20,43.343113,42.474942
ARKK,2018-08-21,44.268284,43.389835
ARKK,2018-08-22,44.305672,44.054284
ARKK,2018-08-23,44.240253,44.049612
ARKK,2018-08-24,44.913109,44.445848
ARKK,2018-08-27,45.679417,44.978525
ARKK,2018-08-28,45.782211,45.460734
ARKK,2018-08-29,46.380306,45.63269
ARKK,2018-08-30,46.352272,45.950427
ARKK,2018-08-31,46.445724,46.230785
ARKK,2018-09-04,45.950428,45.511205
ARKK,2018-09-05,44.847694,44.436503
ARKK,2018-09-06,43.959896,43.810373
ARKK,2018-09-07,43.670189,43.156203
ARKK,2018-09-10,43.791679,43.3618
ARKK,2018-09-11,44.324364,43.361808
ARKK,2018-09-12,44.464542,43.651506
ARKK,2018-09-13,44.800964,44.5664
ARKK,2018-09-14,45.081326,44.698172
ARKK,2018-09-17,44.184181,44.156147
ARKK,2018-09-18,44.987869,44.249596
ARKK,2018-09-19,44.959835,44.613125
ARKK,2018-09-20,45.165428,44.791618
ARKK,2018-09-21,44.072037,44.044002
ARKK,2018-09-24,44.230911,43.521607
ARKK,2018-09-25,44.642097,44.268287
ARKK,2018-09-26,44.679478,44.614061
ARKK,2018-09-27,45.053291,44.829008
ARKK,2018-09-28,44.240253,44.128112
ARKK,2018-10-01,44.305672,44.156148
ARKK,2018-10-02,43.16555,42.941267
ARKK,2018-10-03,43.249653,42.950606
ARKK,2018-10-04,41.8946,41.539481
ARKK,2018-10-05,41.100258,40.343294
ARKK,2018-10-08,40.333954,39.763895
ARKK,2018-10-09,40.520855,40.221808
ARKK,2018-10-10,38.408836,38.371458
ARKK,2018-10-11,38.03503,37.689258
ARKK,2018-10-12,39.2686,38.418186
ARKK,2018-10-15,38.913479,38.362111
ARKK,2018-10-16,40.773178,39.203182
ARKK,2018-10-17,40.530201,39.904073
ARKK,2018-10-18,39.343357,39.063001
ARKK,2018-10-19,38.614429,38.520045
ARKK,2018-10-22,38.726578,38.156523
ARKK,2018-10-23,39.02562,37.558421
ARKK,2018-10-24,36.810802,36.810802
ARKK,2018-10-25,38.530327,37.707947
ARKK,2018-10-26,38.221939,37.250036
ARKK,2018-10-29,37.838783,37.147236
ARKK,2018-10-30,38.801338,37.46684
ARKK,2018-10-31,39.791931,39.511572
ARKK,2018-11-01,41.791805,40.305916
ARKK,2018-11-02,42.502041,41.955347
ARKK,2018-11-05,41.885258,41.231092
ARKK,2018-11-06,41.8946,41.586206
ARKK,2018-11-07,42.950607,42.053468
ARKK,2018-11-08,42.27776,41.988057
ARKK,2018-11-09,41.470329,41.034843
ARKK,2018-11-12,39.96014,39.548952
ARKK,2018-11-13,40.287228,39.876036
ARKK,2018-11-14,39.801273,39.614368
ARKK,2018-11-15,40.969425,39.52372
ARKK,2018-11-16,40.810555,40.090976
ARKK,2018-11-19,38.85741,38.735922
ARKK,2018-11-20,38.147171,37.278066
ARKK,2018-11-21,39.006935,38.511636
ARKK,2018-11-23,38.978893,38.549014
ARKK,2018-11-26,40.137703,39.511572
ARKK,2018-11-27,39.745201,39.5583
ARKK,2018-11-28,41.287159,39.702211
ARKK,2018-11-29,41.165676,40.548892
ARKK,2018-11-30,41.539486,40.763831
ARKK,2018-12-03,42.548771,42.090857
ARKK,2018-12-04,40.436752,40.38068
ARKK,2018-12-06,40.689072,39.277942
ARKK,2018-12-07,39.343357,39.175143
ARKK,2018-12-10,39.754551,38.745266
ARKK,2018-12-11,39.67979,39.334018
ARKK,2018-12-12,40.474133,40.156395
ARKK,2018-12-13,39.848,39.679785
ARKK,2018-12-14,39.034966,38.82937
ARKK,2018-12-17,37.306099,37.081816
ARKK,2018-12-18,37.278065,36.913602
ARKK,2018-12-19,36.708012,36.184682
ARKK,2018-12-20,35.343609,34.736168
ARKK,2018-12-21,33.502594,33.33438
ARKK,2018-12-24,33.025993,32.614805
ARKK,2018-12-26,35.063251,32.986744
ARKK,2018-12-27,35.10955,33.518045
ARKK,2018-12-28,35.466431,34.762311
ARKK,2018-12-31,35.871544,35.341043
ARKK,2019-01-02,36.093384,34.945573
ARKK,2019-01-03,34.90699,34.636918
ARKK,2019-01-04,37.067585,35.553245
ARKK,2019-01-07,38.678379,37.029003
ARKK,2019-01-08,38.794121,37.914451
ARKK,2019-01-09,40.009453,38.880933
ARKK,2019-01-10,40.212002,39.066119
ARKK,2019-01-11,40.298817,39.700798
ARKK,2019-01-14,39.575401,39.450013
ARKK,2019-01-15,40.78109,39.951578
ARKK,2019-01-16,40.810028,40.732862
ARKK,2019-01-17,41.128326,40.578534
ARKK,2019-01-18,41.282654,40.896837
ARKK,2019-01-22,39.652573,39.438443
ARKK,2019-01-23,39.257103,38.900221
ARKK,2019-01-24,40.105907,39.324622
ARKK,2019-01-25,41.06081,40.231298
ARKK,2019-01-28,40.202362,39.700797
ARKK,2019-01-29,39.787601,39.671857
ARKK,2019-01-30,40.771446,39.806898
ARKK,2019-01-31,41.523796,40.612298
ARKK,2019-02-01,41.581665,41.215136
ARKK,2019-02-04,42.247204,41.34053
ARKK,2019-02-05,42.362949,42.102525
ARKK,2019-02-06,42.401531,42.005103
ARKK,2019-02-07,40.983646,40.631585
ARKK,2019-02-08,41.465919,40.636408
ARKK,2019-02-11,41.880676,41.606748
ARKK,2019-02-12,42.681252,42.035006
ARKK,2019-02-13,42.960972,42.739126
ARKK,2019-02-14,43.076714,42.613731
ARKK,2019-02-15,43.587929,43.307245
ARKK,2019-02-19,43.616863,43.404662
ARKK,2019-02-20,43.973743,43.681484
ARKK,2019-02-21,43.115299,42.912745
ARKK,2019-02-22,44.147366,43.423955
ARKK,2019-02-25,44.745384,44.511963
ARKK,2019-02-26,44.407795,44.340277
ARKK,2019-02-27,45.063686,44.166656
ARKK,2019-02-28,44.909359,44.415509
ARKK,2019-03-01,45.140846,44.745382
ARKK,2019-03-04,44.591053,43.886933
ARKK,2019-03-05,44.716446,44.031618
ARKK,2019-03-06,43.751904,43.655447
ARKK,2019-03-07,42.989906,42.704399
ARKK,2019-03-08,43.269627,41.842096
ARKK,2019-03-11,44.774323,43.404666
ARKK,2019-03-12,44.899715,44.403938
ARKK,2019-03-13,45.275879,44.899706
ARKK,2019-03-14,44.986519,44.880418
ARKK,2019-03-15,45.324112,44.947935
ARKK,2019-03-18,45.189075,44.745384
ARKK,2019-03-19,45.314468,45.001954
ARKK,2019-03-20,45.430214,44.851487
ARKK,2019-03-21,46.365822,45.102263
ARKK,2019-03-22,44.417435,44.407791
ARKK,2019-03-25,44.320984,43.607217
ARKK,2019-03-26,44.513893,44.176299
ARKK,2019-03-27,44.03162,43.329428
ARKK,2019-03-28,44.504246,43.869572
ARKK,2019-03-29,45.07333,44.571764
ARKK,2019-04-01,45.748516,45.406102
ARKK,2019-04-02,46.115044,45.54596
ARKK,2019-04-03,47.050648,46.394755
ARKK,2019-04-04,46.423698,45.825676
ARKK,2019-04-05,47.176048,46.476752
ARKK,2019-04-08,47.079594,46.751647
ARKK,2019-04-09,46.587669,46.510507
ARKK,2019-04-10,47.243565,46.539445
ARKK,2019-04-11,46.635899,46.500862
ARKK,2019-04-12,46.741997,46.635896
ARKK,2019-04-15,46.250084,45.777454
ARKK,2019-04-16,46.568378,46.39476
ARKK,2019-04-17,45.381985,45.198722
ARKK,2019-04-18,45.420567,44.767566
ARKK,2019-04-22,45.574894,45.183289
ARKK,2019-04-23,46.713058,45.731147
ARKK,2019-04-24,46.307949,46.279014
ARKK,2019-04-25,45.893196,45.545958
ARKK,2019-04-26,45.999298,45.410927
ARKK,2019-04-29,46.095749,46.008939
ARKK,2019-04-30,45.545959,45.295175
ARKK,2019-05-01,45.121555,45.121555
ARKK,2019-05-02,45.343399,44.504243
ARKK,2019-05-03,46.67448,45.549817
ARKK,2019-05-06,47.089237,45.212227
ARKK,2019-05-07,45.623123,45.237306
ARKK,2019-05-08,44.783966,44.427084
ARKK,2019-05-09,44.398144,43.317851
ARKK,2019-05-10,44.600704,43.462537
ARKK,2019-05-13,42.141102,42.083231
ARKK,2019-05-14,42.951321,42.357162
ARKK,2019-05-15,43.472179,42.440113
ARKK,2019-05-16,43.674732,43.501113
ARKK,2019-05-17,42.401531,42.314722
ARKK,2019-05-20,41.408047,41.337633
ARKK,2019-05-21,42.343658,41.697409
ARKK,2019-05-22,41.697414,41.667515
ARKK,2019-05-23,40.549606,40.192721
ARKK,2019-05-24,40.646053,40.432888
ARKK,2019-05-28,40.404919,40.356692
ARKK,2019-05-29,40.048035,39.720088
ARKK,2019-05-30,40.327751,39.999805
ARKK,2019-05-31,39.286041,39.232991
ARKK,2019-06-03,38.716957,38.466176
ARKK,2019-06-04,40.318108,39.083487
ARKK,2019-06-05,40.617119,40.164744
ARKK,2019-06-06,40.63641,40.337399
ARKK,2019-06-07,41.678116,40.973996
ARKK,2019-06-10,42.073582,41.99642
ARKK,2019-06-11,41.764927,41.350171
ARKK,2019-06-12,41.620247,41.282653
ARKK,2019-06-13,42.131462,41.610605
ARKK,2019-06-14,41.543087,41.446634
ARKK,2019-06-17,42.835579,41.624106
ARKK,2019-06-18,43.510761,43.259977
ARKK,2019-06-19,43.665089,43.232005
ARKK,2019-06-20,43.722965,43.433598
ARKK,2019-06-21,43.82906,42.951321
ARKK,2019-06-24,43.20211,43.173171
ARKK,2019-06-25,42.883804,42.729477
ARKK,2019-06-26,43.105652,42.960972
ARKK,2019-06-27,44.195591,43.24069
ARKK,2019-06-28,46.279015,44.195591
ARKK,2019-07-01,46.221142,46.124688
ARKK,2019-07-02,45.758156,45.441785
ARKK,2019-07-03,46.356178,45.94721
ARKK,2019-07-05,46.105396,45.610583
ARKK,2019-07-08,45.671345,45.430208
ARKK,2019-07-09,46.539448,45.410928
ARKK,2019-07-10,46.857746,46.603105
ARKK,2019-07-11,46.886681,46.453597
ARKK,2019-07-12,46.741997,46.385115
ARKK,2019-07-15,46.94455,46.471923
ARKK,2019-07-16,46.65519,46.347498
ARKK,2019-07-17,46.877033,46.471925
ARKK,2019-07-18,47.098881,46.635894
ARKK,2019-07-19,46.578026,46.568378
ARKK,2019-07-22,47.012074,46.684127
ARKK,2019-07-23,47.166397,46.770933
ARKK,2019-07-24,48.150238,47.002427
ARKK,2019-07-25,46.549084,46.507609
ARKK,2019-07-26,47.600449,46.684131
ARKK,2019-07-29,47.388248,46.533657
ARKK,2019-07-30,47.851231,46.770938
ARKK,2019-07-31,46.741997,46.115043
ARKK,2019-08-01,46.028233,45.295174
ARKK,2019-08-02,44.484951,44.089487
ARKK,2019-08-05,42.59444,42.025357
ARKK,2019-08-06,42.980263,42.218269
ARKK,2019-08-07,43.530052,42.440112
ARKK,2019-08-08,44.263111,43.404664
ARKK,2019-08-09,43.665089,43.279268
ARKK,2019-08-12,42.762272,42.642667
ARKK,2019-08-13,43.626511,42.440117
ARKK,2019-08-14,42.09288,41.793873
ARKK,2019-08-15,42.015717,41.600961
ARKK,2019-08-16,43.105652,42.507633
ARKK,2019-08-19,43.935162,43.501114
ARKK,2019-08-20,43.655441,43.501114
ARKK,2019-08-21,44.041264,43.724893
ARKK,2019-08-22,43.39502,43.096008
ARKK,2019-08-23,41.967487,41.822807
ARKK,2019-08-26,42.23756,41.803513
ARKK,2019-08-27,41.591316,41.282661
ARKK,2019-08-28,41.842098,41.137979
ARKK,2019-08-29,42.613731,42.239486
ARKK,2019-08-30,42.748772,42.37067
ARKK,2019-09-03,41.735996,41.552733
ARKK,2019-09-04,41.803513,41.586491
ARKK,2019-09-05,42.478699,41.919259
ARKK,2019-09-06,42.38224,42.227913
ARKK,2019-09-09,42.256851,41.977131
ARKK,2019-09-10,42.777706,41.791939
ARKK,2019-09-11,43.925518,42.883804
ARKK,2019-09-12,43.886936,43.662195
ARKK,2019-09-13,43.645802,43.597575
ARKK,2019-09-16,43.790485,43.211754
ARKK,2019-09-17,43.886936,43.548378
ARKK,2019-09-18,43.443245,42.893453
ARKK,2019-09-19,43.259975,43.18667
ARKK,2019-09-20,43.153881,42.681251
ARKK,2019-09-23,42.960972,42.874162
ARKK,2019-09-24,41.514145,41.128324
ARKK,2019-09-25,41.610607,40.824502
ARKK,2019-09-26,41.543087,41.041522
ARKK,2019-09-27,41.128326,40.781089
ARKK,2019-09-30,41.369461,40.896835
ARKK,2019-10-01,40.414566,40.375983
ARKK,2019-10-02,39.806896,39.372849
ARKK,2019-10-03,40.057678,38.697666
ARKK,2019-10-04,40.482086,39.831013
ARKK,2019-10-07,40.539951,40.208149
ARKK,2019-10-08,39.179943,39.170299
ARKK,2019-10-09,39.729733,39.383462
ARKK,2019-10-10,39.816544,39.559975
ARKK,2019-10-11,40.443501,40.414565
ARKK,2019-10-14,40.761803,40.254453
ARKK,2019-10-15,41.620247,40.935415
ARKK,2019-10-16,41.282654,41.180413
ARKK,2019-10-17,41.360786,41.253722
ARKK,2019-10-18,40.443501,40.038388
ARKK,2019-10-21,40.906487,40.453148
ARKK,2019-10-22,40.443501,40.395274
ARKK,2019-10-23,40.279522,40.183069
ARKK,2019-10-24,41.137978,40.694283
ARKK,2019-10-25,41.977131,40.701032
ARKK,2019-10-28,43.057423,42.189332
ARKK,2019-10-29,42.748772,42.61084
ARKK,2019-10-30,42.797001,42.391892
ARKK,2019-10-31,42.661961,42.286751
ARKK,2019-11-01,43.626511,42.829794
ARKK,2019-11-04,43.867641,43.606249
ARKK,2019-11-05,43.78083,43.751895
ARKK,2019-11-06,43.616863,43.45964
ARKK,2019-11-07,43.60722,43.525234
ARKK,2019-11-08,44.224529,43.460607
ARKK,2019-11-11,44.677864,43.886935
ARKK,2019-11-12,44.99617,44.658576
ARKK,2019-11-13,44.726093,44.524503
ARKK,2019-11-14,44.909359,44.668222
ARKK,2019-11-15,45.719578,45.204509
ARKK,2019-11-18,45.719578,45.343401
ARKK,2019-11-19,46.732349,46.018582
ARKK,2019-11-20,46.713058,46.056202
ARKK,2019-11-21,46.442989,46.298306
ARKK,2019-11-22,46.703419,46.29831
ARKK,2019-11-25,47.909103,47.021721
ARKK,2019-11-26,48.227402,47.938038
ARKK,2019-11-27,48.449253,48.188825
ARKK,2019-11-29,48.642162,48.23705
ARKK,2019-12-02,47.224274,46.992784
ARKK,2019-12-03,47.349663,46.423698
ARKK,2019-12-04,47.446117,47.350628
ARKK,2019-12-05,47.224274,46.915619
ARKK,2019-12-06,47.706547,47.571511
ARKK,2019-12-09,47.311081,47.272498
ARKK,2019-12-10,47.513638,47.224274
ARKK,2019-12-11,47.233917,47.156752
ARKK,2019-12-12,47.648674,47.098882
ARKK,2019-12-13,47.359306,47.233918
ARKK,2019-12-16,48.449253,47.79336
ARKK,2019-12-17,48.40102,47.938037
ARKK,2019-12-18,48.74826,48.516767
ARKK,2019-12-19,49.066563,48.766587
ARKK,2019-12-20,49.153366,49.055949
ARKK,2019-12-23,49.761036,49.107071
ARKK,2019-12-24,49.982876,49.577767
ARKK,2019-12-26,49.93465,49.838193
ARKK,2019-12-27,49.509647,49.374111
ARKK,2019-12-30,48.154285,47.999386
ARKK,2019-12-31,48.454395,47.776711
ARKK,2020-01-02,48.890053,48.309182
ARKK,2020-01-03,48.531845,48.154279
ARKK,2020-01-06,48.909416,47.854165
ARKK,2020-01-07,49.509647,48.919094
ARKK,2020-01-08,50.622986,49.47673
ARKK,2020-01-09,50.681068,50.362558
ARKK,2020-01-10,50.31319,50.206697
ARKK,2020-01-13,51.349075,50.632665
ARKK,2020-01-14,51.562061,50.879539
ARKK,2020-01-15,51.726643,51.45557
ARKK,2020-01-16,52.288151,51.620149
ARKK,2020-01-17,51.958988,51.798284
ARKK,2020-01-21,51.881542,51.726643
ARKK,2020-01-22,52.123569,52.038374
ARKK,2020-01-23,52.084846,51.378119
ARKK,2020-01-24,51.11673,50.739164
ARKK,2020-01-27,50.197014,49.374113
ARKK,2020-01-28,51.136093,50.477771
ARKK,2020-01-29,51.165131,51.000552
ARKK,2020-01-30,51.261948,50.729482
ARKK,2020-01-31,50.148605,49.780719
ARKK,2020-02-03,52.239746,50.487452
ARKK,2020-02-04,54.524506,53.42085
ARKK,2020-02-05,53.750015,53.393747
ARKK,2020-02-06,54.379288,53.469256
ARKK,2020-02-07,54.059811,53.982359
ARKK,2020-02-10,55.07634,54.427701
ARKK,2020-02-11,55.947647,55.2506
ARKK,2020-02-12,56.470432,55.958294
ARKK,2020-02-13,56.886719,55.960231
ARKK,2020-02-14,56.818951,56.702777
ARKK,2020-02-18,57.273972,56.635013
ARKK,2020-02-19,58.445393,57.777391
ARKK,2020-02-20,57.980698,56.945777
ARKK,2020-02-21,56.741505,56.349417
ARKK,2020-02-24,54.23407,53.246587
ARKK,2020-02-25,52.375278,52.046118
ARKK,2020-02-26,51.833134,51.378116
ARKK,2020-02-27,50.061478,49.112721
ARKK,2020-02-28,51.155453,48.018743
ARKK,2020-03-02,52.355923,50.477768
ARKK,2020-03-03,51.300671,50.226057
ARKK,2020-03-04,53.043285,51.197079
ARKK,2020-03-05,51.804092,51.272595
ARKK,2020-03-06,50.448727,49.461244
ARKK,2020-03-09,46.256763,45.408691
ARKK,2020-03-10,48.454395,45.985691
ARKK,2020-03-11,45.443542,44.911077
ARKK,2020-03-12,39.721958,39.721958
ARKK,2020-03-13,41.532345,37.849616
ARKK,2020-03-16,35.0653,35.0653
ARKK,2020-03-17,37.011219,33.625706
ARKK,2020-03-18,33.584076,31.947955
ARKK,2020-03-19,36.60461,32.982873
ARKK,2020-03-20,36.643333,36.604611
ARKK,2020-03-23,37.127396,35.462232
ARKK,2020-03-24,40.806252,39.121721
ARKK,2020-03-25,42.39397,40.699761
ARKK,2020-03-26,44.504467,42.848979
ARKK,2020-03-27,42.364922,41.822777
ARKK,2020-03-30,43.178143,41.488774
ARKK,2020-03-31,42.597271,41.851818
ARKK,2020-04-01,38.957146,38.559245
ARKK,2020-04-02,39.199173,38.153602
ARKK,2020-04-03,38.918419,38.531169
ARKK,2020-04-06,42.771534,40.680395
ARKK,2020-04-07,42.810261,42.646646
ARKK,2020-04-08,44.543194,43.064878
ARKK,2020-04-09,45.782387,45.027251
ARKK,2020-04-13,46.324532,44.640973
ARKK,2020-04-14,48.77388,47.796077
ARKK,2020-04-15,47.980022,47.050625
ARKK,2020-04-16,48.986866,47.728311
ARKK,2020-04-17,50.593945,49.66455
ARKK,2020-04-20,51.11673,49.383794
ARKK,2020-04-21,48.996544,48.16396
ARKK,2020-04-22,50.74884,49.664547
ARKK,2020-04-23,50.351913,50.271559
ARKK,2020-04-24,51.368443,50.081809
ARKK,2020-04-27,53.866188,52.041284
ARKK,2020-04-28,52.326878,51.678239
ARKK,2020-04-29,54.824631,52.861284
ARKK,2020-04-30,53.566071,53.3434
ARKK,2020-05-01,50.710117,50.022749
ARKK,2020-05-04,52.578594,49.887218
ARKK,2020-05-05,53.30468,53.014241
ARKK,2020-05-06,53.566071,53.004559
ARKK,2020-05-07,54.795578,53.866184
ARKK,2020-05-08,56.441383,54.698768
ARKK,2020-05-11,57.77739,55.559427
ARKK,2020-05-12,56.305851,56.305851
ARKK,2020-05-13,54.534195,53.023927
ARKK,2020-05-14,54.456745,52.578594
ARKK,2020-05-15,56.238079,53.747105
ARKK,2020-05-18,57.971016,57.719303
ARKK,2020-05-19,57.91293,57.777393
ARKK,2020-05-20,59.849167,58.048463
ARKK,2020-05-21,60.004066,58.580929
ARKK,2020-05-22,60.759201,59.539372
ARKK,2020-05-26,60.894741,60.778564
ARKK,2020-05-27,60.517166,57.748347
ARKK,2020-05-28,59.781399,59.529689
ARKK,2020-05-29,60.817291,59.326386
ARKK,2020-06-01,62.734169,60.923782
ARKK,2020-06-02,63.508659,61.969352
ARKK,2020-06-03,63.770054,63.56675
ARKK,2020-06-04,61.911263,61.436882
ARKK,2020-06-05,62.201698,61.969352
ARKK,2020-06-08,63.285995,62.463088
ARKK,2020-06-09,63.518345,62.36628
ARKK,2020-06-10,64.389648,63.547382
ARKK,2020-06-11,59.60714,59.539371
ARKK,2020-06-12,60.430038,58.678711
ARKK,2020-06-15,62.579269,58.803604
ARKK,2020-06-16,64.563919,62.385649
ARKK,2020-06-17,64.379974,64.108902
ARKK,2020-06-18,65.473946,64.094379
ARKK,2020-06-19,65.861198,65.440069
ARKK,2020-06-22,69.017265,66.403337
ARKK,2020-06-23,70.091881,69.26898
ARKK,2020-06-24,67.090714,66.432392
ARKK,2020-06-25,68.329895,66.229077
ARKK,2020-06-26,66.771225,66.732499
ARKK,2020-06-29,67.148788,65.570756
ARKK,2020-06-30,69.036613,66.972586
ARKK,2020-07-01,71.156807,69.055989
ARKK,2020-07-02,72.550903,72.207218
ARKK,2020-07-06,75.271317,74.061167
ARKK,2020-07-07,76.326561,75.077693
ARKK,2020-07-08,78.146637,77.101066
ARKK,2020-07-09,78.495155,76.500824
ARKK,2020-07-10,78.311211,77.614163
ARKK,2020-07-13,75.648888,75.513351
ARKK,2020-07-14,76.307213,72.618678
ARKK,2020-07-15,78.349937,76.036132
ARKK,2020-07-16,77.217239,76.397242
ARKK,2020-07-17,78.098221,77.100091
ARKK,2020-07-20,81.351105,78.53388
ARKK,2020-07-21,79.889244,79.647214
ARKK,2020-07-22,79.898933,79.240612
ARKK,2020-07-23,77.90461,77.042984
ARKK,2020-07-24,76.316887,74.932475
ARKK,2020-07-27,79.356789,76.792237
ARKK,2020-07-28,76.820312,76.752544
ARKK,2020-07-29,77.517357,77.323736
ARKK,2020-07-30,77.836838,76.287847
ARKK,2020-07-31,77.807793,76.82999
ARKK,2020-08-03,81.012268,78.611328
ARKK,2020-08-04,81.515686,80.479798
ARKK,2020-08-05,82.880745,81.777089
ARKK,2020-08-06,82.164337,81.692863
ARKK,2020-08-07,79.860207,78.650057
ARKK,2020-08-10,80.80896,80.131272
ARKK,2020-08-11,78.979218,78.790434
ARKK,2020-08-12,81.273659,79.831162
ARKK,2020-08-13,83.025963,81.815813
ARKK,2020-08-14,82.019112,81.667685
ARKK,2020-08-17,84.836342,82.599987
ARKK,2020-08-18,85.756058,84.520736
ARKK,2020-08-19,86.02713,85.373646
ARKK,2020-08-20,86.627365,85.242953
ARKK,2020-08-21,86.966209,86.803566
ARKK,2020-08-24,85.639885,85.078374
ARKK,2020-08-25,86.646721,84.613671
ARKK,2020-08-26,88.48616,86.849068
ARKK,2020-08-27,87.876236,86.646727
ARKK,2020-08-28,89.41555,88.389346
ARKK,2020-08-31,92.290863,89.551082
ARKK,2020-09-01,94.110931,92.381874
ARKK,2020-09-02,93.878586,90.925817
ARKK,2020-09-03,86.946838,86.027128
ARKK,2020-09-04,84.274834,78.737187
ARKK,2020-09-08,80.450752,79.492316
ARKK,2020-09-09,83.819817,81.478904
ARKK,2020-09-10,83.103409,82.290192
ARKK,2020-09-11,82.629028,81.225257
ARKK,2020-09-14,86.249794,83.829494
ARKK,2020-09-15,88.902443,87.518031
ARKK,2020-09-16,88.718498,88.457109
ARKK,2020-09-17,86.453102,85.242952
ARKK,2020-09-18,87.01461,84.913792
ARKK,2020-09-21,87.692299,84.081209
ARKK,2020-09-22,88.786263,86.098761
ARKK,2020-09-23,85.146133,84.565263
ARKK,2020-09-24,85.097733,82.551573
ARKK,2020-09-25,87.856873,85.213902
ARKK,2020-09-28,88.795952,88.060179
ARKK,2020-09-29,89.812477,88.815315
ARKK,2020-09-30,89.067024,88.408702
ARKK,2020-10-01,91.526047,89.95769
ARKK,2020-10-02,89.376823,88.631374
ARKK,2020-10-05,92.833008,90.577287
ARKK,2020-10-06,92.620018,91.855202
ARKK,2020-10-07,96.047165,94.004432
ARKK,2020-10-08,97.363815,96.995932
ARKK,2020-10-09,99.483994,98.089899
ARKK,2020-10-12,99.067711,98.999943
ARKK,2020-10-13,101.48801,98.903128
ARKK,2020-10-14,100.46179,100.2004
ARKK,2020-10-15,99.551765,97.896281
ARKK,2020-10-16,99.483994,99.425901
ARKK,2020-10-19,98.990257,98.612691
ARKK,2020-10-20,97.615524,97.538073
ARKK,2020-10-21,94.827339,94.585309
ARKK,2020-10-22,95.437256,93.767251
ARKK,2020-10-23,96.01812,94.304551
ARKK,2020-10-26,94.101242,92.803965
ARKK,2020-10-27,95.485657,94.522382
ARKK,2020-10-28,91.729362,91.342113
ARKK,2020-10-29,92.929817,91.903613
ARKK,2020-10-30,87.895599,87.082375
ARKK,2020-11-02,87.905289,86.540236
ARKK,2020-11-03,90.190048,88.050497
ARKK,2020-11-04,94.401367,92.184372
ARKK,2020-11-05,97.605835,96.047162
ARKK,2020-11-06,98.825668,96.434411
ARKK,2020-11-09,94.323921,94.275512
ARKK,2020-11-10,91.739037,88.873403
ARKK,2020-11-11,95.582466,92.949179
ARKK,2020-11-12,95.737373,95.185545
ARKK,2020-11-13,96.23111,95.553421
ARKK,2020-11-16,96.366646,95.071304
ARKK,2020-11-17,98.002769,96.463455
ARKK,2020-11-18,97.799461,97.357037
ARKK,2020-11-19,99.968063,98.012457
ARKK,2020-11-20,101.55577,99.884798
ARKK,2020-11-23,103.99543,102.23345
ARKK,2020-11-24,102.75624,102.53358
ARKK,2020-11-25,105.02164,102.54325
ARKK,2020-11-27,108.21643,105.61606
ARKK,2020-11-30,108.78763,105.33144
ARKK,2020-12-01,109.16519,108.56302
ARKK,2020-12-02,108.75858,106.10593
ARKK,2020-12-03,110.63673,109.34913
ARKK,2020-12-04,113.45396,111.10143
ARKK,2020-12-07,116.8327,114.50921
ARKK,2020-12-08,118.2752,116.3196
ARKK,2020-12-09,116.15502,114.97391
ARKK,2020-12-10,121.2086,113.96707
ARKK,2020-12-11,119.92101,117.80082
ARKK,2020-12-14,120.28889,120.24048
ARKK,2020-12-15,120.3373,119.31108
ARKK,2020-12-16,119.99845,118.61598
ARKK,2020-12-17,122.05087,120.81167
ARKK,2020-12-18,123.24166,121.92502
ARKK,2020-12-21,127.15285,122.22512
ARKK,2020-12-22,130.74458,128.44045
ARKK,2020-12-23,130.65746,128.57599
ARKK,2020-12-24,128.78897,128.19842
ARKK,2020-12-28,125.66196,125.58451
ARKK,2020-12-29,122.28227,118.8298
ARKK,2020-12-30,125.01671,123.50195
ARKK,2020-12-31,122.44949,121.93309
ARKK,2021-01-04,122.64621,120.43309
ARKK,2021-01-05,125.66589,122.04621
ARKK,2021-01-06,126.12818,123.78719
ARKK,2021-01-07,136.11183,128.98067
ARKK,2021-01-08,140.14462,137.00691
ARKK,2021-01-11,135.95444,134.55771
ARKK,2021-01-12,138.67905,136.761
ARKK,2021-01-13,139.39706,138.19706
ARKK,2021-01-14,142.89871,140.43969
ARKK,2021-01-15,139.58395,139.35771
ARKK,2021-01-19,143.73479,141.74789
ARKK,2021-01-20,144.69873,144.30529
ARKK,2021-01-21,142.43642,142.17084
ARKK,2021-01-22,143.68561,141.5315
ARKK,2021-01-25,144.26593,140.58723
ARKK,2021-01-26,139.50526,139.39707
ARKK,2021-01-27,136.08232,132.95444
ARKK,2021-01-28,138.0692,135.87575
ARKK,2021-01-29,135.18723,132.8364
ARKK,2021-02-01,140.2823,136.14132
ARKK,2021-02-02,144.48233,142.55445
ARKK,2021-02-03,143.71512,143.03643
ARKK,2021-02-04,145.91841,144.50791
ARKK,2021-02-05,147.01021,145.00364
ARKK,2021-02-08,150.79709,148.96758
ARKK,2021-02-09,152.39053,150.32496
ARKK,2021-02-10,150.59055,147.99382
ARKK,2021-02-11,152.03645,149.88235
ARKK,2021-02-12,154.0135,149.5184
ARKK,2021-02-16,152.57742,152.19382
ARKK,2021-02-17,149.67578,145.04299
ARKK,2021-02-18,146.74463,143.69544
ARKK,2021-02-19,150.10858,148.52497
ARKK,2021-02-22,141.42331,140.902
ARKK,2021-02-23,136.76099,124.73638
ARKK,2021-02-24,136.05281,132.29542
ARKK,2021-02-25,127.3872,126.30621
ARKK,2021-02-26,128.22327,124.00358
ARKK,2021-03-01,134.45935,131.32164
ARKK,2021-03-02,131.32164,130.97739
ARKK,2021-03-03,123.05933,122.40031
ARKK,2021-03-04,116.48882,112.7511
ARKK,2021-03-05,115.15111,104.50846
ARKK,2021-03-08,108.45273,107.44944
ARKK,2021-03-09,119.75439,114.39373
ARKK,2021-03-10,119.20358,118.52488
ARKK,2021-03-11,126.5708,122.47899
ARKK,2021-03-12,124.60359,120.56096
ARKK,2021-03-15,126.76754,123.46261
ARKK,2021-03-16,123.95441,121.94785
ARKK,2021-03-17,125.37081,118.95768
ARKK,2021-03-18,118.10194,117.55112
ARKK,2021-03-19,120.3544,116.26258
ARKK,2021-03-22,122.67572,120.52161
ARKK,2021-03-23,119.70522,119.16423
ARKK,2021-03-24,112.89864,112.67242
ARKK,2021-03-25,112.54454,108.5806
ARKK,2021-03-26,112.10192,107.75437
ARKK,2021-03-29,109.34782,107.93142
ARKK,2021-03-30,112.54454,107.02649
ARKK,2021-03-31,117.9839,113.96094
ARKK,2021-04-01,118.86915,118.59374
ARKK,2021-04-05,119.6462,118.6921
ARKK,2021-04-06,121.80031,119.48883
ARKK,2021-04-07,118.83965,118.63309
ARKK,2021-04-08,122.10522,120.61997
ARKK,2021-04-09,121.23965,119.94129
ARKK,2021-04-12,120.4626,118.25932
ARKK,2021-04-13,125.46916,121.25932
ARKK,2021-04-14,122.82327,122.46917
ARKK,2021-04-15,124.54458,123.26588
ARKK,2021-04-16,122.34129,121.38227
ARKK,2021-04-19,118.46587,116.99046
ARKK,2021-04-20,117.04948,115.30849
ARKK,2021-04-21,119.82325,114.6298
ARKK,2021-04-22,119.41998,118.39702
ARKK,2021-04-23,121.67244,119.53801
ARKK,2021-04-26,125.63638,121.49538
ARKK,2021-04-27,124.17081,123.14785
ARKK,2021-04-28,123.3249,121.84948
ARKK,2021-04-29,119.76424,118.60358
ARKK,2021-04-30,118.79046,117.88554
ARKK,2021-05-03,114.99374,114.79701
ARKK,2021-05-04,111.43307,109.33798
ARKK,2021-05-05,109.72159,108.89535
ARKK,2021-05-06,106.5642,103.94781
ARKK,2021-05-07,107.92159,107.34125
ARKK,2021-05-10,102.27567,102.19698
ARKK,2021-05-11,104.3806,97.269103
ARKK,2021-05-12,100.4855,99.865818
ARKK,2021-05-13,97.849434,95.626475
ARKK,2021-05-14,102.60026,98.921562
ARKK,2021-05-17,101.61665,99.285497
ARKK,2021-05-18,103.0724,100.60353
ARKK,2021-05-19,101.28222,98.390406
ARKK,2021-05-20,104.84288,102.34452
ARKK,2021-05-21,104.10518,103.97731
ARKK,2021-05-24,106.94781,104.16419
ARKK,2021-05-25,107.58715,106.54551
ARKK,2021-05-26,109.60355,107.96093
ARKK,2021-05-27,110.43962,107.47896
ARKK,2021-05-28,110.26257,110.01667
ARKK,2021-06-01,109.42651,108.24716
ARKK,2021-06-02,109.47569,108.45666
ARKK,2021-06-03,105.66912,105.62978
ARKK,2021-06-04,107.71503,106.66257
ARKK,2021-06-07,110.8429,107.14453
ARKK,2021-06-08,111.27568,108.90519
ARKK,2021-06-09,111.00027,110.80356
ARKK,2021-06-10,113.08553,110.29995
ARKK,2021-06-11,114.21669,112.938
ARKK,2021-06-14,116.39046,114.50193
ARKK,2021-06-15,113.20356,112.76094
ARKK,2021-06-16,112.65274,110.04618
ARKK,2021-06-17,116.55767,111.75766
ARKK,2021-06-18,116.95111,115.45602
ARKK,2021-06-21,117.55112,114.61012
ARKK,2021-06-22,119.03636,116.90193
ARKK,2021-06-23,121.50522,119.23308
ARKK,2021-06-24,123.22654,122.47899
ARKK,2021-06-25,123.4331,121.99703
ARKK,2021-06-28,128.0954,126.4272
ARKK,2021-06-29,128.73476,126.8954
ARKK,2021-06-30,128.6364,126.94459
ARKK,2021-07-01,127.04295,125.19376
ARKK,2021-07-02,126.04949,125.79376
ARKK,2021-07-06,125.15441,124.33802
ARKK,2021-07-07,122.22326,121.10195
ARKK,2021-07-08,121.28883,117.43308
ARKK,2021-07-09,123.56097,120.02981
ARKK,2021-07-12,122.69539,121.97736
ARKK,2021-07-13,120.26587,120.19702
ARKK,2021-07-14,116.23308,116.13472
ARKK,2021-07-15,114.4921,112.58291
ARKK,2021-07-16,114.61996,113.55766
ARKK,2021-07-19,115.35767,111.41339
ARKK,2021-07-20,118.78063,114.54127
ARKK,2021-07-21,120.64949,118.01342
ARKK,2021-07-22,119.71505,119.26259
ARKK,2021-07-23,120.42326,118.40685
ARKK,2021-07-26,119.60685,118.9675
ARKK,2021-07-27,116.67571,113.68849
ARKK,2021-07-28,119.36095,116.02652
ARKK,2021-07-29,119.60685,118.69209
ARKK,2021-07-30,118.03309,117.65932
ARKK,2021-08-02,119.13474,117.138
ARKK,2021-08-03,118.24947,116.57733
ARKK,2021-08-04,121.25932,118.02324
ARKK,2021-08-05,123.51179,119.74456
ARKK,2021-08-06,120.99374,120.28554
ARKK,2021-08-09,122.65604,120.96424
ARKK,2021-08-10,119.44948,119.4298
ARKK,2021-08-11,119.31178,117.40357
ARKK,2021-08-12,119.85276,118.61341
ARKK,2021-08-13,118.13144,117.94456
ARKK,2021-08-16,115.06259,113.34128
ARKK,2021-08-17,113.99045,112.35766
ARKK,2021-08-18,113.94127,113.05603
ARKK,2021-08-19,111.98389,111.67897
ARKK,2021-08-20,113.90193,112.27898
ARKK,2021-08-23,117.52161,114.94456
ARKK,2021-08-24,119.07571,117.86587
ARKK,2021-08-25,119.0462,118.21997
ARKK,2021-08-26,117.20686,116.92161
ARKK,2021-08-27,120.02981,117.39472
ARKK,2021-08-30,120.77735,119.49866
ARKK,2021-08-31,120.02981,118.74128
ARKK,2021-09-01,121.69211,120.29539
ARKK,2021-09-02,122.78392,122.01671
ARKK,2021-09-03,123.01998,121.81998
ARKK,2021-09-07,122.66589,122.14457
ARKK,2021-09-08,119.18391,118.39702
ARKK,2021-09-09,119.71505,118.938
ARKK,2021-09-10,118.48554,118.46587
ARKK,2021-09-13,116.23308,114.23635
ARKK,2021-09-14,114.94455,114.56094
ARKK,2021-09-15,115.88882,113.7052
ARKK,2021-09-16,116.62652,114.49209
ARKK,2021-09-17,119.5085,115.92816
ARKK,2021-09-20,114.23635,112.56422
ARKK,2021-09-21,115.21996,114.31504
ARKK,2021-09-22,116.17406,114.95439
ARKK,2021-09-23,117.3839,116.19373
ARKK,2021-09-24,115.21013,114.36422
ARKK,2021-09-27,115.11176,112.72159
ARKK,2021-09-28,110.30192,109.97733
ARKK,2021-09-29,107.92159,107.80355
ARKK,2021-09-30,108.71831,108.197
ARKK,2021-10-01,109.34782,107.35109
ARKK,2021-10-04,105.43305,104.60682
ARKK,2021-10-05,107.25273,105.80682
ARKK,2021-10-06,108.13798,105.9642
ARKK,2021-10-07,110.75437,109.12158
ARKK,2021-10-08,108.78716,108.63962
ARKK,2021-10-11,108.43306,107.96093
ARKK,2021-10-12,109.90847,108.8442
ARKK,2021-10-13,111.57077,110.10519
ARKK,2021-10-14,113.68553,112.77077
ARKK,2021-10-15,113.90193,113.41996
ARKK,2021-10-18,115.13144,113.05602
ARKK,2021-10-19,117.63964,115.60357
ARKK,2021-10-20,116.75439,116.22325
ARKK,2021-10-21,117.69865,116.4298
ARKK,2021-10-22,115.81996,114.77734
ARKK,2021-10-25,119.81342,115.87013
ARKK,2021-10-26,119.21342,118.60358
ARKK,2021-10-27,116.73472,116.73472
ARKK,2021-10-28,119.77407,116.59702
ARKK,2021-10-29,119.29211,118.73145
ARKK,2021-11-01,123.06917,119.89211
ARKK,2021-11-02,121.07243,119.87243
ARKK,2021-11-03,122.59703,119.37079
ARKK,2021-11-04,122.35113,121.26719
ARKK,2021-11-05,120.28555,119.03637
ARKK,2021-11-08,121.37736,119.6167
ARKK,2021-11-09,118.59374,117.68882
ARKK,2021-11-10,114.6298,113.31176
ARKK,2021-11-11,115.41668,115.18062
ARKK,2021-11-12,116.54783,114.79701
ARKK,2021-11-15,115.60357,114.72816
ARKK,2021-11-16,116.97079,114.21669
ARKK,2021-11-17,114.80685,114.26586
ARKK,2021-11-18,111.95438,111.36422
ARKK,2021-11-19,111.38388,111.15765
ARKK,2021-11-22,106.71174,105.82649
ARKK,2021-11-23,104.22321,101.88223
ARKK,2021-11-24,106.00354,101.94124
ARKK,2021-11-26,105.3642,104.58714
ARKK,2021-11-29,105.16747,103.1855
ARKK,2021-11-30,103.95764,102.02977
ARKK,2021-12-01,96.983849,96.914996
ARKK,2021-12-02,97.396965,94.888766
ARKK,2021-12-03,91.996948,90.157604
ARKK,2021-12-06,93.393677,87.570713
ARKK,2021-12-07,98.469101,96.246142
ARKK,2021-12-08,101.52813,96.669098
ARKK,2021-12-09,96.12812,95.842873
ARKK,2021-12-10,94.593681,94.042863
ARKK,2021-12-13,92.95105,90.944487
ARKK,2021-12-14,91.888756,90.029735
ARKK,2021-12-15,93.865807,88.578908
ARKK,2021-12-16,90.364166,89.380557
ARKK,2021-12-17,95.606789,88.131362
ARKK,2021-12-20,93.177284,91.751047
ARKK,2021-12-21,96.757622,93.147771
ARKK,2021-12-22,96.649429,95.341227
ARKK,2021-12-23,97.446152,94.455979
ARKK,2021-12-27,95.813362,95.478931
ARKK,2021-12-28,94.062523,93.914988
ARKK,2021-12-29,93.053947,92.012629
ARKK,2021-12-30,95.900208,92.558085
ARKK,2021-12-31,93.807655,93.698572
ARKK,2022-01-03,96.187805,92.667171
ARKK,2022-01-04,91.923378,89.766364
ARKK,2022-01-05,85.407715,84.921762
ARKK,2022-01-06,84.872185,81.966418
ARKK,2022-01-07,83.721771,83.206075
ARKK,2022-01-10,83.939957,79.437505
ARKK,2022-01-11,86.260605,82.611041
ARKK,2022-01-12,83.860611,83.632518
ARKK,2022-01-13,79.318497,79.184611
ARKK,2022-01-14,79.576347,76.888762
ARKK,2022-01-18,76.273895,76.273895
ARKK,2022-01-19,75.123482,75.03423
ARKK,2022-01-20,75.242493,74.984641
ARKK,2022-01-21,70.928467,70.898716
ARKK,2022-01-24,72.931763,64.442564
ARKK,2022-01-25,70.214424,68.61774
ARKK,2022-01-26,68.459061,67.973116
ARKK,2022-01-27,65.781395,65.494784
ARKK,2022-01-28,68.340057,63.817767
ARKK,2022-01-31,74.806129,69.192939
ARKK,2022-02-01,76.442482,72.683828
ARKK,2022-02-02,72.535072,71.31525
ARKK,2022-02-03,68.468979,68.290467
ARKK,2022-02-04,72.148293,67.635922
ARKK,2022-02-07,71.880531,71.216067
ARKK,2022-02-08,71.791275,69.877237
ARKK,2022-02-09,75.480507,72.911924
ARKK,2022-02-10,73.14994,72.495396
ARKK,2022-02-11,71.305328,70.33343
ARKK,2022-02-14,70.799545,69.976408
ARKK,2022-02-15,74.657372,71.682184
ARKK,2022-02-16,72.267303,71.077224
ARKK,2022-02-17,67.616096,67.169821
ARKK,2022-02-18,64.264053,63.460751
ARKK,2022-02-22,62.865711,62.231005
ARKK,2022-02-23,60.376472,60.366553
ARKK,2022-02-24,65.077271,57.024427
ARKK,2022-02-25,67.259071,63.421081
ARKK,2022-02-28,69.887154,66.892127
ARKK,2022-03-01,67.745018,67.120231
ARKK,2022-03-02,67.001221,64.611157
ARKK,2022-03-03,62.736782,62.211167
ARKK,2022-03-04,59.731846,59.206231
ARKK,2022-03-07,57.569878,57.540127
ARKK,2022-03-08,58.135162,55.755015
ARKK,2022-03-09,61.199604,59.801266
ARKK,2022-03-10,59.047554,57.669051
ARKK,2022-03-11,55.120308,54.872376
ARKK,2022-03-14,51.857517,51.62942
ARKK,2022-03-15,53.940147,51.421154
ARKK,2022-03-16,59.543419,55.24923
ARKK,2022-03-17,62.409515,58.065741
ARKK,2022-03-18,65.226021,61.725222
ARKK,2022-03-21,63.450829,62.092161
ARKK,2022-03-22,66.4161,63.302071
ARKK,2022-03-23,65.126854,64.184714
ARKK,2022-03-24,65.850815,62.840917
ARKK,2022-03-25,63.976448,62.935129
ARKK,2022-03-28,66.505356,63.986363
ARKK,2022-03-29,70.799545,67.373119
ARKK,2022-03-30,68.111961,67.586346
ARKK,2022-03-31,65.741722,65.721883
ARKK,2022-04-01,66.981384,65.761554
ARKK,2022-04-04,69.916901,67.427659
ARKK,2022-04-05,65.930153,65.662382
ARKK,2022-04-06,62.875629,61.407867
ARKK,2022-04-07,62.141747,60.108703
ARKK,2022-04-08,60.148373,59.920272
ARKK,2022-04-11,59.345074,57.678968
ARKK,2022-04-12,59.345074,58.869044
ARKK,2022-04-13,61.21944,58.531855
ARKK,2022-04-14,58.502102,58.412846
ARKK,2022-04-18,56.875664,55.854184
ARKK,2022-04-19,59.176476,56.389719
ARKK,2022-04-20,55.665756,55.665756
ARKK,2022-04-21,52.898834,52.47239
ARKK,2022-04-22,52.026112,51.688924
ARKK,2022-04-25,53.900478,51.520331
ARKK,2022-04-26,50.260834,50.092238
ARKK,2022-04-27,49.150097,49.050922
ARKK,2022-04-28,48.465801,45.510449
ARKK,2022-04-29,46.740196,46.700526
ARKK,2022-05-02,49.715382,45.966643
ARKK,2022-05-03,49.457531,48.733569
ARKK,2022-05-04,51.996361,47.067466
ARKK,2022-05-05,47.355068,46.561686
ARKK,2022-05-06,45.252602,43.626166
ARKK,2022-05-09,40.789822,40.417923
ARKK,2022-05-10,40.740234,38.399753
ARKK,2022-05-11,36.624557,36.32704
ARKK,2022-05-12,38.667522,34.809693
ARKK,2022-05-13,43.239388,40.523043
ARKK,2022-05-16,40.680729,40.586513
ARKK,2022-05-17,42.723694,40.333623
ARKK,2022-05-18,40.829487,40.621225
ARKK,2022-05-19,42.674103,40.383211
ARKK,2022-05-20,42.059231,39.649329
ARKK,2022-05-23,41.791466,40.419905
ARKK,2022-05-24,38.8857,38.30058
ARKK,2022-05-25,40.690647,38.736943
ARKK,2022-05-26,42.277412,40.105523
ARKK,2022-05-27,45.03442,42.803029
ARKK,2022-05-31,43.725338,42.862535
ARKK,2022-06-01,42.148487,41.434441
ARKK,2022-06-02,45.252602,41.860886
ARKK,2022-06-03,42.803028,42.46584
ARKK,2022-06-06,43.130302,42.336916
ARKK,2022-06-07,44.40963,41.751795
ARKK,2022-06-08,45.609623,44.389793
ARKK,2022-06-09,42.842701,42.832782
ARKK,2022-06-10,39.778255,39.490653
ARKK,2022-06-13,36.277454,35.970017
ARKK,2022-06-14,36.684063,35.355146
ARKK,2022-06-15,39.09396,36.88439
ARKK,2022-06-16,36.674145,36.158445
ARKK,2022-06-17,38.479092,36.852656
ARKK,2022-06-21,40.165031,39.48074
ARKK,2022-06-22,40.769985,39.02454
ARKK,2022-06-23,43.665833,40.452632
ARKK,2022-06-24,45.450947,43.596411
ARKK,2022-06-27,44.429466,43.219559
ARKK,2022-06-28,41.821217,41.692295
ARKK,2022-06-29,41.166676,40.363377
ARKK,2022-06-30,39.550159,38.786528
ARKK,2022-07-01,40.879078,39.689002
ARKK,2022-07-05,44.598061,39.510489
ARKK,2022-07-06,43.596413,43.199723
ARKK,2022-07-07,46.442677,43.447654
ARKK,2022-07-08,46.472427,44.974914
ARKK,2022-07-11,43.259224,43.150133
ARKK,2022-07-12,43.953434,42.287329
ARKK,2022-07-13,43.645996,41.965016
ARKK,2022-07-14,42.743523,41.920389
ARKK,2022-07-15,43.745174,41.850972
ARKK,2022-07-18,43.606331,43.318729
ARKK,2022-07-19,45.421192,43.080711
ARKK,2022-07-20,47.722004,45.629455
ARKK,2022-07-21,48.555058,46.998043
ARKK,2022-07-22,45.867474,45.363676
ARKK,2022-07-25,45.272438,44.31046
ARKK,2022-07-26,43.110466,43.051952
ARKK,2022-07-27,45.996399,43.576577
ARKK,2022-07-28,45.798054,43.76501
ARKK,2022-07-29,44.756737,43.655917
ARKK,2022-08-01,45.312103,43.650958
ARKK,2022-08-02,46.522015,44.508806
ARKK,2022-08-03,49.348442,46.928624
ARKK,2022-08-04,49.755051,48.594729
ARKK,2022-08-05,49.655876,47.563327
ARKK,2022-08-08,50.379841,49.854226
ARKK,2022-08-09,47.632748,46.988126
ARKK,2022-08-10,51.143471,48.644313
ARKK,2022-08-11,49.507118,49.279021
ARKK,2022-08-12,51.57983,49.497201
ARKK,2022-08-15,51.758343,50.726947
ARKK,2022-08-16,50.320339,48.917042
ARKK,2022-08-17,47.632748,47.483991
ARKK,2022-08-18,47.107136,46.412925
ARKK,2022-08-19,44.320374,44.122031
ARKK,2022-08-22,43.24931,42.922037
ARKK,2022-08-23,43.011292,42.376585
ARKK,2022-08-24,44.131947,42.783194
ARKK,2022-08-25,45.40136,44.012941
ARKK,2022-08-26,42.485676,42.43609
ARKK,2022-08-29,41.781551,41.513784
ARKK,2022-08-30,41.56337,40.839408
ARKK,2022-08-31,41.533619,41.146845
ARKK,2022-09-01,41.374943,39.460905
ARKK,2022-09-02,40.254288,40.046025
ARKK,2022-09-06,39.758423,39.163387
ARKK,2022-09-07,41.12701,39.381565
ARKK,2022-09-08,42.346836,40.174947
ARKK,2022-09-09,44.231117,43.050961
ARKK,2022-09-12,45.302189,44.042692
ARKK,2022-09-13,42.227829,42.059233
ARKK,2022-09-14,43.388149,41.513782
ARKK,2022-09-15,44.34021,42.77328
ARKK,2022-09-16,42.227829,41.751796
ARKK,2022-09-19,42.138573,40.849322
ARKK,2022-09-20,41.097256,41.003044
ARKK,2022-09-21,40.006355,40.006355
ARKK,2022-09-22,38.290661,38.131984
ARKK,2022-09-23,37.517117,36.783235
ARKK,2022-09-26,37.120422,37.021251
ARKK,2022-09-27,37.89397,37.165049
ARKK,2022-09-28,39.659248,37.893968
ARKK,2022-09-29,37.487362,37.051002
ARKK,2022-09-30,37.417938,37.199757
ARKK,2022-10-03,37.586536,36.515467
ARKK,2022-10-04,40.452633,38.925369
ARKK,2022-10-05,39.708836,38.340248
ARKK,2022-10-06,39.837757,39.034459
ARKK,2022-10-07,37.219593,37.011331
ARKK,2022-10-10,35.999767,35.546546
ARKK,2022-10-11,35.355145,34.338621
ARKK,2022-10-12,35.821255,34.522092
ARKK,2022-10-13,35.74192,33.460944
ARKK,2022-10-14,33.708874,33.649369
ARKK,2022-10-17,36.079105,34.988201
ARKK,2022-10-18,36.664227,35.91547
ARKK,2022-10-19,35.087379,34.809693
ARKK,2022-10-20,34.95845,34.631178
ARKK,2022-10-21,35.583244,34.006395
ARKK,2022-10-24,35.136963,33.773335
ARKK,2022-10-25,37.49728,35.493987
ARKK,2022-10-26,37.576618,36.753485
ARKK,2022-10-27,37.556782,37.269183
ARKK,2022-10-28,38.568344,36.837778
ARKK,2022-10-31,37.96339,37.477445
ARKK,2022-11-01,37.973309,37.953474
ARKK,2022-11-02,36.138607,36.128691
ARKK,2022-11-03,35.900597,35.008039
ARKK,2022-11-04,34.928703,34.036146
ARKK,2022-11-07,34.700603,33.917137
ARKK,2022-11-08,34.56176,33.817963
ARKK,2022-11-09,32.300617,32.241112
ARKK,2022-11-10,36.991497,34.56176
ARKK,2022-11-11,40.065857,36.089021
ARKK,2022-11-14,38.588181,38.429504
ARKK,2022-11-15,39.639416,39.064211
ARKK,2022-11-16,37.596451,37.388189
ARKK,2022-11-17,36.812984,36.118773
ARKK,2022-11-18,36.257618,35.91051
ARKK,2022-11-21,34.908867,34.482423
ARKK,2022-11-22,35.017956,33.986557
ARKK,2022-11-23,36.019604,35.027875
ARKK,2022-11-25,35.702248,35.305554
ARKK,2022-11-28,34.700603,34.497297
ARKK,2022-11-29,34.512173,34.395149
ARKK,2022-11-30,37.17001,34.432839
ARKK,2022-12-01,37.586536,36.555137
ARKK,2022-12-02,37.844383,36.42621
ARKK,2022-12-05,35.771671,35.533658
ARKK,2022-12-06,34.33366,34.046062
ARKK,2022-12-07,34.065895,33.679121
ARKK,2022-12-08,34.869198,33.570031
ARKK,2022-12-09,34.363415,34.353495
ARKK,2022-12-12,35.017956,33.798129
ARKK,2022-12-13,34.998123,34.383248
ARKK,2022-12-14,34.641098,34.135314
ARKK,2022-12-15,32.945244,32.890698
ARKK,2022-12-16,32.984909,32.404748
ARKK,2022-12-19,31.953514,31.755168
ARKK,2022-12-20,31.903925,31.438806
ARKK,2022-12-21,32.439461,31.727401
ARKK,2022-12-22,31.338642,30.336995
ARKK,2022-12-23,30.71385,30.431207
ARKK,2022-12-27,29.533695,29.414687
ARKK,2022-12-28,29.394852,29.186589
ARKK,2022-12-29,30.912197,29.712204
ARKK,2022-12-30,30.981619,29.98989
ARKK,2023-01-03,30.208069,29.771709
ARKK,2023-01-04,31.517153,30.31716
ARKK,2023-01-05,30.763439,30.297325
ARKK,2023-01-06,31.110544,29.80146
ARKK,2023-01-09,32.538635,31.755168
ARKK,2023-01-10,33.341934,32.320454
ARKK,2023-01-11,34.472504,33.183257
ARKK,2023-01-12,35.196468,33.103919
ARKK,2023-01-13,35.692333,34.323746
ARKK,2023-01-17,36.733646,35.176632
ARKK,2023-01-18,35.652664,35.632829
ARKK,2023-01-19,34.502258,34.150195
ARKK,2023-01-20,36.198112,34.522092
ARKK,2023-01-23,37.765049,36.019604
ARKK,2023-01-24,37.17001,36.96373
ARKK,2023-01-25,37.199757,35.384894
ARKK,2023-01-26,37.953476,37.011332
ARKK,2023-01-27,40.055939,37.606367
ARKK,2023-01-30,38.191486,38.144878
ARKK,2023-01-31,39.599747,38.370001
ARKK,2023-02-01,41.345188,38.913469
ARKK,2023-02-02,44.04269,42.738568
ARKK,2023-02-03,42.495594,41.751797
ARKK,2023-02-06,41.89064,41.493947
ARKK,2023-02-07,42.624519,40.958414
ARKK,2023-02-08,41.394775,41.37494
ARKK,2023-02-09,40.165031,39.901233
ARKK,2023-02-10,38.826199,38.40967
ARKK,2023-02-13,39.490654,38.250993
ARKK,2023-02-14,40.482384,38.52372
ARKK,2023-02-15,42.862534,40.631143
ARKK,2023-02-16,41.672459,41.369981
ARKK,2023-02-17,41.513783,40.393128
ARKK,2023-02-21,38.984875,38.969996
ARKK,2023-02-22,39.936932,38.850987
ARKK,2023-02-23,39.331978,38.141902
ARKK,2023-02-24,38.122066,37.735293
ARKK,2023-02-27,38.498924,38.03777
ARKK,2023-02-28,39.292309,38.667522
ARKK,2023-03-01,38.379917,38.161736
ARKK,2023-03-02,38.855949,37.308851
ARKK,2023-03-03,40.125359,38.905532
ARKK,2023-03-06,39.292309,39.282393
ARKK,2023-03-07,38.637768,38.627852
ARKK,2023-03-08,38.588181,37.923724
ARKK,2023-03-09,36.981579,36.882404
ARKK,2023-03-10,35.722084,34.978287
ARKK,2023-03-13,36.674145,34.522094
ARKK,2023-03-14,37.457611,36.956787
ARKK,2023-03-15,37.755127,36.703893
ARKK,2023-03-16,38.915455,37.606369
ARKK,2023-03-17,38.360085,37.774964
ARKK,2023-03-20,37.903889,37.333644
ARKK,2023-03-21,40.006355,38.33529
ARKK,2023-03-22,38.072479,38.052644
ARKK,2023-03-23,37.487362,36.882407
ARKK,2023-03-24,37.417938,36.714803
ARKK,2023-03-27,37.447689,37.051
ARKK,2023-03-28,36.882404,36.654307
ARKK,2023-03-29,38.270828,37.30885
ARKK,2023-03-30,38.161736,37.988184
ARKK,2023-03-31,40.006355,38.27182
ARKK,2023-04-03,39.25264,38.429503
ARKK,2023-04-04,39.044376,38.617933
ARKK,2023-04-05,37.655956,37.284058
ARKK,2023-04-06,38.250992,36.872489
ARKK,2023-04-10,38.211323,37.239429
ARKK,2023-04-11,38.449341,38.034799
ARKK,2023-04-12,37.338604,37.298934
ARKK,2023-04-13,38.836113,37.755128
ARKK,2023-04-14,38.469173,38.00306
ARKK,2023-04-17,38.647686,37.895956
ARKK,2023-04-18,38.568344,38.360082
ARKK,2023-04-19,38.538593,37.621245
ARKK,2023-04-20,37.080753,37.031168
ARKK,2023-04-21,37.318768,36.862569
ARKK,2023-04-24,36.812984,36.272494
ARKK,2023-04-25,35.612995,35.612995
ARKK,2023-04-26,34.928703,34.799777
ARKK,2023-04-27,35.404732,34.948537
ARKK,2023-04-28,35.62291,34.68077
ARKK,2023-05-01,35.444401,35.112169
ARKK,2023-05-02,34.611347,34.546882
ARKK,2023-05-03,34.472504,34.432837
ARKK,2023-05-04,35.444401,34.680769
ARKK,2023-05-05,37.080753,36.098944
ARKK,2023-05-08,37.507195,36.664226
ARKK,2023-05-09,37.93364,36.94191
ARKK,2023-05-10,38.469173,38.11711
ARKK,2023-05-11,38.538593,38.092314
ARKK,2023-05-12,37.368355,37.189843
ARKK,2023-05-15,38.250992,37.160091
ARKK,2023-05-16,37.308849,37.160092
ARKK,2023-05-17,38.260914,37.110504
ARKK,2023-05-18,38.796444,38.012981
ARKK,2023-05-19,38.379917,38.11215
ARKK,2023-05-22,40.24437,38.409668
ARKK,2023-05-23,39.371647,39.371647
ARKK,2023-05-24,39.133633,38.429506
ARKK,2023-05-25,38.062565,37.844383
ARKK,2023-05-26,38.776608,38.062565
ARKK,2023-05-30,39.48074,39.093962
ARKK,2023-05-31,40.155113,39.029499
ARKK,2023-06-01,40.769985,39.480738
ARKK,2023-06-02,41.275764,40.512133
ARKK,2023-06-05,41.712128,40.958411
ARKK,2023-06-06,42.327,40.690645
ARKK,2023-06-07,41.900555,41.741878
ARKK,2023-06-08,42.327,41.563368
ARKK,2023-06-09,42.158405,42.088985
ARKK,2023-06-12,42.922035,42.178238
ARKK,2023-06-13,43.923683,43.219556
ARKK,2023-06-14,43.705502,42.793113
ARKK,2023-06-15,44.171616,42.966665
ARKK,2023-06-16,43.94352,43.719387
ARKK,2023-06-20,43.893929,43.05096
ARKK,2023-06-21,42.307163,42.128652
ARKK,2023-06-22,42.317081,41.603039
ARKK,2023-06-23,41.791466,41.161719
ARKK,2023-06-26,41.553452,41.414606
ARKK,2023-06-27,42.961704,41.712127
ARKK,2023-06-28,43.814594,42.703859
ARKK,2023-06-29,43.427818,43.253271
ARKK,2023-06-30,43.774925,43.626168
ARKK,2023-07-03,44.746819,44.151783
ARKK,2023-07-05,44.588142,43.983187
ARKK,2023-07-06,42.88237,42.39543
ARKK,2023-07-07,43.368317,43.041048
ARKK,2023-07-10,44.994751,43.169969
ARKK,2023-07-11,46.660854,45.128635
ARKK,2023-07-12,47.087299,46.462509
ARKK,2023-07-13,49.219517,47.29556
ARKK,2023-07-14,48.168285,47.836057
ARKK,2023-07-17,49.269104,47.801345
ARKK,2023-07-18,49.447617,49.026132
ARKK,2023-07-19,50.231083,49.546787
ARKK,2023-07-20,47.364983,47.19639
ARKK,2023-07-21,47.533577,46.998042
ARKK,2023-07-24,47.017879,46.517055
ARKK,2023-07-25,46.879036,46.850276
ARKK,2023-07-26,47.88068,46.641019
ARKK,2023-07-27,46.482346,46.279043
ARKK,2023-07-28,49.031086,47.583162
ARKK,2023-07-31,50.032738,49.279021
ARKK,2023-08-01,49.041008,48.267457
ARKK,2023-08-02,46.303833,45.946814
ARKK,2023-08-03,45.807968,45.480699
ARKK,2023-08-04,45.004669,44.915413
ARKK,2023-08-07,44.776573,43.8741
ARKK,2023-08-08,44.538555,43.775914
ARKK,2023-08-09,42.931957,42.882372
ARKK,2023-08-10,42.624519,42.280389
ARKK,2023-08-11,42.39642,41.999726
ARKK,2023-08-14,42.565014,41.533618
ARKK,2023-08-15,41.821217,41.771631
ARKK,2023-08-16,40.898911,40.888991
ARKK,2023-08-17,39.907181,39.887346
ARKK,2023-08-18,40.046024,38.99479
ARKK,2023-08-21,40.760067,40.006354
ARKK,2023-08-22,40.670811,40.234451
ARKK,2023-08-23,41.612953,40.581554
ARKK,2023-08-24,40.135281,40.085691
ARKK,2023-08-25,40.631145,39.808008
ARKK,2023-08-28,40.740234,40.541888
ARKK,2023-08-29,42.95179,40.531968
ARKK,2023-08-30,43.24931,42.356752
ARKK,2023-08-31,43.388149,43.041046
ARKK,2023-09-01,43.259224,43.130302
ARKK,2023-09-05,43.645996,42.807988
ARKK,2023-09-06,43.804676,43.328647
ARKK,2023-09-07,43.645996,42.614601
ARKK,2023-09-08,43.68,43.424999
ARKK,2023-09-11,44.599998,43.869999
ARKK,2023-09-12,44.009998,44.009998
ARKK,2023-09-13,43.43,43.285
ARKK,2023-09-14,43.610001,43.220001
ARKK,2023-09-15,43.060001,42.720001
ARKK,2023-09-18,42.009998,42.009998
ARKK,2023-09-19,41.509998,41.082001
ARKK,2023-09-20,40.779999,40.755001
ARKK,2023-09-21,39.540001,39.525002
ARKK,2023-09-22,38.82,38.794998
ARKK,2023-09-25,38.799999,38.365002
ARKK,2023-09-26,38.43,38.360001
ARKK,2023-09-27,38.68,38.134998
ARKK,2023-09-28,39.119999,38.200001
ARKK,2023-09-29,39.669998,39.48
ARKK,2023-10-02,39.040001,38.779999
ARKK,2023-10-03,37.970001,37.759998
ARKK,2023-10-04,38.529999,37.549999
ARKK,2023-10-05,38.540001,37.744999
ARKK,2023-10-06,39.209999,37.779999
ARKK,2023-10-09,39.360001,38.334999
ARKK,2023-10-10,40.189999,39.439999
ARKK,2023-10-11,39.900002,39.490002
ARKK,2023-10-12,38.48,38.279999
ARKK,2023-10-13,37.77,37.564999
ARKK,2023-10-16,38.529999,37.59
ARKK,2023-10-17,39.18,38
ARKK,2023-10-18,37.43,37.375
ARKK,2023-10-19,36.610001,36.52
ARKK,2023-10-20,36.029999,35.880001
ARKK,2023-10-23,36.110001,35.099998
ARKK,2023-10-24,37.169998,36.77
ARKK,2023-10-25,35.220001,35.174999
ARKK,2023-10-26,34.759998,34.43
ARKK,2023-10-27,34.099998,34.07
ARKK,2023-10-30,34.290001,33.759998
ARKK,2023-10-31,35.080002,34.080002
ARKK,2023-11-01,35.310001,34.540001
ARKK,2023-11-02,38.279999,37.049999
ARKK,2023-11-03,40.439999,39.099998
ARKK,2023-11-06,39.77,39.139999
ARKK,2023-11-07,40.91,39.692001
ARKK,2023-11-08,40.34,39.939999
ARKK,2023-11-09,39.09,38.939999
ARKK,2023-11-10,39.73,38.740002
ARKK,2023-11-13,39.91,38.709999
ARKK,2023-11-14,41.950001,41.209999
ARKK,2023-11-15,43.009998,42.119999
ARKK,2023-11-16,42.209999,41.618999
ARKK,2023-11-17,43.700001,42.34
ARKK,2023-11-20,44.880001,43.720001
ARKK,2023-11-21,43.869999,43.610001
ARKK,2023-11-22,44.32,43.630001
ARKK,2023-11-24,44.880001,44.165001
ARKK,2023-11-27,45.450001,44.279999
ARKK,2023-11-28,46.700001,44.985001
ARKK,2023-11-29,46.900002,46.700001
ARKK,2023-11-30,46.110001,45.849998
ARKK,2023-12-01,48.43,46.07
ARKK,2023-12-04,48.689999,47.709999
ARKK,2023-12-05,48.259998,47.880001
ARKK,2023-12-06,48.040001,47.990002
ARKK,2023-12-07,48.290001,47.5
ARKK,2023-12-08,49.18,47.779999
ARKK,2023-12-11,48.529999,48.009998
ARKK,2023-12-12,48.380001,47.82
ARKK,2023-12-13,50.169998,47.404999
ARKK,2023-12-14,52.02,51.139999
ARKK,2023-12-15,51.110001,50.799999
ARKK,2023-12-18,51.07,50.560001
ARKK,2023-12-19,53.18,51.465
ARKK,2023-12-20,51.009998,50.990002
ARKK,2023-12-21,52.310001,51.285
ARKK,2023-12-22,53.009998,52.34
ARKK,2023-12-26,53.790001,53.07
ARKK,2023-12-27,54.259998,53.799999
ARKK,2023-12-28,54.139999,53.790001
ARKK,2023-12-29,52.369999,52.240002
ARKK,2024-01-02,50.5,50.215
ARKK,2024-01-03,48.52,48.369999
ARKK,2024-01-04,48.91,48.07
ARKK,2024-01-05,48.900002,48.169998
ARKK,2024-01-08,50.279999,48.700001
ARKK,2024-01-09,49.5,49.369999
ARKK,2024-01-10,49.349998,48.52
ARKK,2024-01-11,48.18,47.380001
ARKK,2024-01-12,47.380001,47.324001
ARKK,2024-01-16,46.759998,46.040001
ARKK,2024-01-17,45.919998,45.200001
ARKK,2024-01-18,45.66,45.080002
ARKK,2024-01-19,46.279999,45.02
ARKK,2024-01-22,47.330002,46.799999
ARKK,2024-01-23,47.380001,46.889999
ARKK,2024-01-24,46.279999,46.25
ARKK,2024-01-25,45.82,45.535
ARKK,2024-01-26,45.919998,45.779999
ARKK,2024-01-29,48.110001,45.919998
ARKK,2024-01-30,46.860001,46.849998
ARKK,2024-01-31,45.41,45.330002
ARKK,2024-02-01,46.029999,44.990002
ARKK,2024-02-02,46.66,45.224998
ARKK,2024-02-05,45.200001,44.625
ARKK,2024-02-06,46.700001,45.290001
ARKK,2024-02-07,47.169998,46.325001
ARKK,2024-02-08,48.439999,47.119999
ARKK,2024-02-09,49.59,48.849998
ARKK,2024-02-12,50.720001,49.560001
ARKK,2024-02-13,47.880001,47.389999
ARKK,2024-02-14,50.5,48.77
ARKK,2024-02-15,51.639999,50.810001
ARKK,2024-02-16,50.330002,50.290001
ARKK,2024-02-20,48.689999,47.865002
ARKK,2024-02-21,47.310001,46.91
ARKK,2024-02-22,48.48,47.619999
ARKK,2024-02-23,48.41,48.099998
ARKK,2024-02-26,50.080002,48.380001
ARKK,2024-02-27,51.540001,50.599998
ARKK,2024-02-28,51.16,50.91
ARKK,2024-02-29,51.25,50.709999
ARKK,2024-03-01,51.139999,50.360001
ARKK,2024-03-04,50.68,50.189999
ARKK,2024-03-05,48.900002,48.580002
ARKK,2024-03-06,49.68,48.970001
ARKK,2024-03-07,50.25,49.490002
ARKK,2024-03-08,50.75,50.240002
ARKK,2024-03-11,50.650002,50.490002
ARKK,2024-03-12,50.25,49.525002
ARKK,2024-03-13,50.360001,49.779999
ARKK,2024-03-14,48.740002,48.185001
ARKK,2024-03-15,48.66,48.150002
ARKK,2024-03-18,48.790001,48.029999
ARKK,2024-03-19,48.509998,47.450001
ARKK,2024-03-20,50.209999,48.290001
ARKK,2024-03-21,50.529999,50.5
ARKK,2024-03-22,49.41,49.25
ARKK,2024-03-25,50.25,49.384998
ARKK,2024-03-26,50.029999,50
ARKK,2024-03-27,50.110001,49.450001
ARKK,2024-03-28,50.080002,49.970001
ARKK,2024-04-01,49.240002,48.814999
ARKK,2024-04-02,47.779999,47.044998
ARKK,2024-04-03,47.919998,47.150002
ARKK,2024-04-04,47.27,47.205002
ARKK,2024-04-05,47.119999,46.599998
ARKK,2024-04-08,48.099998,47.543999
ARKK,2024-04-09,48.619999,48.009998
ARKK,2024-04-10,47.490002,46.970001
ARKK,2024-04-11,48.200001,47
ARKK,2024-04-12,46.509998,46.314999
ARKK,2024-04-15,44.380001,44.244999
ARKK,2024-04-16,43.650002,43.150002
ARKK,2024-04-17,43.02,42.799999
ARKK,2024-04-18,42.91,42.52
ARKK,2024-04-19,42,41.709999
ARKK,2024-04-22,42.599998,41.575001
ARKK,2024-04-23,43.869999,42.790001
ARKK,2024-04-24,43.900002,43.459999
ARKK,2024-04-25,43.610001,42.470001
ARKK,2024-04-26,44.07,43.119999
ARKK,2024-04-29,45.130001,44.66
ARKK,2024-04-30,43.459999,43.445
ARKK,2024-05-01,43.82,42.987
ARKK,2024-05-02,44.93,43.580002
ARKK,2024-05-03,45.470001,45.115002
ARKK,2024-05-06,46.5,45.869999
ARKK,2024-05-07,45.549999,45.48
ARKK,2024-05-08,44.43,44.279999
ARKK,2024-05-09,44.16,43.634998
ARKK,2024-05-10,42.919998,42.849998
ARKK,2024-05-13,44.169998,43.360001
ARKK,2024-05-14,45.119999,44.634998
ARKK,2024-05-15,45.77,44.992001
ARKK,2024-05-16,44.959999,44.919998
ARKK,2024-05-17,45.450001,44.720001
ARKK,2024-05-20,45.599998,44.939999
ARKK,2024-05-21,45.200001,45.049999
ARKK,2024-05-22,44.990002,44.720001
ARKK,2024-05-23,43.610001,43.349998
ARKK,2024-05-24,44.380001,43.625
ARKK,2024-05-28,44.029999,43.540001
ARKK,2024-05-29,43.48,42.970001
ARKK,2024-05-30,42.790001,42.490002
ARKK,2024-05-31,42.450001,41.779999
ARKK,2024-06-03,42.98,42.34
ARKK,2024-06-04,43.23,42.634998
ARKK,2024-06-05,44.150002,43.025002
ARKK,2024-06-06,44.759998,43.950001
ARKK,2024-06-07,43.799999,43.619999
ARKK,2024-06-10,44.150002,43.34
ARKK,2024-06-11,44.16,43.25
ARKK,2024-06-12,45.080002,44.915001
ARKK,2024-06-13,44.380001,44.32
ARKK,2024-06-14,43.869999,43.549999
ARKK,2024-06-17,44.130001,43.279999
ARKK,2024-06-18,43.68,43.610001
ARKK,2024-06-20,43.369999,42.830002
ARKK,2024-06-21,43.32,42.889999
ARKK,2024-06-24,43.240002,42.900002
ARKK,2024-06-25,43.330002,42.970001
ARKK,2024-06-26,43.580002,43.130001
ARKK,2024-06-27,44.009998,43.139999
ARKK,2024-06-28,43.950001,43.509998
ARKK,2024-07-01,44.450001,44.049999
ARKK,2024-07-02,44.82,44.450001
ARKK,2024-07-03,45.610001,44.959999
ARKK,2024-07-05,45.950001,44.939999
ARKK,2024-07-08,45.889999,45.48
ARKK,2024-07-09,46.049999,45.459999
ARKK,2024-07-10,45.950001,45.299999
ARKK,2024-07-11,45.709999,45.605
ARKK,2024-07-12,46.790001,45.84
ARKK,2024-07-15,47.700001,46.994999
ARKK,2024-07-16,49.400002,47.68
ARKK,2024-07-17,48.43,47.950001
ARKK,2024-07-18,46.57,46.305
ARKK,2024-07-19,46.630001,46.279999
ARKK,2024-07-22,47.66,46.560001
ARKK,2024-07-23,47.759998,47.462002
ARKK,2024-07-24,44.709999,44.700001
ARKK,2024-07-25,45.189999,44.32
ARKK,2024-07-26,45.779999,45.240002
ARKK,2024-07-29,45.93,45.380001
ARKK,2024-07-30,44.959999,44.584999
ARKK,2024-07-31,45.529999,45.360001
ARKK,2024-08-01,43.209999,42.865002
ARKK,2024-08-02,41.209999,40.82
ARKK,2024-08-05,39.59,36.849998
ARKK,2024-08-06,40.200001,39.275002
ARKK,2024-08-07,39.470001,39.43
ARKK,2024-08-08,41.290001,39.77
ARKK,2024-08-09,41.459999,41.02
ARKK,2024-08-12,40.919998,40.68
ARKK,2024-08-13,42.59,41.029999
ARKK,2024-08-14,41.91,41.630001
ARKK,2024-08-15,43.919998,42.75
ARKK,2024-08-16,44.09,43.599998
ARKK,2024-08-19,45.09,44.080002
ARKK,2024-08-20,44.540001,44.23
ARKK,2024-08-21,45.610001,44.540001
ARKK,2024-08-22,44.25,44.169998
ARKK,2024-08-23,46.240002,44.75
ARKK,2024-08-26,45.73,45.490002
ARKK,2024-08-27,45.419998,44.93
ARKK,2024-08-28,44.27,43.764999
ARKK,2024-08-29,44.68,44.630001
ARKK,2024-08-30,44.82,44.09
ARKK,2024-09-03,42.98,42.82
ARKK,2024-09-04,42.869999,42.424999
ARKK,2024-09-05,43.599998,42.98
ARKK,2024-09-06,41.59,41.355
ARKK,2024-09-09,42.639999,42.080002
ARKK,2024-09-10,43.290001,42.169998
ARKK,2024-09-11,44.23,42.490002
ARKK,2024-09-12,44.98,43.970001
ARKK,2024-09-13,45.759998,45.07
ARKK,2024-09-16,45.689999,44.970001
ARKK,2024-09-17,46.060001,45.875
ARKK,2024-09-18,46.18,45.91
ARKK,2024-09-19,47.419998,47.16
ARKK,2024-09-20,46.900002,46.310001
ARKK,2024-09-23,46.939999,46.860001
ARKK,2024-09-24,47.450001,46.529999
ARKK,2024-09-25,46.860001,46.790001
ARKK,2024-09-26,47.27,46.470001
ARKK,2024-09-27,47.880001,47.41
ARKK,2024-09-30,47.529999,47.02
ARKK,2024-10-01,46.18,45.665001
ARKK,2024-10-02,45.869999,45.459999
ARKK,2024-10-03,45.389999,45.115002
ARKK,2024-10-04,46.549999,45.645
ARKK,2024-10-07,45.91,45.68
ARKK,2024-10-08,46.639999,45.610001
ARKK,2024-10-09,46.650002,46.360001
ARKK,2024-10-10,46.169998,45.450001
ARKK,2024-10-11,46.639999,45.509998
ARKK,2024-10-14,47.369999,46.349998
ARKK,2024-10-15,47.290001,46.48
ARKK,2024-10-16,47.689999,47.09
ARKK,2024-10-17,47.040001,46.91
ARKK,2024-10-18,48.029999,47.305
ARKK,2024-10-21,47.380001,46.959999
ARKK,2024-10-22,47.150002,46.82
ARKK,2024-10-23,45.759998,45.345001
ARKK,2024-10-24,47.380001,46.689999
ARKK,2024-10-25,47.669998,47.419998
ARKK,2024-10-28,48.400002,48.09
ARKK,2024-10-29,48.41,47.889999
ARKK,2024-10-30,48.23,47.959999
ARKK,2024-10-31,45.889999,45.709999
ARKK,2024-11-01,46.639999,46.02
ARKK,2024-11-04,46.68,45.970001
ARKK,2024-11-05,48.189999,46.810001
ARKK,2024-11-06,52.139999,50.119999
ARKK,2024-11-07,52.689999,52.209999
ARKK,2024-11-08,54.07,52.130001
ARKK,2024-11-11,57.849998,55.779999
ARKK,2024-11-12,56.810001,56.369999
ARKK,2024-11-13,55.84,55.485001
ARKK,2024-11-14,53.849998,53.799999
ARKK,2024-11-15,53.459999,52.77
ARKK,2024-11-18,55.110001,53.689999
ARKK,2024-11-19,55.919998,54.330002
ARKK,2024-11-20,55.279999,54.490002
ARKK,2024-11-21,54.77,54.040001
ARKK,2024-11-22,56.209999,54.52
ARKK,2024-11-25,57.029999,56.619999
ARKK,2024-11-26,56.200001,55.98
ARKK,2024-11-27,57.150002,56.25
ARKK,2024-11-29,57.98,57.549999
ARKK,2024-12-02,59.470001,58.560001
ARKK,2024-12-03,58.990002,58.459999
ARKK,2024-12-04,60.830002,59.279999
ARKK,2024-12-05,60.380001,60.294998
ARKK,2024-12-06,62.900002,61.09
ARKK,2024-12-09,61.310001,60.779999
ARKK,2024-12-10,60.59,60.389999
ARKK,2024-12-11,61.810001,60.84
ARKK,2024-12-12,60.919998,60.720001
ARKK,2024-12-13,61.330002,60.200001
ARKK,2024-12-16,62.939999,61.48
ARKK,2024-12-17,62.98,61.82
ARKK,2024-12-18,58.560001,57.900002
ARKK,2024-12-19,58.169998,57.465
ARKK,2024-12-20,59.400002,56.860001
ARKK,2024-12-23,59.240002,58.165001
ARKK,2024-12-24,60.959999,59.439999
ARKK,2024-12-26,60.959999,60.040001
ARKK,2024-12-27,59.27,58.439999
ARKK,2024-12-30,57.610001,56.900002
ARKK,2024-12-31,56.77,56.474998
ARKK,2025-01-02,56.889999,55.939999
ARKK,2025-01-03,59.82,57.330002
ARKK,2025-01-06,61.150002,60.619999
ARKK,2025-01-07,58.900002,58.384998
ARKK,2025-01-08,58.950001,57.689999
ARKK,2025-01-10,57.470001,56.290001
ARKK,2025-01-13,56.700001,55.25
ARKK,2025-01-14,56.41,56.110001
ARKK,2025-01-15,58.669998,58.080002
ARKK,2025-01-16,58.740002,58.009998
ARKK,2025-01-17,59.610001,59.419998
ARKK,2025-01-21,61.5,59.639999
ARKK,2025-01-22,62.060001,61.509998
ARKK,2025-01-23,62.689999,61.02
ARKK,2025-01-24,62.330002,62.215
ARKK,2025-01-27,60.700001,59.5
ARKK,2025-01-28,61.93,59.889999
ARKK,2025-01-29,61.860001,60.869999
ARKK,2025-01-30,63.509998,62.540001
ARKK,2025-01-31,62.869999,62.450001
ARKK,2025-02-03,61.779999,60.16
ARKK,2025-02-04,63.119999,62.334999
ARKK,2025-02-05,63.810001,63
ARKK,2025-02-06,62.720001,62.099998
ARKK,2025-02-07,62.759998,62.349998
ARKK,2025-02-10,62.720001,62.650002
ARKK,2025-02-11,61.349998,60.939999
ARKK,2025-02-12,62.68,60.48
ARKK,2025-02-13,64.779999,62.900002
ARKK,2025-02-14,67.019997,65.849998
ARKK,2025-02-18,66.480003,65.714996
ARKK,2025-02-19,65.709999,65.400002
ARKK,2025-02-20,63.98,62.549999
ARKK,2025-02-21,60.200001,60.080002
ARKK,2025-02-24,59.080002,57.779999
ARKK,2025-02-25,56,55.09
ARKK,2025-02-26,56.459999,55.959999
ARKK,2025-02-27,54.59,54.529999
ARKK,2025-02-28,55.639999,53.099998
ARKK,2025-03-03,53.09,52.599998
ARKK,2025-03-04,53.169998,50.23
ARKK,2025-03-05,54.700001,52.529999
ARKK,2025-03-06,52.139999,51.799999
ARKK,2025-03-07,52.450001,49.695
ARKK,2025-03-10,47.860001,47.200001
ARKK,2025-03-11,48.189999,47.009998
ARKK,2025-03-12,49.610001,48.380001
ARKK,2025-03-13,47.25,46.919998
ARKK,2025-03-14,49.189999,48.34
ARKK,2025-03-17,49.98,48.700001
ARKK,2025-03-18,48.240002,47.68
ARKK,2025-03-19,50.049999,48.709999
ARKK,2025-03-20,50.02,49.271999
ARKK,2025-03-21,51.5,48.98
ARKK,2025-03-24,54.18,52.700001
ARKK,2025-03-25,54.139999,53.389999
ARKK,2025-03-26,51.66,51.25
ARKK,2025-03-27,50.779999,50.717999
ARKK,2025-03-28,48.700001,48.41
ARKK,2025-03-31,47.580002,45.549999
ARKK,2025-04-01,47.799999,46.709999
ARKK,2025-04-02,49.150002,46.490002
ARKK,2025-04-03,45.119999,44.759998
ARKK,2025-04-04,41.939999,40.25
ARKK,2025-04-07,42.279999,38.569
ARKK,2025-04-08,40.509998,39.785
ARKK,2025-04-09,47.25,40.439999
ARKK,2025-04-10,44.529999,42.630001
ARKK,2025-04-11,45.889999,43.779999
ARKK,2025-04-14,46.259998,45.279999
ARKK,2025-04-15,46.549999,45.939999
ARKK,2025-04-16,45.080002,44.055
ARKK,2025-04-17,45.119999,44.555
ARKK,2025-04-21,44.439999,43.68
ARKK,2025-04-22,46.119999,44.98
ARKK,2025-04-23,47.950001,47.830002
ARKK,2025-04-24,49.990002,48.029999
ARKK,2025-04-25,51,49.68
ARKK,2025-04-28,51.240002,50.040001
ARKK,2025-04-29,51.529999,50.764999
ARKK,2025-04-30,50.84,49.029999
ARKK,2025-05-01,50.77,50.669998
ARKK,2025-05-02,51.900002,50.77
ARKK,2025-05-05,50.689999,50.599998
ARKK,2025-05-06,48.779999,48.529999
ARKK,2025-05-07,49.59,48.610001
ARKK,2025-05-08,51.470001,50.134998
ARKK,2025-05-09,51.349998,51.189999
ARKK,2025-05-12,54.48,53.290001
ARKK,2025-05-13,57.41,55.299999
ARKK,2025-05-14,57.560001,57.029999
ARKK,2025-05-15,56.73,55.759998
ARKK,2025-05-16,58.369999,57.220001
ARKK,2025-05-19,57.400002,56.549999
ARKK,2025-05-20,57.459999,56.865002
ARKK,2025-05-21,55.68,55.369999
ARKK,2025-05-22,56.380001,55.580002
ARKK,2025-05-23,56.07,55.02
ARKK,2025-05-27,58.049999,56.974998
ARKK,2025-05-28,56.98,56.939999
ARKK,2025-05-29,56.619999,56.349998
ARKK,2025-05-30,56.369999,55.220001
ARKK,2025-06-02,57.130001,55.77
ARKK,2025-06-03,57.939999,56.91
ARKK,2025-06-04,57.98,57.189999
ARKK,2025-06-05,56.360001,55.639999
ARKK,2025-06-06,61.130001,58.139999
ARKK,2025-06-09,62.41,61.224998
ARKK,2025-06-10,62.939999,61.98
ARKK,2025-06-11,63.529999,63.049999
ARKK,2025-06-12,62.02,61.84
ARKK,2025-06-13,62.189999,60.540001
ARKK,2025-06-16,64.93,63.715
ARKK,2025-06-17,63.91,63.455002
ARKK,2025-06-18,66.769997,63.650002
ARKK,2025-06-20,67.730003,66.580002
ARKK,2025-06-23,68.849998,66.639999
ARKK,2025-06-24,70.300003,69.150002
ARKK,2025-06-25,69.5,68.970001
ARKK,2025-06-26,71.029999,69.629997
ARKK,2025-06-27,69.839996,68.925003
ARKK,2025-06-30,70.290001,70.129997
ARKK,2025-07-01,68.940002,68.192001
ARKK,2025-07-02,70.580002,68.919998
ARKK,2025-07-03,71.089996,70.620003
ARKK,2025-07-07,70.440002,69.580002
ARKK,2025-07-08,70.900002,70.540001
ARKK,2025-07-09,72.370003,70.900002
ARKK,2025-07-10,73.559998,72.150002
ARKK,2025-07-11,72.290001,71.989998
ARKK,2025-07-14,73.650002,72.452003
ARKK,2025-07-15,72.589996,72.239998
ARKK,2025-07-16,75.25,73.199997
ARKK,2025-07-17,76.239998,75.269997
ARKK,2025-07-18,77.629997,76.959999
ARKK,2025-07-21,76.809998,76.800003
ARKK,2025-07-22,76.389999,74.529999
ARKK,2025-07-23,77.339996,75.959999
ARKK,2025-07-24,75.800003,75.489998
ARKK,2025-07-25,76.790001,75.650002
ARKK,2025-07-28,76.839996,76.639999
ARKK,2025-07-29,74.739998,74.379997
ARKK,2025-07-30,75.650002,74.75
ARKK,2025-07-31,75.330002,75.010002
ARKK,2025-08-01,71.160004,70.385002
ARKK,2025-08-04,73.589996,71.5
ARKK,2025-08-05,72.629997,72.300003
ARKK,2025-08-06,74.160004,72.540001
ARKK,2025-08-07,74.349998,73.264999
ARKK,2025-08-08,74.760002,74.18
ARKK,2025-08-11,75.230003,75.135002
ARKK,2025-08-12,76.779999,75.330002
ARKK,2025-08-13,77.910004,77.169998
ARKK,2025-08-14,77.050003,76.214996
ARKK,2025-08-15,77.010002,76.125
ARKK,2025-08-18,77.110001,75.849998
ARKK,2025-08-19,74.029999,73.940002
ARKK,2025-08-20,73.779999,71.279999
ARKK,2025-08-21,73.510002,72.769997
ARKK,2025-08-22,76.519997,73.199997
ARKK,2025-08-25,75.660004,75.285004
ARKK,2025-08-26,76.269997,75.400002
ARKK,2025-08-27,75.519997,75.190002
ARKK,2025-08-28,76.07,75.650002
ARKK,2025-08-29,74.959999,74.5
ARKK,2025-09-02,74.410004,72.43
ARKK,2025-09-03,74.790001,74.290001
ARKK,2025-09-04,75.019997,73.730003
ARKK,2025-09-05,75.370003,73.644997
ARKK,2025-09-08,76.129997,75.724998
ARKK,2025-09-09,76.589996,75.385002
ARKK,2025-09-10,75.559998,75.300003
ARKK,2025-09-11,78.300003,75.860001
ARKK,2025-09-12,78.57,77.834
ARKK,2025-09-15,79.720001,79.010002
ARKK,2025-09-16,81.029999,79.269997
ARKK,2025-09-17,80.669998,78.870003
ARKK,2025-09-18,83.160004,81.605003
ARKK,2025-09-19,84.959999,84.18
ARKK,2025-09-22,84.690002,84.070999
ARKK,2025-09-23,83.580002,83.18
ARKK,2025-09-24,83.459999,82.949997
ARKK,2025-09-25,81.629997,80.010002
ARKK,2025-09-26,83.099998,81.110001
ARKK,2025-09-29,86.169998,83.800003
ARKK,2025-09-30,86.300003,84.879997
ARKK,2025-10-01,86.919998,85.485001
ARKK,2025-10-02,89.220001,87.260002
ARKK,2025-10-03,88.32,87.190002
ARKK,2025-10-06,91.589996,89.699997
ARKK,2025-10-07,89.110001,88.489998
ARKK,2025-10-08,92.529999,88.82
ARKK,2025-10-09,91.660004,90.779999
ARKK,2025-10-10,86.519997,86.209999
ARKK,2025-10-13,87.769997,86.629997
ARKK,2025-10-14,86.860001,83.861
ARKK,2025-10-15,89.300003,86.940002
ARKK,2025-10-16,86.68,86.309998
ARKK,2025-10-17,86.239998,84.779999
ARKK,2025-10-20,90.010002,87.860001
ARKK,2025-10-21,88.650002,88.5
ARKK,2025-10-22,85.349998,83.57
ARKK,2025-10-23,87.93,85.339996
ARKK,2025-10-24,89.330002,88.940002
ARKK,2025-10-27,90.25,89.099998
ARKK,2025-10-28,89.279999,89.279999
ARKK,2025-10-29,89.230003,88.07
ARKK,2025-10-30,85.68,85.68
ARKK,2025-10-31,88.980003,87.209999
ARKK,2025-11-03,88.190002,86.849998
ARKK,2025-11-04,83.5,83.5
ARKK,2025-11-05,84.989998,83.040001
ARKK,2025-11-06,80.919998,80.540001
ARKK,2025-11-07,80.75,77.389999
ARKK,2025-11-10,82.839996,82.199997
ARKK,2025-11-11,82.050003,81.349998
^FTAI,2019-06-10,943.38,938.94
^FTAI,2019-06-11,945.28998,942.57001
^FTAI,2019-06-12,944.31,942.39001
^FTAI,2019-06-13,938.96997,938.89001
^FTAI,2019-06-14,937.21002,936.02002
^FTAI,2019-06-17,937.46002,935.25
^FTAI,2019-06-18,938.09003,934.88
^FTAI,2019-06-19,932.06,932.06
^FTAI,2019-06-20,933.39001,933.19
^FTAI,2019-06-21,933.07001,929.52002
^FTAI,2019-06-24,929.51001,929.27002
^FTAI,2019-06-25,924.96997,924.70001
^FTAI,2019-06-26,924,924
^FTAI,2019-06-27,923.60999,923.34003
^FTAI,2019-06-28,919.33002,916.90997
^FTAI,2019-07-01,917.60999,915.26001
^FTAI,2019-07-02,920.53003,918
^FTAI,2019-07-03,924.27002,920.21997
^FTAI,2019-07-04,917.28998,916.76001
^FTAI,2019-07-05,916.82001,914.65002
^FTAI,2019-07-08,911.08002,910
^FTAI,2019-07-09,908.54999,905.41998
^FTAI,2019-07-10,914.72998,907.67999
^FTAI,2019-07-11,917.51001,912.88
^FTAI,2019-07-12,917.19,915.27002
^FTAI,2019-07-15,919.28998,917.27002
^FTAI,2019-07-16,919.77002,918.22998
^FTAI,2019-07-17,918.56,917.71997
^FTAI,2019-07-18,910.75,910.75
^FTAI,2019-07-19,914.23999,911.48999
^FTAI,2019-07-22,916.21002,911.94
^FTAI,2019-07-23,920.56,915.02002
^FTAI,2019-07-24,925.87,919.23999
^FTAI,2019-07-25,926.04999,925.32001
^FTAI,2019-07-26,928.21002,925.46002
^FTAI,2019-07-29,929.91998,926.85999
^FTAI,2019-07-30,932.35999,928.08002
^FTAI,2019-07-31,931.46002,930.92999
^FTAI,2019-08-01,931.77002,929.20001
^FTAI,2019-08-02,921.34003,921.34003
^FTAI,2019-08-05,907.25,906.91998
^FTAI,2019-08-06,896.10999,894.96002
^FTAI,2019-08-07,876.37,869.73999
^FTAI,2019-08-08,884.94,876.72998
^FTAI,2019-08-09,886.02002,884.15997
^FTAI,2019-08-12,876.59998,876.59998
^FTAI,2019-08-13,876.98999,872.33002
^FTAI,2019-08-14,865.28998,865.03998
^FTAI,2019-08-15,858.88,853.46002
^FTAI,2019-08-16,859.97998,857.57001
^FTAI,2019-08-19,864.40997,859.57001
^FTAI,2019-08-20,865.70001,863.28998
^FTAI,2019-08-21,871.48999,865.51001
^FTAI,2019-08-22,869.09003,867.83002
^FTAI,2019-08-23,871.41998,869.73999
^FTAI,2019-08-27,870.19,867.90002
^FTAI,2019-08-28,869.10999,865.94
^FTAI,2019-08-29,870.53003,868.71997
^FTAI,2019-08-30,871.57001,869.44
^FTAI,2019-09-02,873.59998,870.96002
^FTAI,2019-09-03,873.53003,872.47998
^FTAI,2019-09-04,878.01001,872.66998
^FTAI,2019-09-05,880.25,878.63
^FTAI,2019-09-06,881.98999,878.85999
^FTAI,2019-09-09,877.62,876.75
^FTAI,2019-09-10,875.40002,874.41998
^FTAI,2019-09-11,880.27002,876.06
^FTAI,2019-09-12,880.5,878.90002
^FTAI,2019-09-13,886.06,880.03998
^FTAI,2019-09-16,887.15997,882.97998
^FTAI,2019-09-17,884.48999,880.78003
^FTAI,2019-09-18,884.5,882.16998
^FTAI,2019-09-19,885.76001,884.45001
^FTAI,2019-09-20,886.47998,885.09003
^FTAI,2019-09-23,885.03998,884.95001
^FTAI,2019-09-24,881.09998,880.47998
^FTAI,2019-09-25,874.69,872.94
^FTAI,2019-09-26,871.22998,870.96002
^FTAI,2019-09-27,872.70001,870.54999
^FTAI,2019-09-30,872.96997,870.57001
^FTAI,2019-10-01,874.97998,871.90997
^FTAI,2019-10-02,866.47998,865.83002
^FTAI,2019-10-03,858.28003,856.37
^FTAI,2019-10-04,863.29999,857.57001
^FTAI,2019-10-07,863.06,860.44
^FTAI,2019-10-08,857.33002,856.89001
^FTAI,2019-10-09,856.5,856.03003
^FTAI,2019-10-10,856.28003,852.58002
^FTAI,2019-10-11,869.28003,857.01001
^FTAI,2019-10-14,870.45001,865.73999
^FTAI,2019-10-15,871.83002,868.07001
^FTAI,2019-10-16,879.60999,871.5
^FTAI,2019-10-17,882.64001,878.90997
^FTAI,2019-10-18,880.72998,879.66998
^FTAI,2019-10-21,885.19,880.90997
^FTAI,2019-10-22,884.15002,883.59998
^FTAI,2019-10-23,886.02002,883.02002
^FTAI,2019-10-24,892.79999,885.84003
^FTAI,2019-10-25,890.91998,889.39001
^FTAI,2019-10-28,892.31,890.46997
^FTAI,2019-10-29,890.31,889.87
^FTAI,2019-10-30,889.79999,886.22998
^FTAI,2019-10-31,889.53998,887.95001
^FTAI,2019-11-01,890.70001,888.64001
^FTAI,2019-11-04,889.32001,888.34003
^FTAI,2019-11-05,890.90002,888.57001
^FTAI,2019-11-06,890.84998,888.87
^FTAI,2019-11-07,894,890.12
^FTAI,2019-11-08,891.91998,891.63
^FTAI,2019-11-11,891.01001,888.65002
^FTAI,2019-11-12,890.19,889.25
^FTAI,2019-11-13,884.88,884.88
^FTAI,2019-11-14,888.07001,885.23999
^FTAI,2019-11-15,892.29999,888.28998
^FTAI,2019-11-18,894.09998,892.23999
^FTAI,2019-11-19,896.78998,893.73999
^FTAI,2019-11-20,899.32001,893.34003
^FTAI,2019-11-21,902.21002,898.16998
^FTAI,2019-11-22,906.90002,901.62
^FTAI,2019-11-25,909.41998,906.48999
^FTAI,2019-11-26,915.63,908.21002
^FTAI,2019-11-27,920.09003,914.28998
^FTAI,2019-11-28,923.81,918.52002
^FTAI,2019-11-29,922.47998,921.02002
^FTAI,2019-12-02,911.56,911.56
^FTAI,2019-12-03,906.33002,906.33002
^FTAI,2019-12-04,907.48999,904.66998
^FTAI,2019-12-05,906.04999,905.10999
^FTAI,2019-12-06,908.39001,905.10999
^FTAI,2019-12-09,905.51001,904.20001
^FTAI,2019-12-10,900.77002,899.15002
^FTAI,2019-12-11,895,895
^FTAI,2019-12-12,899.33002,895.29999
^FTAI,2019-12-13,917.71002,900.46002
^FTAI,2019-12-16,929.45001,918.85999
^FTAI,2019-12-17,927.98999,925.5
^FTAI,2019-12-18,935.22998,925.66998
^FTAI,2019-12-19,938.27002,933.32001
^FTAI,2019-12-20,940.92999,938.83002
^FTAI,2019-12-23,946.90997,939.07001
^FTAI,2019-12-24,950.27002,944.79999
^FTAI,2019-12-27,954.16998,950.02002
^FTAI,2019-12-30,958.01001,954.07001
^FTAI,2019-12-31,958.26001,957.03003
^FTAI,2020-01-02,963.40997,958.97998
^FTAI,2020-01-03,964.07001,960.32001
^FTAI,2020-01-06,960.67999,956.92999
^FTAI,2020-01-07,957.92999,957.66998
^FTAI,2020-01-08,958.03998,956.53998
^FTAI,2020-01-09,963.01001,958.40997
^FTAI,2020-01-10,961.65002,961.65002
^FTAI,2020-01-13,966.39001,961.79999
^FTAI,2020-01-14,969.73999,964.91998
^FTAI,2020-01-15,970.95001,968.28003
^FTAI,2020-01-16,970.04999,968.62
^FTAI,2020-01-17,974.84998,970.28003
^FTAI,2020-01-20,963.40002,963.40002
^FTAI,2020-01-21,962.09998,960.82001
^FTAI,2020-01-22,968.15997,962.41998
^FTAI,2020-01-23,963.33002,962.33002
^FTAI,2020-01-24,965.90997,964.32001
^FTAI,2020-01-27,953.03003,952.25
^FTAI,2020-01-28,953.34003,948.82001
^FTAI,2020-01-29,958.32001,952.25
^FTAI,2020-01-30,951.40997,950.29999
^FTAI,2020-01-31,950.98999,950.40002
^FTAI,2020-02-03,951.38,948.73999
^FTAI,2020-02-04,960.37,950.64001
^FTAI,2020-02-05,960.72998,960.38
^FTAI,2020-02-06,964,959.63
^FTAI,2020-02-07,961.94,961.53003
^FTAI,2020-02-10,961.53003,959.90002
^FTAI,2020-02-11,969.91998,960.58002
^FTAI,2020-02-12,969.46997,968.40002
^FTAI,2020-02-13,965.97998,962.54999
^FTAI,2020-02-14,965.71002,964.02002
^FTAI,2020-02-17,968.96002,965.76001
^FTAI,2020-02-18,964.53998,963.69
^FTAI,2020-02-19,973.26001,965.84003
^FTAI,2020-02-20,975.17999,974.09003
^FTAI,2020-02-21,972.62,971.63
^FTAI,2020-02-24,942.94,942.94
^FTAI,2020-02-25,929.82001,929.62
^FTAI,2020-02-26,911.15997,901.96002
^FTAI,2020-02-27,886.96002,882.09003
^FTAI,2020-02-28,856.64001,845.65997
^FTAI,2020-03-02,861.44,855.84998
^FTAI,2020-03-03,882.96002,862.76001
^FTAI,2020-03-04,885.84998,881.51001
^FTAI,2020-03-05,875.83002,874.5
^FTAI,2020-03-06,850.94,847.40002
^FTAI,2020-03-09,800.90002,794.33002
^FTAI,2020-03-10,806.15002,803.98999
^FTAI,2020-03-11,797.65997,797.65997
^FTAI,2020-03-12,735.09003,735.09003
^FTAI,2020-03-13,741.28003,736.98999
^FTAI,2020-03-16,663.40002,649.63
^FTAI,2020-03-17,625.73999,620.34003
^FTAI,2020-03-18,589.63,589.63
^FTAI,2020-03-19,589.90002,581.09998
^FTAI,2020-03-20,623.58002,593.16998
^FTAI,2020-03-23,596.35999,592.07001
^FTAI,2020-03-24,631.78998,596.84998
^FTAI,2020-03-25,661.98999,632.21002
^FTAI,2020-03-26,678.75,657.32001
^FTAI,2020-03-27,664.19,662.89001
^FTAI,2020-03-30,663.78998,653
^FTAI,2020-03-31,682.28998,666.53003
^FTAI,2020-04-01,666.10999,664.25
^FTAI,2020-04-02,664.96997,662.58002
^FTAI,2020-04-03,659.25,658.14001
^FTAI,2020-04-06,680.40997,660.70001
^FTAI,2020-04-07,712.35999,679.06
^FTAI,2020-04-08,727.58002,709.64001
^FTAI,2020-04-09,745.60999,729.08002
^FTAI,2020-04-14,754.28998,745.79999
^FTAI,2020-04-15,733.94,733.42999
^FTAI,2020-04-16,743.34998,734.83002
^FTAI,2020-04-17,759.27002,744.12
^FTAI,2020-04-20,763.75,759.87
^FTAI,2020-04-21,753.08002,753.08002
^FTAI,2020-04-22,765.89001,753.28003
^FTAI,2020-04-23,775.27002,765.26001
^FTAI,2020-04-24,782.15002,772.94
^FTAI,2020-04-27,794.95001,781.85999
^FTAI,2020-04-28,804.96002,795.76001
^FTAI,2020-04-29,813.5,803.81
^FTAI,2020-04-30,810.34003,809.39001
^FTAI,2020-05-01,797.65002,795.67999
^FTAI,2020-05-04,799.72998,794.98999
^FTAI,2020-05-05,802.41998,799.14001
^FTAI,2020-05-06,807.71997,802.16998
^FTAI,2020-05-07,815.10999,809.71997
^FTAI,2020-05-11,826.62,815.5
^FTAI,2020-05-12,824.56,822.65997
^FTAI,2020-05-13,819.77002,819.45001
^FTAI,2020-05-14,800.66998,798.15997
^FTAI,2020-05-15,808.79999,802.35999
^FTAI,2020-05-18,825.72998,810.71997
^FTAI,2020-05-19,826.75,824.34003
^FTAI,2020-05-20,835.37,828.46002
^FTAI,2020-05-21,839.25,833.10999
^FTAI,2020-05-22,843.16998,834.39001
^FTAI,2020-05-26,854.23999,844.40997
^FTAI,2020-05-27,852.21997,851.59003
^FTAI,2020-05-28,875.35999,852.79999
^FTAI,2020-05-29,875.33002,870.07001
^FTAI,2020-06-01,883.20001,877.54999
^FTAI,2020-06-02,891.35999,883.78003
^FTAI,2020-06-03,895.17999,891.45001
^FTAI,2020-06-04,896.78003,892.09998
^FTAI,2020-06-05,903.77002,897.72998
^FTAI,2020-06-08,892.89001,891.44
^FTAI,2020-06-09,883.48999,882.28998
^FTAI,2020-06-10,887.21997,883.06
^FTAI,2020-06-11,865.60999,865.60999
^FTAI,2020-06-12,866.98999,857.96997
^FTAI,2020-06-15,862.85999,856.81
^FTAI,2020-06-16,877.03998,865.71002
^FTAI,2020-06-17,887.38,877.88
^FTAI,2020-06-18,887.83002,886.47998
^FTAI,2020-06-19,890.39001,887.28998
^FTAI,2020-06-22,890.71002,890.71002
^FTAI,2020-06-23,896.46002,891.53003
^FTAI,2020-06-24,886.34998,886.34998
^FTAI,2020-06-25,883.28998,881.01001
^FTAI,2020-06-26,883.14001,883.14001
^FTAI,2020-06-29,883.12,881.34003
^FTAI,2020-06-30,883.75,879.42999
^FTAI,2020-07-01,883.14001,877.04999
^FTAI,2020-07-02,891.85999,883.08002
^FTAI,2020-07-03,893.21997,892.28003
^FTAI,2020-07-06,890.76001,885.28003
^FTAI,2020-07-07,883.07001,882.72998
^FTAI,2020-07-08,874.17999,871.54999
^FTAI,2020-07-09,880.23999,876.17999
^FTAI,2020-07-10,882.33002,878.84003
^FTAI,2020-07-13,881.14001,878.04999
^FTAI,2020-07-14,866.54999,865.15997
^FTAI,2020-07-15,875.46997,867.84003
^FTAI,2020-07-16,875.40002,873.16998
^FTAI,2020-07-17,877.70001,874.03998
^FTAI,2020-07-20,886.10999,879.90997
^FTAI,2020-07-21,892.44,886.10999
^FTAI,2020-07-22,888.96997,887.58002
^FTAI,2020-07-23,890.5,885.98999
^FTAI,2020-07-24,883.76001,883.34998
^FTAI,2020-07-27,889.25,882.42999
^FTAI,2020-07-28,891.34003,888.21002
^FTAI,2020-07-29,896.02002,888.72998
^FTAI,2020-07-30,882.13,878.98999
^FTAI,2020-07-31,885.02002,882.97998
^FTAI,2020-08-03,892.81,884.5
^FTAI,2020-08-04,894.54999,889.21002
^FTAI,2020-08-05,911.14001,895.21002
^FTAI,2020-08-06,917.29999,910.25
^FTAI,2020-08-07,932.91998,916.19
^FTAI,2020-08-10,938.28003,933.17999
^FTAI,2020-08-11,945.89001,939.15002
^FTAI,2020-08-12,954.84003,944.78998
^FTAI,2020-08-13,956.79999,954.03003
^FTAI,2020-08-14,948.14001,947.67999
^FTAI,2020-08-17,959.56,948.83002
^FTAI,2020-08-18,960.04999,958.44
^FTAI,2020-08-19,960.42999,957.73999
^FTAI,2020-08-20,957.46002,956.40997
^FTAI,2020-08-21,956.96002,951
^FTAI,2020-08-24,960.96002,956.60999
^FTAI,2020-08-25,961.48999,959.48999
^FTAI,2020-08-26,965.71997,960.14001
^FTAI,2020-08-27,963.34003,962.09998
^FTAI,2020-08-28,964.03998,960.42999
^FTAI,2020-09-01,964.71997,964.45001
^FTAI,2020-09-02,968.08002,965.70001
^FTAI,2020-09-03,953.56,953.56
^FTAI,2020-09-04,946.81,944.91998
^FTAI,2020-09-07,957.94,946.16998
^FTAI,2020-09-08,952.77002,945.84998
^FTAI,2020-09-09,952.32001,946.53003
